DAY,O3,CO,NO,NO2,SO2,T_mean,T_max,T_min,RH_mean,RH_max,RH_min,Prs_mean,Prs_max,Prs_min,Ac_R,WS_mean,DWD,WG
1-Jan-18,17,1.81,199,35,7,11.7,17.1,5.3,66.7,80,44,1018.1,1021.6,1013.3,0,1.9,SW,24.1
2-Jan-18,30,0.44,37,28,4,14.2,17.7,10.6,68.1,84,47,1010.3,1013.3,1006.7,2.4,2.7,WSW,27.4
3-Jan-18,16,0.92,96,36,5,11.5,15.1,8.4,69.4,88,49,1009.4,1011.3,1006.5,0,1.3,W,25.7
4-Jan-18,25,0.55,59,30,5,10.1,12.1,7.8,71.7,88,55,1006.5,1012.3,1003.1,12.4,3.7,WSW,29
5-Jan-18,18,1.2,159,44,8,10.6,15.1,6.7,63.1,83,41,1015.4,1019.1,1010.9,0,0.8,W,16.1
6-Jan-18,15,1.64,231,48,8,11,15.9,6.2,78.2,88,64,1021.5,1024.1,1019,0,0.6,WSW,12.9
7-Jan-18,14,1.37,168,45,6,13.7,17.2,9.5,83.9,88,76,1027.6,1030.3,1024.3,0,0.7,WSW,14.5
8-Jan-18,15,0.77,78,37,5,14.9,17,13.6,84.8,89,70,1030.9,1032.8,1029.9,0,1,SSW,16.1
9-Jan-18,13,0.77,75,31,5,14.1,17.3,11.5,80.6,92,65,1029.8,1031.5,1027.5,0,1.7,SSW,17.7
10-Jan-18,10,0.65,45,29,5,13.1,15.1,11.7,76.6,84,68,1019.9,1027.6,1012.3,0.6,2.3,E,17.7
11-Jan-18,13,0.65,55,30,5,13.1,15.7,11.3,83.7,90,72,1011.7,1013.9,1010.3,1.8,1,N,16.1
12-Jan-18,19,0.71,69,34,6,13.2,16.7,9.7,77.8,92,54,1015.9,1017.7,1013.7,7.6,3,NW,24.1
13-Jan-18,25,0.54,47,30,4,11.6,14.2,9.8,81,91,66,1012.8,1016.6,1010.7,21,5.9,NNE,40.2
14-Jan-18,30,0.38,36,19,4,8.8,10.2,7.4,73.5,78,68,1024.1,1028.7,1016.8,0,12.7,NNE,45.1
15-Jan-18,22,0.57,44,27,4,10.6,12.9,7.7,73.8,82,63,1027.1,1029.5,1023.5,0,1.8,N,14.5
16-Jan-18,18,1.08,129,38,6,12.7,16.7,9.3,75.5,90,58,1018.8,1023.4,1014.7,0,1.6,WSW,17.7
17-Jan-18,34,0.43,39,27,5,14.3,16.7,10.4,70.2,84,57,1006.8,1014.7,998,0,3.5,SSW,54.7
18-Jan-18,53,0.26,13,12,4,10.6,14.8,6.7,44.7,74,28,1010.1,1018.5,999.6,0.8,7.8,W,51.5
19-Jan-18,22,0.73,77,27,7,11,15.8,4.7,53.3,80,35,1017.5,1019,1016.4,0,2.6,W,37
20-Jan-18,33,0.54,45,22,4,14.1,16.8,10.7,76.1,86,57,1014.9,1016.9,1013.1,0,3.5,SW,24.1
21-Jan-18,43,0.37,23,15,2,14.4,16.3,11.6,77.5,83,68,1007.2,1013.7,999.3,0,4.2,S,32.2
22-Jan-18,30,0.41,26,15,3,10.4,11.9,7.9,65,90,49,1004.7,1013.1,998,2.6,3,WSW,38.6
23-Jan-18,24,0.61,52,20,3,8.3,11.6,5.3,70,83,56,1019.2,1024,1013.3,1.8,6.2,N,29
24-Jan-18,46,0.4,33,13,2,6.9,8.4,5.3,57,76,47,1027.8,1030.7,1023.9,0.2,15.8,N,66
25-Jan-18,37,0.49,42,19,2,6.6,8.9,5.1,53.8,62,43,1028.5,1030.3,1026.7,0,8.1,N,38.6
26-Jan-18,27,0.63,58,25,2,7.7,11.9,3.7,59.3,73,45,1026.7,1028.8,1025.1,0,3.1,N,29
27-Jan-18,22,0.62,61,27,2,8.5,13.3,3.5,68,81,54,1030.6,1032.4,1028.8,0,1.7,W,24.1
28-Jan-18,17,1.17,153,31,6,9.4,15.7,4.4,72.2,85,51,1031.6,1033,1030.4,0,0.7,W,14.5
29-Jan-18,10,1.76,247,35,14,9.7,15.9,4.6,75.5,88,52,1029.6,1031.5,1027.3,0,0.7,SSW,12.9
30-Jan-18,10,1.79,252,33,10,11,17.3,5.6,75.6,90,52,1025.1,1027.3,1023.1,0.2,1.1,SSW,17.7
31-Jan-18,12,1.71,227,34,12,11.6,17.3,6.5,77.3,89,54,1024.2,1025.8,1022.2,0,0.8,SSW,14.5
1-Feb-18,20,0.98,88,29,7,12.1,16.3,8.1,78.4,90,59,1020.8,1022.2,1019.3,0.2,1.3,SSW,17.7
2-Feb-18,22,0.71,67,23,4,13.6,15.3,10.3,80.5,88,74,1020.9,1022.2,1019.8,0,4.1,S,33.8
3-Feb-18,40,0.34,27,13,2,14.7,16.7,12.3,81.3,88,75,1017.3,1020.2,1013.7,3,7.5,S,38.6
4-Feb-18,51,0.35,17,11,3,15.3,18.9,10.4,71.7,85,56,1013.2,1016.8,1010.7,0,4.7,S,30.6
5-Feb-18,19,0.88,80,21,4,12.6,16.8,9.2,66.7,85,53,1019.5,1021.1,1016.8,0,6.1,NNE,27.4
6-Feb-18,42,0.47,24,15,3,12.6,15.9,10.6,60.3,69,47,1021.7,1022.9,1020.6,0,5.3,NNE,25.7
7-Feb-18,23,0.81,61,25,4,14,17.2,9.7,72.3,88,59,1017.5,1021.1,1013.2,0,1.9,N,24.1
8-Feb-18,39,0.43,24,18,3,15.1,18.4,12.7,63.1,90,43,1015.1,1016.6,1012.7,0,3,WSW,27.4
9-Feb-18,20,0.65,57,26,7,14.1,17.1,11,68.6,78,55,1014.6,1016.7,1011.8,0.2,0.8,WSW,12.9
10-Feb-18,33,0.53,43,19,3,13.2,14.6,11.1,83.3,88,79,1002.2,1011.7,994.7,11.8,6.2,NNE,38.6
11-Feb-18,59,0.25,11,8,2,13.8,17,10.4,66.6,84,56,1004.2,1011,995.7,0,5.2,W,37
12-Feb-18,42,0.45,30,17,4,12.2,16.2,7.7,58.1,82,37,1012.6,1015,1010.9,0,2,WSW,22.5
13-Feb-18,35,0.57,47,22,5,12.2,14.7,7.7,69.7,87,54,1014.1,1016.8,1009.9,3,3.2,WSW,32.2
14-Feb-18,46,0.41,25,16,4,12.2,15.4,8.8,61.9,88,50,1012.4,1015.2,1007.8,0,3.8,W,30.6
15-Feb-18,21,0.69,61,26,3,9.6,11.6,6.9,82.2,90,67,1010.7,1014.8,1007.9,21.8,2.4,NNW,22.5
16-Feb-18,20,0.7,51,21,3,9.7,13.3,6.9,75.9,87,65,1020,1023.4,1014.8,1.4,4.2,NNW,33.8
17-Feb-18,20,0.9,92,27,3,11.3,15.8,6.3,71.7,86,56,1022.8,1024.1,1021.8,0,2.8,NNE,25.7
18-Feb-18,24,0.81,78,27,5,11.7,15.9,6.3,72,88,45,1019.1,1022.5,1016.3,0,1.7,NNE,14.5
19-Feb-18,35,0.48,30,17,2,11.9,14.5,10.7,72.3,77,63,1015.4,1016.3,1014.5,0,5.6,N,25.7
20-Feb-18,32,0.53,30,17,2,11,12.9,9.3,78.2,86,68,1012.2,1014.5,1009.7,3,6.5,NNE,27.4
21-Feb-18,16,0.85,63,23,4,13.2,16.4,10.7,79.1,87,66,1007.7,1009.6,1006.1,0,2,N,17.7
22-Feb-18,22,0.9,80,22,4,13.6,16.6,10.6,78.9,91,61,1009.2,1011,1007.2,0,2.3,S,24.1
23-Feb-18,18,0.82,63,22,4,13.6,17.8,10.4,75,87,61,1011,1012,1010.1,0,4.6,NNE,19.3
24-Feb-18,37,0.43,26,15,3,12.8,17,9.5,73.6,90,52,1007.2,1010.1,1005,16.2,4.8,WNW,33.8
25-Feb-18,33,0.43,24,13,2,11.3,12.9,10.4,73.7,79,67,1008.8,1011.2,1003.8,0.4,6.3,NE,27.4
26-Feb-18,50,0.35,22,15,3,12.1,15.7,9.6,72.9,89,57,1000.4,1003.5,998.4,12.2,4.2,WSW,41.8
27-Feb-18,41,0.64,51,16,5,13,16.4,7.2,69.4,88,48,1005.8,1007.8,1003,5.4,5.4,WSW,41.8
28-Feb-18,58,0.33,17,14,5,12.3,15.4,7.1,58.9,90,37,1011.4,1018.8,1004.3,1.4,4.9,W,38.6
1-Mar-18,39,0.55,44,20,5,11.1,14.3,6.8,60.9,76,47,1018.7,1021,1015.8,0,2.7,WNW,20.9
2-Mar-18,54,0.48,0,0,3,14.8,16.1,12.8,80,86,70,1009.3,1015.6,1004.5,1.2,4.7,S,29
3-Mar-18,35,0.58,0,0,10,16.7,21,12.3,64.8,91,45,1005.9,1007.3,1004.2,0.2,2.6,SSW,20.9
4-Mar-18,28,0.73,0,0,10,16.5,20.3,12.6,65.5,79,47,1005.1,1006.4,1003.7,0,2.3,SW,22.5
5-Mar-18,19,0.95,0,0,5,16.7,20.3,12.2,74.3,88,60,1001.9,1006.3,998.8,0,3.7,NE,29
6-Mar-18,46,0.45,0,0,4,16.9,20.8,13.6,71.1,90,52,1005.6,1007.8,1002.1,0.8,5.7,S,32.2
7-Mar-18,56,0.39,0,0,5,18.2,22.6,13.6,57.5,86,41,1006.8,1008.6,1004.3,0,3.2,WSW,27.4
8-Mar-18,64,0.29,0,0,4,15.4,18.6,12,57.1,72,44,1009.5,1015.5,1006.2,0,6.9,W,53.1
9-Mar-18,34,0.53,0,0,10,14.7,18.9,10.6,50.8,67,34,1017.2,1018.4,1015.2,0,1.6,SSW,16.1
10-Mar-18,34,0.81,0,0,9,14.2,19.2,9.7,58.7,76,37,1018.1,1019.4,1017.1,0,2,SSW,17.7
11-Mar-18,38,0.66,0,0,7,14.9,19.7,10.1,67.1,84,49,1015.8,1017.1,1014.5,0,2,SSW,24.1
12-Mar-18,37,0.51,0,0,5,15.6,19.3,11.2,78.2,88,60,1012.9,1016,1008.7,0,4.8,SSW,38.6
13-Mar-18,64,0.28,0,0,2,16.9,20.9,14.2,56.8,87,43,1010.8,1013,1008.5,0,5.8,W,37
14-Mar-18,65,0.28,0,0,2,16.1,20.6,13.1,57.2,77,38,1011.7,1013,1010.6,0,5,WSW,30.6
15-Mar-18,55,0.36,0,0,3,16,20.6,11.5,53.7,74,30,1013.1,1015.4,1011.2,0,3.3,SW,27.4
16-Mar-18,24,0.66,0,0,6,15.1,18.7,10.7,62.9,82,47,1014.3,1015.4,1013.2,0,1.7,S,19.3
17-Mar-18,38,0.68,0,0,4,17.9,22.1,13.3,63.9,83,40,1010,1013.5,1004.8,0,4.3,SSW,40.2
18-Mar-18,50,0.4,0,0,3,18.3,20.8,13.5,63.4,77,48,1003.8,1006.3,1002,0.2,5.4,SW,43.5
19-Mar-18,52,0.38,0,0,3,15.7,19.7,12.4,67,86,48,1005.1,1007.3,1002.4,5.8,5.1,SW,38.6
20-Mar-18,58,0.38,0,0,4,15.2,19.1,11.2,62.4,77,43,1011,1015.6,1005,0,3.8,SSW,25.7
21-Mar-18,38,0.57,0,0,3,15.1,17.7,10.4,71.2,82,56,1014.9,1016.5,1012.3,0,5.6,SSE,38.6
22-Mar-18,45,0.65,0,0,2,17.6,19.8,15.3,68.1,87,45,1003.9,1012.2,998.2,2,6.9,NE,30.6
23-Mar-18,66,0.29,0,0,3,15.3,18.9,12.4,57.6,82,42,998.9,1000.7,997.5,0,6.1,WSW,37
24-Mar-18,66,0.32,0,0,3,13.3,16.8,10.8,64.3,74,44,1003,1009.6,998.1,0,4.3,WSW,27.4
25-Mar-18,67,0.28,0,0,3,14.6,17.4,9.9,65,78,51,1011.9,1014.5,1009.7,0,5.5,W,35.4
26-Mar-18,62,0.35,0,0,2,17.1,20.3,13.4,63.2,80,43,1010.2,1012.3,1008.1,0,4.5,SSW,27.4
27-Mar-18,45,0.4,0,0,4,15.6,19.3,11.1,62.1,78,49,1012.4,1013.7,1011.4,0,2.3,WSW,22.5
28-Mar-18,32,0.55,24,49,6,14.4,17.8,11.6,64.9,75,50,1009.2,1011.8,1007.4,1,2.8,WSW,22.5
29-Mar-18,68,0,16,39,2,14.8,19.9,11,53.1,76,27,1014.1,1018.9,1009.2,0,3.8,SSW,29
30-Mar-18,56,0,41,58,5,15.1,20.2,9.8,68.3,86,48,1019.8,1020.9,1018.5,0,2.1,SSW,17.7
31-Mar-18,39,0,40,56,3,15.6,18.5,11.8,77.3,86,66,1017.5,1020.4,1013.1,0,3.7,SSW,30.6
1-Apr-18,79,0,12,21,2,17.8,22.9,13.8,58.6,81,39,1008.9,1012.9,1005.8,0,10.3,S,53.1
2-Apr-18,68,0,15,39,3,16.3,20.7,11.9,53.5,69,35,1016.9,1020.8,1012.7,0,3.4,S,25.7
3-Apr-18,39,0.45,61,67,5,16.4,21.4,11,55.8,72,34,1022.4,1023.4,1020.5,0,2.3,SSW,24.1
4-Apr-18,41,0.79,69,74,11,16.8,22.4,11.4,53.3,68,39,1020.6,1022.6,1017.7,0,1.8,SSW,17.7
5-Apr-18,39,0.82,68,78,12,17.7,23.7,11.4,54,68,38,1013.9,1017.6,1009.4,0,1.8,SW,19.3
6-Apr-18,58,0.48,20,52,7,17.6,21.5,14.3,63.5,80,52,1008.8,1010.4,1007,0,3.5,NNE,25.7
7-Apr-18,50,0.38,21,45,3,16.6,18.1,14.1,57.5,82,42,1014.4,1016.5,1010.2,1.8,4.4,N,37
8-Apr-18,78,0.25,13,28,2,19.6,23.9,15.6,40.2,51,28,1015.9,1017.3,1014.8,0,7.2,NNE,35.4
9-Apr-18,88,0.25,9,31,3,18.7,24.2,13.2,46.9,79,29,1015.9,1017.3,1014.5,0,2.7,NNE,32.2
10-Apr-18,48,0.49,33,61,7,17.5,22.1,12.5,62.9,80,44,1013.7,1015,1011.8,0,1.7,SSW,17.7
11-Apr-18,30,0.69,47,70,8,17.2,21.2,14.1,66.2,77,51,1011.7,1013.1,1010.3,0,0.9,SW,14.5
12-Apr-18,30,0.71,59,76,8,18.4,24.3,12.8,65.6,83,46,1012,1013.3,1010.9,0,1.6,SSW,22.5
13-Apr-18,41,0.69,51,69,9,19.7,24.8,14.4,64.2,81,48,1014.5,1016.7,1012.3,0,1.7,SSW,19.3
14-Apr-18,49,0.75,50,71,12,21.3,28.6,15.4,61.1,80,34,1018,1019.5,1016,0,2.3,SW,22.5
15-Apr-18,60,0.41,19,52,11,22.8,26,20.3,46.9,61,36,1017.2,1018.9,1014.8,0,5.6,NNE,29
16-Apr-18,42,0.53,24,59,7,20.4,23.7,17.1,57.7,68,45,1014.3,1016,1012.4,0,2.3,S,20.9
17-Apr-18,57,0.42,21,50,10,18.9,22.6,14.7,64.3,81,50,1017,1019.4,1015,0,2.2,SW,20.9
18-Apr-18,56,0.6,32,57,6,19.8,24.7,15.6,62.3,81,43,1020.8,1021.9,1018.9,0,2.8,SSW,27.4
19-Apr-18,49,0.6,26,59,3,20.7,25.2,15.6,46,61,37,1020.4,1022.3,1017.7,0,6.9,N,41.8
20-Apr-18,48,0.58,37,55,7,19.8,25.9,15.9,52.1,62,37,1016.8,1020.7,1014.9,0,9.2,N,48.3
21-Apr-18,68,0.41,21,41,2,17.9,21.3,14.7,44.7,64,35,1020.4,1021.7,1019.2,0,9.4,N,37
22-Apr-18,68,0.45,25,54,9,19.2,24.6,12.9,46.2,60,34,1017.8,1019.5,1015.9,0,2.4,SSW,24.1
23-Apr-18,52,0.66,47,67,7,19,24.3,13.8,60.2,78,41,1015.4,1016.3,1014.4,0,2.1,SSW,20.9
24-Apr-18,50,0.74,51,79,14,21.1,27.4,14.1,51.3,71,29,1016.6,1018.1,1015.4,0,1.7,SW,16.1
25-Apr-18,47,0.73,52,81,12,22.2,28.9,16,50.2,66,32,1015.2,1016.6,1013.9,0,1.7,SW,19.3
26-Apr-18,54,0.73,49,81,9,21.9,27.6,16.1,54.8,66,36,1012.6,1014.3,1010.8,0,1.1,---,19.3
27-Apr-18,50,0.79,55,89,12,23.2,28.5,17.2,50.8,66,38,1013,1014.8,1011.3,0,2,---,20.9
28-Apr-18,66,0.56,26,66,4,25.2,29.8,19.7,40.8,54,32,1014,1015.3,1013,0,8.3,---,37
29-Apr-18,80,0.35,13,47,5,23.7,27.5,20.9,52.9,72,40,1013.5,1014.9,1012.3,0,3.6,---,22.5
30-Apr-18,48,0.48,21,56,6,23.5,27.8,20.7,54.7,71,41,1012.7,1014.3,1011.1,0,4.3,---,37
1-May-18,59,0.34,14,45,7,23.8,28.9,19.6,55.7,76,34,1012.2,1012.9,1011.2,0,2.8,---,20.9
2-May-18,56,0.52,33,64,7,22.8,27.7,19.4,60.6,77,40,1010.6,1012.1,1008.4,0,2.6,---,29
3-May-18,55,0.55,22,65,6,24.1,28.1,20.3,59.4,74,47,1007.4,1009.1,1006.5,0,2.3,---,20.9
4-May-18,50,0.52,31,72,7,23.9,27.7,19.8,60.4,71,51,1007.9,1008.9,1007,0,2.3,---,19.3
5-May-18,54,0.4,16,50,8,22.4,27.9,17.7,66.4,81,48,1008.9,1011.8,1007.7,11.6,2.7,---,24.1
6-May-18,52,0.31,17,43,4,19.3,23.6,16,76,90,57,1009.7,1010.6,1008.7,38.2,2.8,---,24.1
7-May-18,38,0.48,20,46,3,19,23.1,16.8,80.4,89,60,1009.1,1010,1008.3,1.8,3.4,---,22.5
8-May-18,32,0.7,40,64,3,20.3,24.6,16.2,74,89,54,1007.9,1009.1,1006.2,1.2,1.5,---,24.1
9-May-18,48,0.53,37,45,4,21.3,25.7,16.3,69.9,87,48,1006,1006.9,1004.7,0,2.5,---,25.7
10-May-18,53,0.38,24,43,4,21.1,25.9,17.5,63.3,87,39,1007,1009.8,1005.2,0,3.2,---,37
11-May-18,51,0.48,20,45,3,21.2,25.2,17.1,64.5,75,52,1011.9,1014.7,1009.3,0,3.4,---,25.7
12-May-18,56,0.45,20,44,2,21.8,25.2,18.3,50.3,71,35,1014,1015.2,1012.8,0,7.1,---,35.4
13-May-18,72,0.33,17,46,4,20.9,24.7,17,59.2,77,48,1013.1,1013.8,1012.4,0,3.2,---,29
14-May-18,58,0.38,20,44,4,22.8,27.9,18.3,62.2,83,40,1014.7,1016.5,1012.5,0,3.1,---,27.4
15-May-18,45,0.48,31,54,7,23.7,28.1,18.4,61.7,80,43,1016.2,1017.2,1015.3,0,2.3,---,20.9
16-May-18,30,0.51,28,63,6,23.4,26.6,19.9,65.6,80,50,1015.7,1016.7,1014.9,0,1.2,---,12.9
17-May-18,37,0.49,28,64,8,23.9,28.7,19.6,58.6,80,43,1015.5,1016.6,1014.3,0,1.7,---,22.5
18-May-18,27,0.74,47,64,8,24.7,28.7,20.2,51.6,71,39,1014.2,1016.2,1011.9,0.2,2.1,---,24.1
19-May-18,48,0.57,43,55,4,25.6,29.4,21.3,52.6,69,36,1011.1,1012.7,1009.6,0,4.6,---,30.6
20-May-18,53,0.34,15,42,3,24.2,28.1,21.4,61.7,73,52,1013.8,1014.7,1011.9,0,3.3,---,32.2
21-May-18,65,0.43,20,42,3,24.8,29.1,21.6,51.1,65,39,1013,1014.5,1011.2,0,9.5,---,32.2
22-May-18,80,0.36,15,46,3,24.9,29.6,20.7,51.5,66,41,1016.1,1018.6,1013.2,0,4.5,---,27.4
23-May-18,68,0.37,16,45,3,24,27.7,20.9,61.2,79,50,1016.5,1018.4,1013.5,0,3.6,---,22.5
24-May-18,39,0.38,22,53,6,22,25.8,19.3,74.3,90,58,1012.4,1013.9,1010.8,14.6,1.7,---,19.3
25-May-18,41,0.58,29,53,3,24.5,28.8,18.7,57,87,38,1011.5,1013.1,1010.6,0.2,6,---,29
26-May-18,75,0.39,18,44,3,25.2,28.1,22.2,51.7,66,41,1014.1,1015.5,1012.5,0,11.2,---,45.1
27-May-18,68,0.29,17,31,2,24.7,27.6,22.1,55.5,66,46,1016.1,1017.2,1015,0,11.2,---,41.8
28-May-18,64,0.31,18,31,2,24.9,28.7,21.5,46.8,67,33,1016.5,1017.6,1014.8,0,9.4,---,38.6
29-May-18,67,0.42,20,40,3,25.1,28.6,21.6,42.1,54,33,1015.3,1016.7,1013.4,0,10.2,---,40.2
30-May-18,70,0.42,17,37,3,25.3,29,21.4,44.6,60,33,1014.3,1015.3,1013.2,0,7.8,---,35.4
31-May-18,67,0.48,19,43,3,25.4,29.4,21.9,38.4,55,28,1014.2,1015.2,1012.6,0,8.1,---,33.8
1-Jun-18,53,0.58,29,64,7,27.1,32.3,19.3,31.6,45,23,1014.5,1015.3,1013.6,0,5.9,---,33.8
2-Jun-18,63,0.46,26,62,3,28.2,31.8,22.7,35.1,44,27,1014.5,1015.2,1013.8,0,7.9,---,37
3-Jun-18,77,0.33,15,51,5,26,29.9,22.6,48,57,39,1013.5,1014.9,1011.7,0,2.6,---,27.4
4-Jun-18,65,0.48,26,64,6,26.8,31.5,21.7,49.4,63,37,1009.9,1011.5,1008.3,0,2.9,---,27.4
5-Jun-18,57,0.45,32,63,9,28.2,32.5,22.7,46.8,64,34,1008.8,1010.8,1007.7,0,3,---,27.4
6-Jun-18,45,0.4,29,55,7,28.2,32.1,23.1,48.3,67,31,1012.1,1014,1010.4,0,2.7,---,22.5
7-Jun-18,45,0.38,23,53,6,27.9,32.2,24.1,56.4,70,41,1015.8,1017.6,1013.2,0,2.8,S,22.5
8-Jun-18,50,0.43,25,65,7,27.6,31.5,24.3,59.7,75,47,1016.2,1018.1,1012.8,0,2.2,W,24.1
9-Jun-18,58,0.35,19,49,6,27.6,31.5,23.2,55.4,81,38,1009.2,1013.1,1006.3,0,3.6,SSW,27.4
10-Jun-18,66,0.21,11,33,7,26.9,32.5,23.9,54.6,75,35,1006.4,1007.9,1005.3,2.6,3.3,W,22.5
11-Jun-18,70,0.37,16,43,3,27.8,32.2,23.8,43.4,66,30,1008.3,1009.9,1006.9,0,5.2,NNE,32.2
12-Jun-18,74,0.38,18,50,5,29.1,33.9,24.8,37.8,55,27,1008,1009.1,1006.6,0,5,NE,30.6
13-Jun-18,72,0.4,21,56,10,28.2,32.8,23.8,46.7,57,38,1004.4,1006.6,1002.7,0,3,SW,25.7
14-Jun-18,60,0.38,22,49,7,28.4,32.1,24.9,52.8,69,41,1003.3,1004.5,1002.3,0,3.8,SSW,24.1
15-Jun-18,60,0.29,17,34,4,25.9,29.2,23.3,59.9,80,44,1004.5,1005.3,1003.4,1.2,5.9,SSW,33.8
16-Jun-18,50,0.36,18,39,2,23.4,26.3,21.9,72.6,80,59,1006.3,1008.9,1004.1,5.8,2.2,NNE,22.5
17-Jun-18,42,0.35,20,46,3,22.7,27.7,20.3,74.6,87,56,1009.7,1010.7,1008.4,4.6,1.5,NNE,27.4
18-Jun-18,35,0.63,43,60,3,23.2,28.1,19.9,74.7,85,54,1010,1010.8,1009.3,9,1.6,SSW,22.5
19-Jun-18,37,0.6,36,54,3,26,29.7,20.3,56,84,39,1012.1,1014,1010.4,0,6.7,NNE,35.4
20-Jun-18,59,0.48,23,52,3,27.4,30.7,23.9,42.6,65,28,1015.1,1015.9,1013.3,0,7.5,NNE,41.8
21-Jun-18,59,0.48,27,58,4,26.8,30.8,23,52.7,75,35,1014.5,1015.1,1013.4,0,3.2,SSW,27.4
22-Jun-18,60,0.38,31,52,6,26.8,31.2,22.2,57,74,41,1012.1,1013.6,1010.6,0,3.7,SSW,27.4
23-Jun-18,57,0.36,19,48,4,26,31.8,21.2,63.8,87,43,1011.7,1013.5,1010.5,11.8,3.6,NNE,30.6
24-Jun-18,50,0.28,16,33,2,24,27.9,21.3,64,77,50,1013.9,1014.8,1012.8,0.2,6.4,NE,33.8
25-Jun-18,55,0.38,22,39,3,24.4,28.7,20.7,57.2,69,43,1012,1014.1,1008.9,0,9.4,NE,37
26-Jun-18,68,0.3,17,33,3,23.3,25.5,20.9,69.8,86,51,1006.3,1008.8,1004.6,7.6,7,SSW,32.2
27-Jun-18,60,0.3,18,34,2,22.4,25.9,19.9,78.3,89,67,1003.7,1004.9,1002.4,14.4,5.9,SSW,38.6
28-Jun-18,68,0.21,11,27,3,23.7,27,20.2,61.7,81,50,1005.4,1007.5,1004.2,0,5.1,W,29
29-Jun-18,75,0.2,12,31,3,25.4,29.3,20.7,51.2,70,38,1006.6,1007.7,1005.1,0,6,W,38.6
30-Jun-18,68,0.29,16,43,5,25.8,30.6,21.2,54.4,71,39,1006.6,1009.2,1005.3,0,3.8,SSW,29
1-Jul-18,63,0.32,19,44,4,27.4,32.1,22.6,61.3,77,44,1012.2,1014.5,1009.1,0,2.9,SSW,24.1
2-Jul-18,60,0.47,32,64,8,28.5,33,23.7,55.5,76,40,1014.8,1015.5,1013.8,0,2.9,SSW,20.9
3-Jul-18,64,0.59,45,71,8,29.6,34.8,24.1,51.4,64,37,1013.5,1014.5,1012.3,0,2.7,SSW,17.7
4-Jul-18,61,0.54,38,71,7,30.9,35.5,26.3,48.4,68,31,1012,1013.1,1010.4,0,3.2,SSW,19.3
5-Jul-18,53,0.46,32,62,6,30.5,35.3,25.7,55.2,71,38,1010.8,1011.7,1009.5,0,2.9,W,24.1
6-Jul-18,53,0.41,24,55,10,30,33.7,26.9,55.9,68,44,1010,1011.2,1008.5,0,3.6,SSW,22.5
7-Jul-18,66,0.34,19,50,8,29.9,33.7,26.6,52.9,67,40,1008.3,1009.4,1006.9,0,4.4,SSW,29
8-Jul-18,73,0.23,13,32,4,26.7,32.4,21.4,65.7,90,48,1009,1011.2,1007.5,32.4,3.8,NNE,32.2
9-Jul-18,66,0.32,17,39,4,26.5,30.8,21.4,65.1,87,48,1010.2,1011.6,1009.1,0,3.8,SSW,32.2
10-Jul-18,63,0.28,14,34,4,26.8,30.8,23.8,68.8,79,50,1011.4,1012.6,1010.5,0,3.7,SSW,24.1
11-Jul-18,71,0.31,17,42,6,27.9,32.2,23.7,58.7,78,42,1012,1012.9,1011,0,3.2,SW,20.9
12-Jul-18,51,0.43,24,52,5,29.3,33.6,23.4,52.7,70,35,1012.6,1013.4,1011.3,0,2.8,W,20.9
13-Jul-18,42,0.54,41,58,6,30.1,34.5,24.2,51.2,66,40,1011.8,1012.9,1010.2,0,3,NE,27.4
14-Jul-18,42,0.48,30,51,5,30.4,35.1,25.9,47.5,62,34,1011.4,1012.3,1010.2,0,6.6,NE,33.8
15-Jul-18,61,0.27,16,40,4,29.8,34.3,25.3,47.5,70,24,1011.4,1012.4,1010.1,0,4.5,NNE,30.6
16-Jul-18,63,0.41,31,55,8,29.7,33.6,25,46.5,64,36,1011.2,1011.8,1010.4,0,3.4,SSW,24.1
17-Jul-18,50,0.4,28,55,8,30.1,34.3,25.4,50.6,63,39,1007.9,1011.4,1004.8,0,4,SSW,29
18-Jul-18,65,0.29,13,35,4,29.8,33.6,26.8,52.4,69,35,1006.7,1008.6,1004.5,0,5,NNE,30.6
19-Jul-18,67,0.33,22,49,5,29.7,34.1,25.9,46.5,60,33,1008.1,1009.3,1006.6,0,5,SSW,29
20-Jul-18,64,0.34,17,40,4,28.9,33.3,26.4,54.9,69,39,1009.9,1011.1,1008.9,0,4,SSW,25.7
21-Jul-18,63,0.36,26,49,3,30,35.7,24.8,54.3,71,35,1011.7,1012.9,1010.6,0,2.8,SW,22.5
22-Jul-18,56,0.38,25,53,7,30.8,34.8,25.8,47.8,62,35,1010.5,1012.5,1007.9,0,3.8,SSW,25.7
23-Jul-18,56,0.32,23,46,4,31.1,36.9,27.3,40.8,51,28,1005.6,1008,1003.3,0,6.4,W,54.7
24-Jul-18,60,0.32,17,39,3,28,30.9,25.4,55.3,74,41,1003.3,1005.3,1001.9,0,3.3,NE,24.1
25-Jul-18,63,0.34,21,42,3,28.3,32,24.1,56.6,66,43,1005.8,1006.6,1004.9,0,4,SSW,33.8
26-Jul-18,51,0.4,24,44,3,26.9,31.2,24.2,61.4,71,52,1008.5,1010.8,1006.1,0,3.8,W,49.9
27-Jul-18,54,0.37,19,45,4,27.3,31.1,23.4,60.7,69,49,1010.6,1011.3,1009.8,0,3.4,SSW,22.5
28-Jul-18,56,0.3,15,38,3,28.1,32.6,24.8,63.2,71,51,1009.2,1009.8,1008.1,0,3.8,SSW,51.5
29-Jul-18,49,0.33,17,42,2,26.5,32.3,20.8,67.7,88,50,1008.5,1009.6,1007.3,25.4,2.7,NE,38.6
30-Jul-18,43,0.44,21,45,2,28.6,33.9,23.4,62.5,81,43,1008.6,1009.8,1007.1,0,2.9,NNE,24.1
31-Jul-18,40,0.52,29,48,2,28.3,33.8,25.3,65.7,82,45,1009.7,1011.2,1008.5,7.4,2.5,NE,27.4
1-Aug-18,34,0.54,35,49,2,29.2,33.5,23.8,62.5,83,48,1012,1013.1,1010.8,0,2.5,NNE,19.3
2-Aug-18,33,0.56,32,47,2,29.8,33.6,25.4,58.2,71,47,1012.3,1013.3,1010.9,0,4.9,NE,30.6
3-Aug-18,45,0.55,30,47,2,29.5,33.3,26.9,49.6,68,35,1011.2,1012.1,1010,0,8.4,NE,33.8
4-Aug-18,55,0.39,22,40,2,29.2,32.1,26.6,47.8,64,36,1011.2,1012.3,1010.2,0,9.1,NNE,41.8
5-Aug-18,68,0.28,17,37,2,29.2,32.3,26.3,42.4,53,32,1012.4,1013.7,1011,0,7.8,NE,38.6
6-Aug-18,59,0.46,26,54,2,29.5,33.3,24.7,39,52,28,1013.4,1014,1012.6,0,7.1,NE,38.6
7-Aug-18,43,0.58,44,62,2,29.4,33.7,23.6,43,55,33,1013.4,1014.1,1012.5,0,6.2,NNE,35.4
8-Aug-18,42,0.55,34,58,2,30,33.8,24.3,44.7,54,36,1013.8,1014.4,1013.2,0,8.2,NE,38.6
9-Aug-18,50,0.45,27,43,2,29.5,32.8,27.2,46.2,59,33,1014.8,1015.6,1013.4,0,10.3,NNE,38.6
10-Aug-18,51,0.4,25,36,2,28.6,31.7,25.7,48.1,59,40,1016.1,1017,1014.9,0,12.5,NNE,45.1
11-Aug-18,51,0.35,23,33,2,27.6,30.6,25.3,49.1,60,38,1015.7,1016.5,1014.4,0,11.5,NE,46.7
12-Aug-18,55,0.27,18,30,2,27.3,31.2,24.3,46.4,60,31,1015.4,1016.1,1014.5,0,8.8,NE,37
13-Aug-18,48,0.44,23,42,2,27.7,33,23.2,45.3,60,34,1013.2,1014.8,1011.8,0,6,NE,37
14-Aug-18,54,0.35,24,44,2,28.3,33.9,22.1,43.7,60,33,1011.3,1012.6,1009.6,0,2.9,NNE,29
15-Aug-18,55,0.27,18,37,2,28.6,34.4,23,45.9,61,34,1010.7,1011.8,1009.7,0,2.8,NE,20.9
16-Aug-18,58,0.33,23,45,3,28.6,33.1,23.5,47.3,58,38,1010.8,1011.4,1009.7,0,3.3,NNE,27.4
17-Aug-18,59,0.26,15,42,7,28.5,32.7,24.1,53.5,68,40,1011,1011.8,1010,0,2.6,SSW,19.3
18-Aug-18,44,0.4,28,50,3,29.8,33.8,24.3,44.3,65,36,1011.4,1012.1,1010.5,0,5.7,NNE,33.8
19-Aug-18,57,0.28,19,42,2,30.2,33.1,26.2,43.1,54,37,1010.5,1011.2,1009.8,0,10.1,NNE,46.7
20-Aug-18,70,0.33,18,33,2,28.9,32.5,26.8,43.9,51,33,1010.6,1012,1009.6,0,10.2,NE,43.5
21-Aug-18,58,0.32,18,37,2,28.2,33,24.8,42.6,63,31,1012.6,1014.2,1010.9,0,5.1,NE,32.2
22-Aug-18,54,0.36,24,43,2,28.5,34.2,23.1,44.2,57,26,1013.4,1014.2,1012.6,0,3.8,NE,29
23-Aug-18,64,0.35,18,43,2,29,34.1,23.5,42.3,57,30,1011.5,1012.6,1010.4,0,3.3,NE,24.1
24-Aug-18,68,0.32,16,43,2,28.6,33.5,25,52.1,67,34,1010,1011.1,1008.5,0,3.1,W,25.7
25-Aug-18,55,0.32,18,40,4,27.5,30.5,24.2,61.4,73,52,1009.6,1010.9,1008.5,0,3.6,SSW,24.1
26-Aug-18,47,0.37,18,40,3,28.2,32.1,24.7,60.9,71,48,1007.5,1008.9,1005.9,0,3.3,SSW,22.5
27-Aug-18,54,0.31,16,38,3,27.8,32.1,22.8,60.1,80,42,1006.2,1008.7,1005.2,1.6,5.1,NNE,33.8
28-Aug-18,41,0.42,28,45,2,24.5,29.2,21.4,69.7,84,55,1009,1011.3,1006.7,4.8,3.5,NE,22.5
29-Aug-18,40,0.52,30,48,2,28,31.6,24.1,50,71,37,1012.1,1013.5,1009.9,0,7.6,NNE,40.2
30-Aug-18,33,0.73,51,63,3,28.6,33.3,23.3,44.2,60,29,1014,1014.6,1013,0,6.4,NE,35.4
31-Aug-18,29,0.74,52,66,3,28.8,33.8,22.7,44.8,61,34,1013.9,1014.5,1013,0,5.2,NE,43.5
1-Sep-18,39,0.65,58,62,3,29.4,35.9,23.3,39.8,57,27,1014,1014.8,1013.3,0,4.1,NE,27.4
2-Sep-18,39,0.57,46,63,9,30.3,35.3,24.1,35.5,48,28,1013.7,1014.5,1012.4,0,4.8,NE,32.2
3-Sep-18,36,0.64,51,69,4,30.2,36.3,24.1,42.8,66,27,1010.9,1012.6,1009.5,0,3.2,E,20.9
4-Sep-18,55,0.37,18,45,4,29.2,34.3,25.5,50.4,69,30,1009.1,1010,1007.8,0,3.2,SSW,25.7
5-Sep-18,52,0.36,19,47,7,28.9,33.7,24.6,47.5,63,32,1008.7,1009.8,1007.1,0,3.6,W,30.6
6-Sep-18,61,0.37,17,42,4,27.5,31.4,25.3,55,69,40,1010.1,1011.4,1009.1,0,4.5,SSW,24.1
7-Sep-18,62,0.35,17,42,3,27.3,31.9,23.7,61.5,72,44,1011.2,1012.5,1010.1,0,3.6,SSW,27.4
8-Sep-18,42,0.43,27,52,4,25.6,31.8,22.5,66.5,79,45,1013.3,1015.2,1011.3,0.8,3.5,NNE,38.6
9-Sep-18,42,0.58,33,49,2,26.5,31.5,21.3,55.7,80,38,1015.9,1017.1,1015,0,2.6,NE,19.3
10-Sep-18,39,0.65,47,61,3,26.7,31.6,21.7,48.4,63,37,1017.5,1019.1,1016.2,0,3.8,NE,25.7
11-Sep-18,41,0.68,50,60,4,26.1,30.8,21.4,48.2,62,35,1018.9,1019.9,1017.6,0,3.6,NNE,33.8
12-Sep-18,45,0.6,36,53,3,25.1,28.8,21.6,51.2,59,41,1017.8,1019.4,1015.4,0,8.6,NE,40.2
13-Sep-18,53,0.5,21,41,2,24.7,29.3,21.9,56,65,42,1014.1,1015.3,1012.7,0,4,NE,33.8
14-Sep-18,42,0.62,35,59,3,24.7,28.9,21.2,60.5,75,46,1015.9,1017.1,1014.7,0,3,NE,20.9
15-Sep-18,42,0.69,51,57,3,25,30.2,20.9,63.5,78,40,1017.3,1018.4,1016.2,0,2.2,SSW,16.1
16-Sep-18,36,0.82,61,57,3,26.6,32.4,20.2,52.5,77,36,1018.6,1019.6,1017.6,0,3.5,NE,27.4
17-Sep-18,44,0.6,33,57,3,26.3,30.1,22.8,51.7,62,38,1019.4,1020.3,1018.6,0,9.6,NE,43.5
18-Sep-18,46,0.55,29,42,2,25,28.4,22.4,50.1,60,43,1019.2,1020.1,1018.5,0,9.9,NE,37
19-Sep-18,42,0.57,29,46,2,24.4,28.4,21.6,52.3,65,39,1018.6,1019.6,1017.2,0,6.2,NE,38.6
20-Sep-18,44,0.49,27,46,2,24.6,29.3,21.2,51,67,38,1017,1018.3,1015.7,0,5,NE,27.4
21-Sep-18,34,0.53,40,54,3,24.7,30,19.9,51.2,68,37,1016.4,1017.2,1015.3,0,3.4,NE,25.7
22-Sep-18,39,0.71,63,58,4,24.6,30.2,18.9,58.1,75,43,1017,1018,1016,0,2.5,N,17.7
23-Sep-18,43,0.71,51,60,4,25.4,31.8,19.5,55.5,80,32,1018.2,1019.4,1017.2,0,2.8,NE,25.7
24-Sep-18,35,0.81,74,64,6,24.6,30.4,19.1,61,79,41,1014.3,1017.2,1012.2,0,2.6,SSW,22.5
25-Sep-18,27,0.61,47,42,3,20.8,24.3,18.4,62.4,79,50,1019.6,1024.5,1013.2,0,13.4,NE,53.1
26-Sep-18,56,0.39,23,27,2,18.1,20.2,16.6,49.4,58,44,1024,1025.3,1022.3,0,20.8,NE,69.2
27-Sep-18,52,0.34,23,26,2,17.4,18.3,16.1,65.6,71,58,1020.2,1022.3,1017.7,0,20,NE,61.2
28-Sep-18,41,0.41,29,31,2,18.2,19.4,16.4,75.7,85,70,1015.3,1017.7,1012.9,9.6,13.3,NE,57.9
29-Sep-18,39,0.34,25,35,2,19.3,21.4,17.9,84.2,92,73,1008.6,1013.1,1005.2,27.8,8.7,NE,38.6
30-Sep-18,43,0.19,13,25,2,16.9,18.8,16.1,86.9,92,82,1010.5,1013.2,1005.2,5.8,5.1,W,27.4
1-Oct-18,31,0.44,32,38,4,19.5,23.2,16.2,77.2,88,62,1013,1014.3,1012.1,0.2,2.9,SSW,24.1
2-Oct-18,27,0.93,85,54,4,20.6,25.6,15,69.5,92,45,1016.5,1018.1,1014.1,0,2.3,E,19.3
3-Oct-18,21,0.99,87,47,3,21.5,25.8,17.6,77.5,90,54,1019.1,1020.6,1017.2,0,1.6,SSW,19.3
4-Oct-18,18,0.97,84,47,3,22.2,26.8,18.8,73.2,86,62,1023.2,1026.4,1020.2,0,5,NE,30.6
5-Oct-18,42,0.64,34,47,3,20.7,23.1,18.1,52.2,71,41,1026.2,1027.7,1025.1,0,10.1,NE,37
6-Oct-18,41,0.5,27,47,2,20.1,25,16.3,57.2,71,43,1022.3,1025.2,1019.2,0,2.6,NE,17.7
7-Oct-18,38,0.44,26,44,2,19.9,25.6,14.5,65,80,46,1017.1,1019.1,1015.3,0,1.8,SSW,17.7
8-Oct-18,29,0.74,65,47,3,20.7,24.9,16.4,65.3,83,44,1016.9,1018.5,1015.7,0,3.2,NNE,16.1
9-Oct-18,27,0.66,71,54,4,19.9,23.8,16.1,60.8,76,47,1019,1020.6,1017.9,0,5.8,NE,32.2
10-Oct-18,38,0.63,34,51,2,20.2,23.9,16.3,55.6,73,36,1020.2,1021.5,1019.2,0,6.5,NE,35.4
11-Oct-18,38,0.72,35,51,2,20.2,23.4,16.6,57.9,73,44,1021,1022,1019.9,0,5.2,NE,38.6
12-Oct-18,30,0.58,31,45,2,19,21.7,17.2,69.6,75,55,1021.1,1021.9,1020.2,0,5.4,NE,32.2
13-Oct-18,36,0.58,34,41,2,19.6,21.7,18.6,69.7,76,63,1021.4,1022.5,1020.2,0,9.9,NE,35.4
14-Oct-18,32,0.45,27,36,2,19.3,21.4,17.6,68.4,74,64,1021.1,1022.1,1020.1,0,5.9,NE,30.6
15-Oct-18,25,0.5,28,40,2,18.7,21.8,16.8,72.4,80,61,1020.5,1021.3,1019.4,0,3.2,NNE,25.7
16-Oct-18,23,0.68,46,52,2,19.6,25,15.6,65.7,86,50,1020.6,1021.8,1019.8,0,2.2,NE,20.9
17-Oct-18,26,0.49,45,54,3,19.7,24.6,15.2,63.8,78,49,1017.8,1019.7,1016.3,0,3.5,NE,41.8
18-Oct-18,20,0.41,80,65,3,19.5,23.4,15.6,72.2,82,59,1016.5,1017.5,1015.1,0,2.4,NNE,19.3
19-Oct-18,23,0.53,61,52,3,19.8,24.2,16.2,74,83,56,1016.9,1017.7,1015.8,0,2.2,N,20.9
20-Oct-18,26,0.67,81,51,3,20.4,24.7,16.2,70.7,84,53,1017.7,1018.7,1016.4,0,2.7,NNE,20.9
21-Oct-18,38,0.16,24,42,2,19.5,23.3,17.4,66.5,81,52,1017.6,1018.5,1016,0,5.7,NE,30.6
22-Oct-18,46,0.23,26,40,2,18.7,21.4,17.3,68.1,76,59,1017.2,1018.7,1015.7,0,9.5,NE,35.4
23-Oct-18,34,0.28,27,40,2,18.4,19.9,17.4,77.3,84,68,1014.3,1015.9,1011.9,0.2,8.2,NE,29
24-Oct-18,33,0.28,35,49,3,19,22.7,15.7,71.7,82,58,1007.4,1011.7,1004.6,0,2.7,NNE,19.3
25-Oct-18,26,0.43,54,47,2,15.2,17.4,11.8,49,84,37,1014.5,1019.3,1006.2,0,8.5,NNE,51.5
26-Oct-18,23,0.6,96,62,7,16.1,21.4,9.4,58.3,76,42,1020.1,1021.1,1018.9,0,1.8,SSW,16.1
27-Oct-18,21,1.22,139,55,5,18.9,24.2,13.4,73.1,83,50,1021,1021.8,1020.3,0,2.4,SSW,19.3
28-Oct-18,39,0.24,29,35,2,20.4,23.1,18.4,77.6,87,67,1022.5,1023.7,1021,0,5.9,S,30.6
29-Oct-18,29,0.26,45,43,2,19.5,22.8,16.1,76.9,87,63,1021.9,1023.1,1021.2,0,3,SSW,20.9
30-Oct-18,20,0.3,46,46,2,19.9,22.2,17.1,82,88,72,1021.9,1023,1020.9,0,2.2,SSW,19.3
31-Oct-18,15,0.36,47,49,3,21.3,26,18.6,81.7,90,62,1024.4,1025.8,1022.3,0,1.7,SSW,12.9
1-Nov-18,10,0.78,99,56,4,21.6,26.3,17.1,74.1,91,53,1024.8,1026.1,1023.8,0.2,2.2,NNE,19.3
2-Nov-18,9,0.63,112,61,5,21.3,28.1,16.4,57.9,80,33,1022.2,1023.9,1020.5,0,2.6,NE,22.5
3-Nov-18,15,0.5,80,51,3,19.3,24.6,14.8,60.7,75,48,1021.3,1022.2,1020.2,0,3.7,NNE,24.1
4-Nov-18,25,0.15,35,44,2,17.7,21.4,14.2,62.3,74,48,1021.3,1022.3,1020.3,0,4.5,NE,37
5-Nov-18,13,0.49,65,58,3,17.1,21.5,12.5,68.5,84,54,1019.9,1021,1018.8,0,2.2,ESE,22.5
6-Nov-18,17,0.36,46,52,2,17,21.2,13.1,66.3,82,51,1019.7,1020.8,1018.5,0,3,NE,25.7
7-Nov-18,14,0.37,56,44,2,17.1,20.9,13.3,70.2,84,59,1020.7,1021.6,1019.7,0,5.5,NE,27.4
8-Nov-18,16,0.3,42,43,2,16,20.4,14.2,72.6,83,57,1019.9,1021.3,1018.9,10.2,3.6,NNE,27.4
9-Nov-18,15,0.36,44,46,2,16.2,19.7,13.6,69.2,80,61,1019.5,1020.4,1018.4,0,5.2,NE,32.2
10-Nov-18,16,0.32,49,48,2,15.8,19.6,12.2,67.6,83,52,1019.5,1020.6,1018.3,0,4.6,NE,19.3
11-Nov-18,19,0.33,52,43,2,15.8,20,11.8,68.5,80,56,1022.8,1025.6,1020.5,0,4.2,NNE,20.9
12-Nov-18,12,0.42,65,55,2,15.5,19.9,11.2,69.2,84,53,1026.7,1027.9,1025.3,0,3.2,NNE,29
13-Nov-18,24,0.2,43,47,2,15.8,18,12.7,61.1,77,48,1026.4,1028,1024.8,0,11.4,NNE,48.3
14-Nov-18,29,0.3,36,37,2,15,17.9,13.2,65.4,73,54,1023,1025.1,1021.4,0,7.1,NE,35.4
15-Nov-18,29,0.26,37,37,2,14.5,17.6,12.1,64.2,73,48,1021.3,1022.7,1020,0,8,NE,37
16-Nov-18,22,0.28,38,39,2,12.6,13.6,11.9,63,71,56,1023.1,1024.2,1021.6,0.4,8.8,NE,33.8
17-Nov-18,22,0.16,30,29,2,12.2,13.4,10.3,77.6,86,70,1021,1021.7,1020.3,7.6,9.4,NE,32.2
18-Nov-18,13,0.44,63,33,2,13.5,16.7,11.4,86.7,91,77,1014.1,1020.4,1009.4,19.8,5,NE,30.6
19-Nov-18,16,0.65,105,35,4,17,21.1,13.7,80.5,91,58,1013.3,1018.2,1008.5,0.8,1.9,NNE,17.7
20-Nov-18,8,1.1,140,39,4,16.9,20,13.1,85.9,93,77,1017.2,1019.2,1013,0.4,1.8,NE,16.1
21-Nov-18,17,0.56,61,49,3,17.8,22.1,13.8,75.4,91,57,1012.7,1014.3,1011.4,4.6,2.8,W,27.4
22-Nov-18,11,0.54,72,43,3,15.8,19.3,13.1,71.4,83,58,1017,1020.7,1013.7,0,5.2,NE,29
23-Nov-18,21,0.33,41,34,2,13.8,16.6,12.1,71.8,77,64,1023.5,1025.8,1020.7,0,9.7,NE,33.8
24-Nov-18,19,0.35,49,41,2,12.9,16.5,10.7,68,78,53,1024.5,1025.8,1022.9,0,5,NNE,25.7
25-Nov-18,20,0.61,79,35,3,14.9,17.7,10,79.4,89,69,1018.7,1023,1012,3,3.9,S,29
26-Nov-18,39,0.14,24,27,2,18.5,20.1,16.3,77.5,90,62,1009.8,1011.9,1008.2,4.4,6.1,SSW,33.8
27-Nov-18,37,0.1,22,30,2,18.5,19.8,16.3,79.6,86,64,1007.2,1009.9,1005.3,0,6.4,SSW,38.6
28-Nov-18,24,0.24,38,42,4,16.5,19.8,12.4,66.4,82,49,1007.9,1012.9,1005.7,0,4.6,NE,43.5
29-Nov-18,27,0.14,29,23,2,10.1,12.5,8.4,72.5,82,67,1018.3,1020.8,1012.9,0,20.4,NE,59.5
30-Nov-18,21,0.3,40,39,2,8.8,10.6,6.9,74.1,78,67,1020.7,1022.4,1019.2,0.2,10.2,NNE,46.7
1-Dec-18,11,0.48,63,51,3,9.7,12.9,5.1,70.2,87,54,1022.1,1023.2,1021.4,0,3.2,NE,17.7
2-Dec-18,19,0.28,32,41,2,11.1,12.4,9.5,69.8,76,64,1021,1022.1,1019.8,0,4.4,NE,22.5
3-Dec-18,10,0.73,97,58,4,11.1,15.7,6.6,68.3,82,53,1017.5,1020,1014.8,0,1.9,NE,16.1
4-Dec-18,8,0.7,90,58,7,11.3,16.2,6.7,72,87,49,1013,1014.8,1011,0,1.5,NNE,11.3
5-Dec-18,12,0.42,53,54,4,12.7,16.4,8.4,67.2,83,56,1015.9,1018.6,1012.7,0,3.8,NE,32.2
6-Dec-18,25,0.22,28,34,2,9.6,12.3,8.1,71.5,84,54,1021.3,1023.2,1018.3,0.8,9.7,NE,40.2
7-Dec-18,24,0.8,55,45,4,9.3,12.9,6.7,66.3,77,50,1022.8,1024.9,1019.9,0,6.5,NE,29
8-Dec-18,12,1.32,135,62,7,10.9,15.5,4.4,72.5,85,58,1016.8,1020.2,1013.6,0,2.3,NE,19.3
9-Dec-18,27,0.9,78,43,4,14.6,18.8,11,68.2,86,48,1011.2,1013.6,1010.1,0,5.4,W,32.2
10-Dec-18,25,0.47,48,46,3,12.9,15.8,10.7,64.8,84,47,1007,1011.2,1003,3,3.3,W,25.7
11-Dec-18,14,0.57,41,50,3,9.5,12.3,6.7,70.3,86,48,1013.8,1016.9,1010.9,5.8,2.2,NNE,12.9
12-Dec-18,13,0.97,92,57,8,8.6,12.8,5.3,64.1,82,42,1020.3,1022.5,1017,0,1.9,N,19.3
13-Dec-18,4,1.17,110,60,5,8.7,9.6,6.8,82.9,87,75,1019.6,1022.2,1017.6,12,4,NNE,22.5
14-Dec-18,4,1.74,153,62,6,13.6,16.4,9.6,84.9,91,76,1018.5,1019.7,1017.7,1,1.8,NNE,19.3
15-Dec-18,21,0.53,39,46,2,16.7,19.3,12.4,73.6,88,61,1015.4,1017.9,1011.9,9.2,4.3,S,30.6
16-Dec-18,21,0.6,42,53,2,13.7,17.6,11.6,78,89,62,1012.2,1014.5,1010.8,5,2.2,NNE,12.9
17-Dec-18,9,1.01,99,54,6,11.7,15.8,9.2,71.9,88,45,1015.5,1017,1013.6,6.6,1.6,NNE,22.5
18-Dec-18,16,0.52,37,39,2,10.4,11.7,8.7,78.3,90,72,1014.4,1018.5,1010.8,10.2,6.9,NNE,45.1
19-Dec-18,14,0.56,34,34,3,9.1,10.7,8.3,72.4,78,65,1022.8,1026.5,1018,0.2,6.2,NNE,32.2
20-Dec-18,12,0.82,57,41,4,9.8,12.5,7.8,73.5,82,63,1027.6,1028.8,1026.4,0,2.6,NE,16.1
21-Dec-18,6,1.42,134,54,9,10.7,14.6,6.9,77.3,87,64,1028.3,1029.9,1026.9,0,1.5,NNE,12.9
22-Dec-18,21,1.34,140,45,6,12.8,17.2,7.5,73.3,89,57,1023.9,1026.8,1021.4,0.2,3.6,WSW,27.4
23-Dec-18,11,1.42,131,58,7,13.1,19.2,8.6,68.4,85,43,1023,1025.1,1021.2,0,1.8,E,12.9
24-Dec-18,9,1.49,145,52,8,13,17.5,8,77.4,90,58,1018.6,1024.8,1013.6,0,2.2,SSW,16.1
25-Dec-18,16,0.4,32,35,3,9.6,14.8,6.6,77,84,68,1017.4,1022.7,1012.7,12,5.2,NE,30.6
26-Dec-18,29,0.36,21,29,2,6.3,8.3,3.7,64.6,77,55,1024.6,1026.4,1022.5,0,7,NE,41.8
27-Dec-18,11,0.73,59,55,5,7.7,10.6,3.9,61.8,76,52,1024.9,1026.3,1023.3,0,2.6,NNE,24.1
28-Dec-18,11,1.07,95,59,7,8.8,12.3,6.3,70.2,81,55,1023.6,1026.1,1020.9,0,1.2,SW,11.3
29-Dec-18,8,1.64,166,62,7,10.7,15.6,5.1,63.7,85,47,1021.4,1023.5,1019.8,0,2.2,NE,19.3
30-Dec-18,13,0.62,41,48,4,10.7,11.9,9.9,64.4,74,54,1022.4,1023.8,1021.5,0,3,NNE,17.7
31-Dec-18,18,0.58,37,41,3,9.5,10.8,8.3,75.2,86,67,1017.7,1021.9,1012.7,12,10.5,NE,38.6
1-Jan-19,38,0.25,23,27,2,8.6,9.4,7.8,77,84,71,1015.2,1017,1012.1,5,15.9,NE,51.5
2-Jan-19,14,0.83,80,51,5,7.6,9.4,5.2,73.1,82,65,1012.8,1015.5,1010.8,0,2.1,NNE,17.7
3-Jan-19,20,0.53,45,39,3,6.4,8.4,4.4,77.4,87,72,1008.2,1014.8,1003.4,11.6,6.4,NE,33.8
4-Jan-19,9,0.68,68,49,4,6,9.3,3.4,78.1,92,61,1016.9,1019.1,1014.7,9.2,3.4,NNE,22.5
5-Jan-19,18,0.41,31,45,3,4,7.6,1.8,69.5,86,54,1014.8,1016.5,1013.2,0,3.2,NNE,20.9
6-Jan-19,27,0.34,25,43,3,5.5,9.2,1.3,52.1,66,33,1013.4,1015.6,1011.8,0,3.5,W,30.6
7-Jan-19,30,0.41,27,39,3,4.8,7.7,1.9,61.9,79,49,1018.1,1021.3,1015.6,0,6.4,NE,32.2
8-Jan-19,26,0.72,63,41,5,2.7,6.2,-0.1,67.8,86,48,1020.7,1023,1018.1,0.4,3,NNE,24.1
9-Jan-19,23,1.12,123,47,6,8.3,13.7,0.8,78.3,88,65,1011.4,1018.2,1006.2,1.2,5.9,SSW,43.5
10-Jan-19,51,0.19,13,25,2,14,16.1,11.1,70.6,88,58,1008.6,1012.9,1006.1,0.2,8.3,SSW,37
11-Jan-19,22,0.64,54,58,4,11.9,14.1,9.9,74.5,90,61,1013.7,1015.5,1012,16.8,2.4,ESE,22.5
12-Jan-19,21,0.43,33,45,2,7.9,10,6.6,80.5,91,74,1009.9,1012,1008.3,13.8,7.2,NE,33.8
13-Jan-19,19,0.55,38,48,5,8.6,11.7,4.1,68.6,83,53,1009.8,1012.1,1006.9,0,2.1,W,14.5
14-Jan-19,11,0.79,73,55,6,9.9,12.7,7.1,74.1,87,59,1003.5,1006.9,1000.1,1.2,2.3,ENE,30.6
15-Jan-19,36,0.41,23,35,2,7.3,9.8,3.7,58.6,81,39,1005.7,1015.4,999.2,1.4,9.7,NNE,48.3
16-Jan-19,35,0.51,40,41,4,7.1,11.8,3,49.6,76,34,1019.9,1022,1015.5,0,4.8,NE,40.2
17-Jan-19,13,1.27,146,67,9,8.7,14.1,3.1,70.8,84,49,1021.2,1022.8,1020.2,0,1.8,ENE,16.1
18-Jan-19,13,1.29,147,68,9,10.3,15.1,6.1,73.4,87,53,1019.5,1020.6,1018.5,0,2.3,SSW,20.9
19-Jan-19,7,1.56,178,70,8,10.9,14.2,6.4,78.7,88,65,1019,1020.4,1018.1,0,1.4,SSE,14.5
20-Jan-19,24,0.5,36,43,2,12,15.8,9.1,79.4,89,64,1016.8,1018.6,1015.1,3,2.7,SSW,25.7
21-Jan-19,11,1,98,52,6,11.7,15.7,7.4,77.8,91,62,1016.4,1018.1,1014.9,0.2,1.8,N,16.1
22-Jan-19,27,0.71,79,42,4,13,15.6,8.9,81.9,90,73,1013.9,1017.7,1009.5,0,5.3,SSW,32.2
23-Jan-19,36,0.35,34,36,2,13.7,16.1,10.9,80,90,67,1004.4,1010.1,997.9,8.8,7.1,S,40.2
24-Jan-19,37,0.33,35,41,4,12.5,15.4,9.4,75,88,52,998.4,1001.1,996.1,5.8,4.7,S,56.3
25-Jan-19,50,0.2,20,30,2,12.3,15.3,10.5,79.8,92,64,996.1,1000.5,992.8,34.2,10.8,S,46.7
26-Jan-19,39,0.36,25,40,4,11.9,14.1,9,74.4,85,62,998.9,1004.7,992.8,0.2,3.5,W,38.6
27-Jan-19,18,0.81,68,51,8,11.1,15.3,7.2,70.6,84,50,1008.6,1011.2,1004.9,0,2.2,SSW,19.3
28-Jan-19,26,1.06,116,43,6,12.2,15.2,7.2,77.6,90,59,1008.9,1010.5,1007.5,0,5.3,SSW,32.2
29-Jan-19,57,0.26,15,26,2,14.9,16.8,12.3,70.4,82,53,1005.6,1008.1,1002.4,0.4,9.7,S,38.6
30-Jan-19,33,0.39,37,46,4,12.9,15.8,10.4,72.1,87,59,1002.6,1006.3,1000.2,4,3.9,SW,38.6
31-Jan-19,34,0.38,56,43,5,11.1,14.7,8.4,71.9,88,51,1008.6,1015.9,1004.5,3.4,4.9,W,38.6
1-Feb-19,28,0.82,101,59,8,12.7,16.6,9.3,67.9,81,53,1018.4,1019.8,1016,0,2.4,SW,17.7
2-Feb-19,21,1.33,151,53,6,12.7,16.4,8.2,80.4,87,65,1018.9,1020,1018.2,0,3.5,SSW,25.7
3-Feb-19,15,0.86,84,55,3,14.9,18.7,11.1,78.6,91,65,1018.3,1019.3,1017.1,0,3.7,E,29
4-Feb-19,18,0.73,62,48,3,15.1,17.4,13.1,76.3,87,62,1018.4,1019.5,1016.8,0,3.9,NE,22.5
5-Feb-19,33,0.45,29,44,4,15.4,19.1,11.9,68.5,88,51,1012.8,1017.9,1004.3,19.8,12.6,NE,48.3
6-Feb-19,30,0.39,32,48,2,10.8,13.8,9.1,82.3,89,70,1011.7,1014.6,1005.3,25,6.9,NE,32.2
7-Feb-19,28,0.41,31,31,2,9.7,10.9,8.2,77.1,86,71,1016.6,1018.8,1014.2,0.2,13.6,NE,46.7
8-Feb-19,26,0.45,28,41,2,8.9,12,6.9,69.7,78,58,1019.2,1020.9,1017.5,0,3.4,NNE,29
9-Feb-19,12,0.75,72,52,4,8.2,11.1,4.7,74.5,85,65,1021.7,1023.1,1020.2,0,3.3,NE,20.9
10-Feb-19,16,1.07,113,49,6,9.7,13.8,4.8,76.9,88,61,1022.4,1024.3,1019.9,0,2,S,17.7
11-Feb-19,46,0.27,16,37,3,13.5,16,9.9,68.1,80,56,1015.7,1020,1010.7,0,5.7,SSW,37
12-Feb-19,41,0.34,21,38,3,12.8,15.7,9,65.1,82,51,1013.4,1017,1009.9,0,4.9,NE,37
13-Feb-19,30,0.34,27,32,2,7,9,6.1,71,78,62,1018.3,1020.8,1016.6,1.2,11.9,NE,45.1
14-Feb-19,38,0.38,29,36,2,8.6,10.8,6.3,57.8,76,42,1021.2,1022.1,1019.8,0,15.4,NNE,59.5
15-Feb-19,30,0.36,32,43,2,6.5,8.7,5.4,75.5,82,62,1021.9,1023.4,1020.6,6.4,9.5,NNE,40.2
16-Feb-19,32,0.38,36,44,2,7.3,8.6,6,71.5,78,66,1025.6,1027.2,1023,0.2,10.9,NE,46.7
17-Feb-19,26,0.46,37,50,2,8.6,12,4.7,64.5,81,50,1026.1,1027.5,1025,0,4.3,NE,29
18-Feb-19,13,1.24,147,76,7,9.7,15.9,3.8,69.4,84,44,1024.4,1025.6,1023.1,0,2,ESE,17.7
19-Feb-19,12,1.31,162,72,8,10.6,16.3,4.9,71.5,88,44,1022.6,1024,1021.3,0,1.7,SSW,16.1
20-Feb-19,16,1.19,145,68,6,11.1,16.8,5.9,76.8,89,58,1020.9,1021.8,1019.7,0.2,1.7,S,14.5
21-Feb-19,19,1.06,126,69,5,12.2,18.2,6.3,64.8,90,39,1022.9,1023.9,1021.3,0,3.1,NE,22.5
22-Feb-19,28,0.8,103,62,5,11.7,15.5,6.3,74.2,85,49,1017.8,1023.5,1013.4,2.8,3.1,SSW,22.5
23-Feb-19,37,0.27,30,39,2,6.5,9.9,3.6,79,84,74,1017.7,1023.8,1012.4,3.2,19.1,NE,72.4
24-Feb-19,48,0.16,20,21,2,4.2,5.3,3.3,74.4,82,69,1026.5,1027.6,1023.8,0.2,23.2,NE,61.2
25-Feb-19,39,0.31,23,31,2,5.9,8.7,3.9,70.6,79,61,1023.1,1026.9,1020.6,0,12.1,NE,49.9
26-Feb-19,38,0.51,40,42,3,9.6,14.4,5.4,59.8,73,42,1017.5,1021,1012.8,0,5.4,NE,37
27-Feb-19,38,0.5,33,47,4,9.4,11.7,6.8,61.9,75,46,1017.3,1021.2,1012.8,0,9.4,NNE,51.5
28-Feb-19,40,0.34,19,43,3,9.9,13.3,6.3,61.6,79,46,1018.9,1021.8,1015.3,0,4,SW,24.1
1-Mar-19,31,0.47,32,58,3,12.6,17.8,6.6,64.2,83,42,1012.6,1015.3,1010,0,3.7,SSW,22.5
2-Mar-19,38,0.4,25,54,2,13.6,18.9,8.4,67.8,85,42,1009.2,1013,1007.2,0,4.1,SW,22.5
3-Mar-19,38,0.33,21,41,2,12.2,15.9,9.8,63.2,74,52,1017.1,1019.5,1012.9,0,6.4,NE,32.2
4-Mar-19,36,0.45,43,55,4,11.3,15.6,7.1,62.8,79,47,1017.8,1019.9,1016,0,2.9,S,19.3
5-Mar-19,33,0.58,56,58,3,13.2,17.4,7.7,68.2,86,47,1016.6,1018.6,1015.2,0,3.8,SSW,25.7
6-Mar-19,41,0.42,29,56,3,15.5,20.4,11.2,65,82,48,1020.7,1023.4,1018.1,0,3.3,SW,20.9
7-Mar-19,25,0.61,68,64,4,14.5,19.7,9.4,71.9,89,47,1023.4,1024.3,1022.5,0,2.3,SSW,17.7
8-Mar-19,23,0.75,82,65,5,14.4,19.7,9.6,72.7,89,45,1022.9,1023.7,1021.8,0.2,2.4,SW,17.7
9-Mar-19,28,0.44,38,62,3,15.1,19.8,10.2,61.6,79,41,1023.4,1025.1,1022.3,0,4,SSW,24.1
10-Mar-19,44,0.3,17,43,2,17,24.1,10.7,55.1,79,27,1021,1023.4,1017.5,0,4.2,SW,25.7
11-Mar-19,66,0.12,9,23,2,17.2,21.8,14.2,55.4,68,39,1013.8,1017.4,1010.9,0,6.5,SW,35.4
12-Mar-19,40,0.27,25,35,2,14.7,17.3,10.7,73.5,83,61,1005.7,1010.7,1002.7,0.6,6.8,S,35.4
13-Mar-19,41,0.28,22,36,2,9.4,11.4,6.5,70.8,85,61,1011.7,1016.5,1004.1,4.4,8.6,NNE,56.3
14-Mar-19,34,0.44,41,43,2,10.5,14.7,5.3,72,87,53,1011.5,1015.8,1006.1,9,4.4,SW,25.7
15-Mar-19,31,0.39,28,45,3,9.9,11.9,7.1,76.2,89,66,1010.8,1015.5,1006.5,12.6,2.9,WNW,19.3
16-Mar-19,32,0.67,65,53,4,13.4,19.3,5.8,60,83,35,1017.4,1018.9,1015.4,0,4,SW,37
17-Mar-19,37,0.68,58,54,4,14.9,20.3,8.7,64,86,40,1018.4,1019.8,1017.2,0,3,SSE,22.5
18-Mar-19,30,0.68,59,47,5,14.7,19.4,9.5,70.4,88,49,1016.7,1017.7,1015.4,0,3,SSE,17.7
19-Mar-19,37,0.47,37,48,5,14.5,19.2,9.5,71.7,88,53,1017.5,1019.5,1015.7,0,2.4,SW,17.7
20-Mar-19,23,0.75,62,47,3,15.1,18.2,10.6,68.9,83,56,1021,1023.6,1018.8,0,7.8,NNE,35.4
21-Mar-19,55,0.42,21,34,2,14.6,17.3,12.4,50.3,67,39,1024.6,1026.2,1022.4,0,16.4,NNE,59.5
22-Mar-19,51,0.5,24,37,2,13.4,16.3,11.2,53.1,61,47,1024.9,1027.1,1022.8,0,13.2,NE,51.5
23-Mar-19,52,0.44,26,44,2,14.7,18.2,10.5,50.4,62,41,1020.1,1022.8,1018.7,0,12.2,NE,46.7
24-Mar-19,54,0.38,22,39,2,13.6,16.3,10.7,46.1,63,36,1019.8,1021.2,1018.2,0,9.8,NNE,35.4
25-Mar-19,60,0.35,19,44,4,14.2,19.3,7.7,49.6,77,26,1014.1,1018.2,1010,0,3,SW,19.3
26-Mar-19,35,0.66,54,64,6,15.2,21.2,10.3,63.5,80,42,1011.6,1016.3,1009.1,0,2.6,N,19.3
27-Mar-19,32,0.65,42,50,3,14.3,17.7,10.8,62.9,81,51,1019.7,1021.6,1016.1,0,8.3,NE,35.4
28-Mar-19,53,0.38,22,35,3,11.7,13.2,9.7,62.2,70,51,1019.7,1021.3,1018.5,0,15.3,NE,49.9
29-Mar-19,63,0.33,21,29,2,10.8,13.2,9.5,52.7,59,44,1019,1020.3,1018.1,0,21.4,NE,64.4
30-Mar-19,62,0.36,23,35,2,11.3,13.3,8.7,46.5,55,34,1016.8,1019.1,1014.2,0,16.9,NNE,56.3
31-Mar-19,57,0.31,22,38,2,13.3,16.1,10.8,46,55,37,1013.7,1014.7,1012.6,0,11.1,NNE,51.5
1-Apr-19,44,0.51,28,50,2,15.4,18.7,11.2,46.3,58,35,1013.9,1015.5,1012.6,0,7.8,NNE,37
2-Apr-19,55,0.47,25,47,2,15.6,19.6,11.5,46.5,56,32,1016.1,1017.4,1014.6,0,11.9,NE,48.3
3-Apr-19,56,0.5,24,48,2,14.2,18.2,11,45.5,56,40,1016.3,1017.5,1015.1,0,7.5,NE,37
4-Apr-19,60,0.38,20,46,3,13.9,17.9,10.7,57.8,74,41,1015.8,1017.3,1014.7,0,5.4,NNE,29
5-Apr-19,49,0.55,32,49,3,14.2,17.1,10.7,70.8,87,55,1012.4,1015.4,1006.7,5.4,3.9,N,24.1
6-Apr-19,45,0.37,23,41,2,13.6,14.7,12.7,83.8,89,78,1006,1008.4,1004.1,10.6,8.5,NE,54.7
7-Apr-19,58,0.3,14,41,3,15.2,19.3,10.9,72.4,87,56,1009.5,1011,1007.8,1,3.4,SW,24.1
8-Apr-19,39,0.33,20,47,2,13.3,15.4,11.4,84.6,90,75,1004.7,1008.7,1001.9,31.8,3.5,SSW,29
9-Apr-19,71,0.2,11,30,2,14.3,16.6,12.6,66.7,80,57,1003.3,1005.2,1001.5,0.2,9.1,W,49.9
10-Apr-19,63,0.22,12,32,2,16.3,20.4,13.2,64.6,80,52,1007.5,1010.9,1004.8,0.2,6.6,W,37
11-Apr-19,62,0.29,15,36,2,17.1,20.7,13.2,62.3,77,44,1012.2,1013.5,1010.4,0.2,3.9,SSW,25.7
12-Apr-19,30,0.43,29,53,2,15.1,19.1,12.3,79.1,88,62,1012.8,1014.8,1011.2,16.4,2.6,W,24.1
13-Apr-19,24,0.58,43,62,2,13.3,15.3,10.3,77.5,90,67,1011.5,1013,1010.1,4.6,2,NNE,17.7
14-Apr-19,37,0.8,74,45,4,14.2,18.6,9.1,75.4,92,54,1011,1012.6,1009.9,0.2,2.6,SSW,24.1
15-Apr-19,27,0.47,33,53,3,13.2,17.1,10.5,79.4,89,60,1012.2,1014,1010.8,36.4,3.8,WNW,30.6
16-Apr-19,48,0.49,28,43,2,13.8,17.4,10,61.1,90,45,1016.9,1018.4,1013.7,0,7.8,NE,45.1
17-Apr-19,25,0.69,66,56,5,13.6,18.7,8.9,72.9,85,55,1017.3,1018.3,1016.3,7,2.4,N,25.7
18-Apr-19,32,0.7,57,57,4,13.7,17.2,9.9,63.1,86,45,1020.8,1023.9,1017.8,0.2,5.7,NE,30.6
19-Apr-19,40,0.53,32,50,2,13.8,18.1,10.7,58.9,75,38,1023.9,1025.6,1022.4,0,5.7,NE,32.2
20-Apr-19,38,0.53,37,52,2,12.9,16.2,10,62.6,86,51,1024.8,1027.7,1022,0.8,8.3,NE,33.8
21-Apr-19,57,0.36,20,45,2,13.4,17.6,8,55.3,75,39,1024.5,1027,1022.2,0,3.6,N,22.5
22-Apr-19,43,0.5,43,57,4,14.5,18.2,8.8,50.9,78,31,1021.7,1023,1019.7,0,2.7,NNE,16.1
23-Apr-19,34,0.55,43,71,5,16,19.1,11.6,59.3,72,38,1022.2,1024.2,1020.3,0,2.4,NNE,20.9
24-Apr-19,18,0.69,53,79,5,17.2,20.4,14,66.9,81,48,1023.3,1025.3,1021.5,0,2.1,SW,19.3
25-Apr-19,18,0.77,70,71,6,17.6,22,12.5,68.6,84,49,1022.4,1024.2,1020.3,0,2.5,SW,19.3
26-Apr-19,38,0.45,34,57,7,19.2,23.5,14.3,69.7,86,55,1018.9,1020.5,1016.6,0,2.4,SSW,17.7
27-Apr-19,32,0.54,47,50,4,20.2,25.8,14.3,62.8,87,41,1014.2,1016.5,1012.1,0,2.6,SW,22.5
28-Apr-19,7,0.49,38,56,3,19.6,23.8,15.6,70.3,87,51,1012.6,1013.5,1011.4,0,3.4,SW,29
29-Apr-19,0,0,0,0,0,19.2,23.4,14.7,60,91,35,1012,1013.2,1010.8,0,4.1,SW,24.1
30-Apr-19,0,0,0,0,0,18.7,22.1,14.1,56.9,77,47,1011.2,1012.4,1010.1,0,4.4,SSW,25.7
1-May-19,0,0,0,0,0,17.1,22.1,12.7,51.9,70,30,1011.3,1012.3,1010.4,0,3.6,W,30.6
2-May-19,0,0,0,0,0,17.3,21.8,11.2,58,78,37,1012,1013.5,1010.7,0,3.9,SSW,25.7
3-May-19,76,0.27,11,32,3,18.6,22.6,13,60.6,81,43,1013.6,1015,1011.9,0,4.3,SSW,27.4
4-May-19,48,0.26,21,49,3,16.5,17.4,15,72,80,61,1010.4,1012.6,1006.6,1.2,3.1,SSW,27.4
5-May-19,63,0.28,18,37,2,18.9,24.4,14.1,70.3,85,46,1005.7,1007.7,1004.2,0,7.2,SSW,46.7
6-May-19,62,0.2,17,32,3,18,22.8,14.3,60.7,83,34,1007.7,1010.2,1005.5,0,6.3,W,35.4
7-May-19,72,0.2,11,26,3,16.8,21.1,13.7,54.7,68,39,1012,1014.9,1009.9,0,6.5,W,41.8
8-May-19,53,0.28,27,41,3,16.6,20.6,13.9,59,71,45,1015.9,1016.7,1014.8,0,3.8,SSW,25.7
9-May-19,50,0.32,30,43,3,17.2,20.3,13.3,65.5,77,52,1012.8,1015,1009.7,0,4.8,SSW,29
10-May-19,49,0.3,13,34,3,19,22.9,16.1,63.6,87,49,1009.9,1012,1008.7,0,4.4,W,22.5
11-May-19,21,0.33,28,39,3,18.8,22.7,15.3,74.3,87,60,1015.3,1017.7,1011.9,0,3.4,SW,24.1
12-May-19,20,0.39,24,36,2,19.5,23.8,14.9,66.9,86,50,1016,1017.4,1013.2,0,3.4,SSW,29
13-May-19,17,0.4,26,51,3,19.6,23,17.2,60.5,71,47,1013.3,1015,1010.7,0,2.9,SW,17.7
14-May-19,17,0.43,31,49,2,19,22.4,15.8,68.3,81,54,1010.2,1011.2,1009.4,0.4,3.8,S,30.6
15-May-19,18,0.4,26,46,3,18.4,21.9,14.8,65.8,86,45,1010.2,1011.1,1009.2,0,3.2,SSW,24.1
16-May-19,21,0.34,26,40,3,18.7,22.8,13.8,65.2,85,50,1009,1010,1007.9,0,3.8,SSW,25.7
17-May-19,18,0.5,34,57,4,18.7,24.3,14.4,70,87,52,1008.5,1009.9,1007.1,0.6,2.5,SSW,24.1
18-May-19,19,0.46,39,44,5,20.9,25.3,14.4,60.9,87,45,1010.6,1011.9,1009.2,0,3.4,SSW,25.7
19-May-19,24,0.38,21,43,2,21.4,25.2,17.6,57,79,40,1010.1,1011.8,1008.4,0,3.8,SW,25.7
20-May-19,19,0.4,24,55,4,20.2,23.7,16.8,69.9,88,57,1012.4,1014.6,1009.2,0,2.2,SSW,19.3
21-May-19,19,0.43,37,50,8,21.8,25.5,17.6,59.1,88,40,1013.6,1014.3,1012.3,0,2.8,SW,22.5
22-May-19,13,0.55,48,66,7,21.3,26.6,15.8,51,70,33,1013.9,1015.8,1011.9,0,2.4,S,17.7
23-May-19,24,0.36,24,47,8,22,26.3,18.2,53.9,68,40,1010.5,1012.6,1008.5,0,4.1,SSW,22.5
24-May-19,28,0.28,16,37,4,21.8,25.9,18.3,54.3,70,40,1010.3,1012.5,1008.5,0,4,W,24.1
25-May-19,28,0.26,15,36,4,21.9,26.2,17,56.5,77,42,1014.3,1016.3,1012.1,0,4.3,SSW,24.1
26-May-19,25,0.32,19,47,7,22.2,26.7,18.1,57.1,69,45,1015.7,1016.3,1014.8,0,3,WSW,20.9
27-May-19,14,0.59,43,69,7,22.1,27.2,18.3,60.2,74,40,1014.3,1017.1,1012,0,2.8,SSW,24.1
28-May-19,18,0.48,42,49,6,22.2,26.7,17.3,62.7,74,45,1011.3,1012,1010.2,0,4.3,SSW,30.6
29-May-19,21,0.29,19,38,4,22.7,28.1,17.3,57,75,37,1014.1,1015.9,1011.6,0,3.9,SSW,29
30-May-19,20,0.38,28,46,5,24.4,29.3,18.1,51.7,76,36,1017,1018.3,1015.5,0,3.8,SSW,24.1
31-May-19,16,0.49,48,54,6,25,30.2,19.2,48.1,69,33,1014.6,1015.8,1012.8,0,3.5,SSW,24.1
1-Jun-19,27,0.22,15,36,4,22.6,26.5,19.3,59.4,79,45,1013.7,1014.3,1012.8,0,4.2,SSW,25.7
2-Jun-19,28,0.15,11,29,5,22.2,25.7,19.7,54.8,74,46,1013.5,1014.6,1012.4,0,4.5,SSW,25.7
3-Jun-19,27,0.2,16,34,5,21.7,24.7,17.9,52.9,64,42,1014.3,1015.3,1013.2,0,4.3,W,29
4-Jun-19,29,0.27,15,33,4,21.3,24.8,18.3,61.9,73,52,1013.6,1014.5,1012.8,0,4.4,SSW,25.7
5-Jun-19,27,0.25,17,35,3,22.4,26.6,18.2,62.2,76,48,1013.2,1014.3,1012.4,0,3.7,SSW,25.7
6-Jun-19,25,0.31,20,43,5,23.6,27.8,18.7,62,81,47,1015.6,1016.6,1013.8,0,3.6,SSW,20.9
7-Jun-19,21,0.45,33,53,4,25.3,30.2,20.4,59.5,75,45,1017,1018.1,1015.8,0,3.2,SSW,20.9
8-Jun-19,15,0.58,47,61,4,28.2,34.3,21.5,48.6,71,25,1016.4,1017.7,1015.2,0,3.8,NE,25.7
9-Jun-19,15,0.45,37,50,4,28.7,33.2,23.3,45.8,64,34,1013.7,1015.4,1012,0,8.6,NE,43.5
10-Jun-19,21,0.36,27,41,2,26.3,29,23.9,52.3,65,43,1011,1013,1009.3,0,9.1,NE,41.8
11-Jun-19,21,0.38,17,43,2,25.5,30.3,21.5,60.9,78,44,1010.5,1011.9,1009.2,0,3.5,E,32.2
12-Jun-19,16,0.45,30,50,3,26.1,30.6,21.1,60.9,79,44,1012.4,1014.3,1010.7,0,3,SSW,19.3
13-Jun-19,20,0.39,25,51,4,27.7,32.1,22.9,56.5,69,42,1014.6,1015.5,1013.4,0,3,WSW,20.9
14-Jun-19,15,0.55,43,66,7,28.9,33.4,22.3,47.5,65,36,1013.6,1014.8,1012.5,0,3.4,SW,19.3
15-Jun-19,16,0.47,30,53,3,29.7,33.6,26.2,43.8,55,32,1011.3,1012.8,1009.5,0,8.2,NNE,33.8
16-Jun-19,20,0.23,16,35,2,28.7,32.7,25.1,49,63,39,1010.6,1011.8,1009.1,0,6,NE,30.6
17-Jun-19,22,0.28,14,44,3,27.7,31.7,23.6,51.8,66,38,1010.8,1011.9,1009.3,1,2.8,SW,19.3
18-Jun-19,18,0.5,23,57,3,26.8,32.7,23.2,55,72,39,1012.2,1013.3,1011.2,0.4,3.1,ESE,32.2
19-Jun-19,17,0.5,26,60,4,25.6,30.6,21.8,61.6,77,45,1011.6,1013.1,1010.6,1.2,2.8,WNW,30.6
20-Jun-19,21,0.44,25,53,4,26.8,30.8,22.6,57.7,73,47,1011.3,1012.3,1010.5,0,3.3,SSW,20.9
21-Jun-19,21,0.5,30,59,4,27.9,31.9,22.8,54.1,70,43,1012.3,1013.3,1011.2,0,3.4,NNE,24.1
22-Jun-19,13,0.61,37,62,3,30.1,35.2,23.7,43.9,66,32,1013.5,1014.1,1012.5,0,5.1,NNE,25.7
23-Jun-19,18,0.33,20,47,3,30.1,34.8,24.4,43.6,55,35,1013.6,1014.5,1012.3,0,3.6,SW,20.9
24-Jun-19,19,0.39,25,59,4,30.1,34.5,24.9,50.3,69,36,1010.2,1012.2,1008.6,0,3.8,WSW,19.3
25-Jun-19,21,0.4,20,40,2,29.4,31.9,26.6,50.8,63,42,1012.3,1014,1010.2,0,11.1,NE,49.9
26-Jun-19,20,0.4,23,36,2,28.9,32.2,25.9,55.2,65,46,1014.2,1015,1013.2,0,12.9,NNE,46.7
27-Jun-19,21,0.45,24,39,2,29.1,32.4,25.9,50.5,66,38,1012.2,1013.8,1010.2,0,9.8,NE,37
28-Jun-19,22,0.46,25,55,2,30.7,35.1,25.2,40,59,26,1008.4,1010.1,1006.9,0,6.8,NE,33.8
29-Jun-19,18,0.31,22,37,2,27.6,30.6,24.1,50.3,60,41,1012.3,1015,1009.2,0,13.7,NE,45.1
30-Jun-19,19,0.19,16,24,3,25.8,28.9,23.2,43.5,61,33,1016.8,1017.7,1015,0,15.2,NE,51.5
1-Jul-19,20,0.34,24,35,2,26.8,30.2,23.1,44.4,57,33,1015.2,1017.3,1012.8,0,13.7,NE,62.8
2-Jul-19,24,0.34,20,45,2,28.1,33.4,22.6,46.9,72,26,1011,1012.7,1009.5,0,5.6,NNE,35.4
3-Jul-19,21,0.34,31,57,4,28.3,33,22.4,47.4,69,33,1011,1012,1010.3,0,3.2,SW,19.3
4-Jul-19,17,0.57,43,67,4,31.1,36.4,23.1,36.4,61,26,1012.5,1014.1,1011.4,0,6.3,NE,32.2
5-Jul-19,21,0.42,35,54,3,30.4,35.3,26.2,49.7,72,37,1012,1013.8,1010.1,0,4.1,NE,22.5
6-Jul-19,19,0.28,25,53,2,29.3,32.9,25.8,52.6,71,43,1010.8,1011.4,1009.9,0,3.7,SW,27.4
7-Jul-19,22,0.27,18,43,4,30.2,35.1,24.1,42.7,58,31,1009.4,1011.1,1007.7,0,3.8,SSW,22.5
8-Jul-19,20,0.36,26,53,5,31.2,36.4,25.3,45,59,34,1008.7,1010.4,1007.5,0,3.9,SSW,24.1
9-Jul-19,21,0.38,28,54,3,30.5,34.8,27.1,51,67,38,1009.9,1011.6,1008.4,0,3.5,SSW,22.5
10-Jul-19,23,0.27,19,46,4,31.3,35.6,26.8,49.1,64,35,1006.9,1008.7,1003.4,0,4.7,SSW,30.6
11-Jul-19,21,0.38,21,35,2,24.9,28,21.7,60.2,71,51,1007.3,1011.4,1001.4,0,10.6,NE,45.1
12-Jul-19,23,0.26,17,35,2,25.2,29,21.3,49.4,61,36,1011.4,1012.4,1010.5,0,4.9,SSW,29
13-Jul-19,27,0.21,13,32,3,25.7,29.3,22.4,62.1,80,47,1009.4,1011.4,1005.7,0,5,SSW,29
14-Jul-19,20,0.2,13,24,2,25.7,30.8,23.3,65.2,81,50,1005,1007.5,1002.8,0.2,5.3,NE,32.2
15-Jul-19,21,0.23,14,31,2,24.8,28,22.9,64.2,73,52,1008.2,1010,1007.2,0,4.6,SSW,25.7
16-Jul-19,23,0.32,17,34,3,25,29.5,21.1,59.7,76,41,1006.1,1007.8,1004.4,0.6,7,NE,32.2
17-Jul-19,21,0.37,21,36,2,24.6,28,20.9,56.5,77,43,1007,1009.7,1004.4,0,6.7,NNE,38.6
18-Jul-19,22,0.43,26,49,2,26.3,30.3,20.9,47,64,35,1011.1,1013,1009.4,0,4.2,NE,30.6
19-Jul-19,19,0.54,40,57,3,27.4,31.8,21.4,40,62,28,1013.4,1014.9,1012.5,0.2,6.6,NE,35.4
20-Jul-19,19,0.33,22,43,2,28,32.3,23.9,40.6,59,27,1015.3,1016.8,1014.3,0,6.7,NE,32.2
21-Jul-19,18,0.28,20,42,2,28.7,32.8,22.7,38.2,53,27,1016.1,1016.6,1015.3,0,8.8,NE,45.1
22-Jul-19,23,0.41,27,52,2,29.5,33.2,25.3,41.2,50,34,1014.6,1016.1,1012.5,0,8.3,NNE,40.2
23-Jul-19,22,0.48,28,57,2,30.1,33.8,26.4,41,53,29,1011.2,1012.6,1010,0,7.6,NNE,33.8
24-Jul-19,20,0.43,22,44,2,28.3,32.6,24.8,51.5,59,36,1011.4,1014.4,1009.8,0,7.3,NE,32.2
25-Jul-19,34,0.45,31,43,2,27.5,31.1,23.9,44.6,62,34,1014.8,1015.5,1013.9,0,9.1,NNE,38.6
26-Jul-19,41,0.61,34,55,2,28.6,33.1,22.5,41.3,54,30,1011,1014.1,1008.3,0,6.4,NNE,30.6
27-Jul-19,57,0.4,26,51,3,29.1,33.9,23.2,46.2,62,32,1006.8,1008.2,1004.9,0,3.3,W,24.1
28-Jul-19,68,0.36,21,49,4,29.2,34.9,24.4,47.8,61,35,1005.9,1007.1,1004.1,0,3.9,SSW,24.1
29-Jul-19,52,0.31,18,39,7,30.4,36.2,23.8,46.1,62,28,1003.3,1004.5,1002.1,0,4.4,W,25.7
30-Jul-19,50,0.3,20,39,5,29.8,34.7,25.9,54.9,70,35,1005.6,1007.7,1004.1,0,3.5,W,24.1
31-Jul-19,40,0.45,22,51,2,29.5,32.7,26,55,64,44,1008.1,1009,1006.7,0,3.5,WSW,32.2
1-Aug-19,32,0.61,34,59,3,31.6,36.3,25,44.7,66,34,1008.9,1009.9,1007.9,0,5.6,NE,30.6
2-Aug-19,51,0.5,25,55,2,31.2,35.7,27.7,51.2,68,42,1009.6,1010.6,1008,0,4.5,NE,27.4
3-Aug-19,58,0.32,16,47,3,30.9,35.8,26.9,51.6,68,36,1005.9,1007.9,1003.9,0,4,SSW,24.1
4-Aug-19,65,0.25,13,32,3,29.8,35.2,26.5,49.1,64,32,1007.4,1010.9,1004,0,6.6,NE,33.8
5-Aug-19,61,0.44,24,40,2,27.4,30.4,24.4,47.4,67,40,1012.2,1013.8,1010.7,0,9.2,NE,38.6
6-Aug-19,52,0.49,30,48,2,27.3,31.3,23.1,42,55,34,1014.2,1015.2,1013.3,0,8.2,NNE,38.6
7-Aug-19,44,0.45,48,59,2,28.4,32.9,22.7,37.1,54,27,1013.7,1014.8,1012.8,0,8.3,NE,43.5
8-Aug-19,53,0.47,26,58,3,29.2,34.8,23.1,44.4,67,30,1011.5,1012.9,1010,0,4.4,ENE,32.2
9-Aug-19,28,0.6,54,68,3,30.9,36.2,23.3,35.5,52,26,1009.7,1010.7,1008.3,0,5.4,NE,30.6
10-Aug-19,50,0.4,29,52,2,31.7,35.4,27.8,37.4,46,31,1010.8,1011.7,1009.5,0,11.3,NNE,51.5
11-Aug-19,67,0.29,20,37,2,31.2,34.7,27.8,34.9,47,24,1010.9,1011.9,1009.9,0,11.3,NNE,45.1
12-Aug-19,67,0.31,20,38,2,30,35.1,26.9,39.9,50,30,1009.2,1010.5,1007.7,0,7.1,NE,38.6
13-Aug-19,68,0.42,20,43,2,29.8,35.1,25.4,43.2,54,32,1007.6,1008.5,1006.5,0,5,NE,33.8
14-Aug-19,71,0.29,14,35,2,29.1,34.7,25.1,52.3,74,28,1006.5,1007.5,1005.1,0,3,W,22.5
15-Aug-19,65,0.24,12,33,2,29,33.7,25.2,55.9,72,41,1007.6,1010.1,1006,0,3.3,W,20.9
16-Aug-19,61,0.27,15,38,2,28.7,32.8,25.6,57,74,41,1010.2,1011.4,1008.8,0,3.2,NNE,29
17-Aug-19,60,0.24,15,31,2,27.6,33,24.3,51,64,36,1012.2,1014.6,1010.7,0,6.5,NE,33.8
18-Aug-19,66,0.28,16,30,2,26.6,30.1,23.4,45,60,34,1014.9,1015.5,1014.2,0,9.2,NE,35.4
19-Aug-19,53,0.37,33,47,2,27,30.7,23.7,42,54,32,1015.3,1016,1014.7,0,10.2,NE,38.6
20-Aug-19,52,0.36,41,46,2,27.3,30.9,24.5,41.7,53,30,1016.4,1017.4,1015.4,0,10.5,NNE,41.8
21-Aug-19,49,0.35,39,46,2,28.3,32.4,24.2,44.8,60,33,1015.5,1016.4,1014.4,0,8.4,NE,37
22-Aug-19,58,0.38,26,47,2,30.5,34.2,26.7,42.6,53,31,1015.2,1016,1014.3,0,9.4,NE,38.6
23-Aug-19,66,0.38,28,45,2,30.6,33.8,27.9,39.9,46,29,1014.9,1016.4,1013.3,0,13.5,NE,49.9
24-Aug-19,57,0.34,29,50,2,30.9,34.1,27.3,42.8,51,38,1013.6,1014.7,1012.2,0,8.8,NE,38.6
25-Aug-19,66,0.27,16,36,2,30.5,34.4,26.7,44.2,57,35,1012.5,1013.4,1011.7,0,7.4,NE,38.6
26-Aug-19,61,0.37,19,43,3,31.4,36.3,26.8,42.9,51,35,1012.4,1013.7,1011.4,0,5.5,NE,32.2
27-Aug-19,53,0.4,27,46,2,30.2,34.2,27.3,41.7,51,31,1014.2,1015.3,1013,0,8.2,NE,40.2
28-Aug-19,52,0.4,36,47,2,28.9,32.1,25.2,39.5,48,31,1014.3,1015.2,1013.3,0,9.6,NE,46.7
29-Aug-19,53,0.44,29,50,2,28.4,32.8,24.7,33.5,50,22,1014.5,1015.2,1013.7,0,6.7,NE,35.4
30-Aug-19,47,0.55,35,53,2,27.7,31.4,22.6,40.3,52,30,1014.6,1015.7,1013.7,0,10.2,NE,46.7
31-Aug-19,53,0.36,27,44,2,26.9,30.6,24.1,42.1,50,30,1012.7,1014.1,1011.7,0,10.1,NNE,43.5
1-Sep-19,56,0.29,17,36,2,27,31.3,23.8,39.1,56,27,1011.4,1012.4,1010.5,0,5.5,NNE,32.2
2-Sep-19,41,0.49,28,54,2,27.9,32.7,22.8,35.2,46,26,1011.6,1012.2,1010.6,0,5.9,NE,40.2
3-Sep-19,32,0.63,51,66,3,27.6,32.3,22.2,34,47,26,1011.5,1012,1010.6,0,5.3,NE,32.2
4-Sep-19,48,0.49,54,63,3,27.6,31.2,23.6,38.2,48,29,1010.2,1011.5,1008.7,0,8.1,NNE,40.2
5-Sep-19,61,0.46,22,44,2,26.8,30.3,24,52.8,61,44,1009.5,1011,1008.4,0,7.2,NE,37
6-Sep-19,57,0.45,22,46,2,26.9,30.5,24.1,46.9,63,37,1013,1014.9,1010.8,0,8.9,NE,37
7-Sep-19,54,0.52,24,44,2,26.4,30.8,22.8,41.9,54,36,1014.6,1015.6,1013.4,0,7,NE,29
8-Sep-19,51,0.45,23,51,2,26.3,31.1,21.1,42.5,54,33,1014.9,1015.6,1014,0,3.3,NE,22.5
9-Sep-19,48,0.44,26,51,2,26.2,30.9,22.2,46.4,59,36,1013.5,1014.8,1011.5,0,3.7,NE,30.6
10-Sep-19,45,0.51,38,52,2,25.8,31.1,21.7,47.2,54,39,1013.1,1014.7,1011.8,0,4,NNE,24.1
11-Sep-19,47,0.41,21,45,2,25.7,30.6,22.7,49.7,62,38,1016.1,1018.5,1013.6,0,5.3,NE,33.8
12-Sep-19,41,0.47,29,49,2,25.9,30.3,21.8,49.9,61,38,1018.6,1019.9,1017.4,0,5.9,NNE,32.2
13-Sep-19,50,0.39,23,39,2,24.8,27.3,21.2,48.8,71,37,1018.4,1019.4,1017.4,0,12.6,NNE,49.9
14-Sep-19,67,0.4,23,44,2,26,29.1,23.3,33.5,40,26,1018.4,1019.5,1017.3,0,12.5,NNE,51.5
15-Sep-19,69,0.31,19,37,2,25.6,28.8,23.2,41.5,53,34,1019.5,1020.7,1018.5,0,13.2,NE,51.5
16-Sep-19,51,0.53,23,47,2,25.1,30.1,20.9,47.5,60,36,1016.4,1018.7,1014.6,0,4.2,NNE,29
17-Sep-19,41,0.57,58,59,4,24.5,30.3,19.7,55,72,35,1014.8,1016,1013.7,0,2.4,S,19.3
18-Sep-19,40,0.52,43,51,4,24.5,29.4,19.3,63.7,84,44,1013.9,1014.7,1012.9,0,2.5,SSW,20.9
19-Sep-19,41,0.56,47,55,4,24.8,28.6,20.1,65,76,50,1014.7,1015.5,1013.8,0,2.7,SW,17.7
20-Sep-19,32,0.46,27,46,3,22.2,26.7,19.4,66.4,75,57,1016.3,1020.6,1013.5,0.8,7.9,NE,41.8
21-Sep-19,48,0.34,21,32,3,20.4,23.4,18.2,48.1,65,37,1022.3,1023.6,1020.4,0,11.7,NE,43.5
22-Sep-19,47,0.3,17,36,3,21,25.8,17.2,51.6,62,36,1020.5,1022.9,1018.3,0,4.8,NE,27.4
23-Sep-19,39,0.48,54,45,5,21.7,25.3,16.8,67.8,81,58,1016,1018.6,1013.1,0,3.1,SSW,19.3
24-Sep-19,21,0.51,35,45,4,21.7,24.1,19.3,82.8,90,72,1009.6,1012.9,1006.7,4,1,SSW,12.9
25-Sep-19,28,0.46,26,43,3,22.9,27.6,19.1,67.8,88,48,1010.9,1013.5,1007.5,0,2.6,NNE,19.3
26-Sep-19,31,0.52,46,40,4,23,26.7,18.4,75.8,87,58,1012.9,1013.9,1011.9,0,2.9,SSW,20.9
27-Sep-19,21,0.66,57,48,5,23.9,28.6,20.2,67.9,88,53,1015,1017.9,1012.7,0,4,NNE,30.6
28-Sep-19,33,0.56,43,49,5,23.8,28.2,19.2,55.8,71,41,1017.8,1019.1,1016.8,0,3.9,NNE,20.9
29-Sep-19,46,0.51,40,47,5,23.5,28.1,18.2,62.5,78,43,1015.5,1017,1013.6,0,2.1,SSW,16.1
30-Sep-19,32,0.61,60,54,6,24.1,28.9,19.3,65.5,81,52,1011.8,1013.5,1010.2,0,2.3,SSW,17.7
1-Oct-19,27,0.6,62,52,6,24.2,28.9,19.6,67.3,82,50,1011.1,1012.5,1010.1,0,2.1,SSW,20.9
2-Oct-19,31,0.62,56,43,5,23.5,28.1,19.8,71.8,83,50,1009.8,1010.8,1008.6,0,2.4,SSW,20.9
3-Oct-19,20,0.45,31,41,4,23.1,27.2,19.9,74.3,85,57,1009.4,1011.6,1007.7,5.8,3.3,SSW,32.2
4-Oct-19,25,0.35,24,27,3,23.2,27.4,19.9,71.9,83,58,1006.8,1009.5,1004,3.4,3.5,SSW,33.8
5-Oct-19,41,0.25,15,22,4,22,26.1,17.8,56.7,86,38,1009.1,1010.3,1007.2,0,3.8,W,30.6
6-Oct-19,41,0.27,12,21,5,22.5,26.7,18.8,58.2,72,44,1010.4,1011.4,1009.6,0,2.6,SSW,20.9
7-Oct-19,39,0.34,13,17,3,20.3,22.9,18.3,74.1,84,63,1007.8,1009.5,1006.3,1,6.7,NE,29
8-Oct-19,32,0.37,14,14,3,18.9,22.6,17.5,73.6,82,62,1017,1022.6,1008.6,0,8.1,NE,37
9-Oct-19,33,0.4,20,18,4,20.1,24.8,16.8,66.9,80,48,1021.8,1024.2,1019.7,0,4.2,NNE,25.7
10-Oct-19,24,0.66,35,22,5,20.8,25.2,16.4,76.5,84,59,1018.8,1020.6,1017.2,0,1.8,NNE,16.1
11-Oct-19,9,0.85,37,28,7,22.3,25.6,19.6,76.7,86,63,1019.6,1022,1017.7,0.2,1.6,NNE,14.5
12-Oct-19,21,0.55,20,23,4,22.8,27.6,18.8,53.7,85,34,1022.4,1023.5,1021.5,0,5.4,NE,37
13-Oct-19,30,0.51,17,21,5,21.9,28,16.5,57.2,73,42,1021.2,1022.4,1019.7,0,2.3,NNE,20.9
14-Oct-19,24,0.8,44,30,7,21.1,28.3,14.9,57.6,74,32,1019.9,1021.7,1018.4,0,1.5,NNE,16.1
15-Oct-19,20,0.84,46,33,9,21.3,26.9,15.3,61.4,79,35,1017.1,1018.9,1015.3,0,1.7,NNE,16.1
16-Oct-19,22,0.7,43,29,8,21.5,25.4,17,69.8,80,56,1016.2,1016.9,1015,0,1.7,SSW,17.7
17-Oct-19,26,0.57,30,26,6,21.6,25.4,18.8,73.9,83,58,1017.7,1018.7,1016.2,0,1.9,SSW,17.7
18-Oct-19,31,0.58,37,22,7,21.1,24.8,17.7,76.7,85,64,1017.9,1019,1016.7,0,1.8,SW,19.3
19-Oct-19,29,0.58,35,23,9,21.4,25.2,17.6,76.8,86,60,1018.5,1019.7,1017.3,0,1.9,SW,16.1
20-Oct-19,24,0.57,21,21,6,21.6,25.5,17.9,74.4,87,60,1020.1,1021,1019.2,0,1.9,NNE,16.1
21-Oct-19,14,0.84,59,27,12,22.2,27.5,16.4,57.2,85,38,1020.3,1021.4,1019.4,0,4.2,NE,29
22-Oct-19,40,0.46,23,21,8,22.3,25.9,19.7,51.9,61,40,1019,1019.9,1017.8,0,9,NNE,43.5
23-Oct-19,36,0.42,15,20,5,21.4,26.1,18.2,51.8,66,38,1018.4,1019.9,1017,0,4.8,NE,33.8
24-Oct-19,26,0.64,22,26,6,21.2,26.7,15.2,43.9,61,30,1016.8,1018.3,1015.4,0,4.4,NE,33.8
25-Oct-19,16,0.95,64,34,10,20.3,27.6,13.7,47.4,60,30,1017.1,1019.5,1015.5,0,1.7,NE,16.1
26-Oct-19,20,0.63,31,30,7,20.3,25.6,14.3,51.7,65,39,1020.4,1021.3,1019.4,0,4.6,NE,37
27-Oct-19,22,0.66,34,31,7,20.5,27.5,14.9,52.6,64,34,1017.7,1020,1015.4,0,3.2,NE,24.1
28-Oct-19,40,0.38,17,25,5,19.2,23.6,14.9,64.1,81,42,1014.5,1015.7,1013,0,1.8,NNE,16.1
29-Oct-19,27,0.69,36,26,6,18.3,22.9,14,75.2,86,55,1016.3,1017.8,1014.3,0,1.6,SSW,16.1
30-Oct-19,21,0.83,46,30,8,19.1,23.6,14.1,75.1,87,56,1018,1018.9,1017,0,1.6,NNE,14.5
31-Oct-19,12,0.67,42,27,6,18.1,21.7,16.4,85,91,75,1016,1018.2,1014.5,13,1.7,NNE,25.7
1-Nov-19,21,0.55,30,19,7,17,18.9,15.3,73.7,84,66,1017.3,1019.3,1015.2,0,10.9,NE,40.2
2-Nov-19,18,0.58,31,26,6,16.9,21,14.3,64.1,79,43,1018,1019,1016.7,0,7.1,NE,30.6
3-Nov-19,26,0.58,36,23,6,17.8,21.1,11.6,71.2,83,58,1017,1018.3,1014.6,0,5,SSW,30.6
4-Nov-19,36,0.32,19,15,4,19.1,22.8,16.1,85.5,92,69,1013.1,1014.6,1011,13.4,5.6,SSW,30.6
5-Nov-19,18,0.66,43,18,7,19.3,23.4,14.3,80.2,94,55,1014.7,1016.1,1013.7,0.2,1.7,NNE,14.5
6-Nov-19,20,0.48,26,19,5,19.5,22.7,15,80,93,61,1013.3,1014.7,1011.8,0,2.6,SSW,20.9
7-Nov-19,28,0.4,20,14,4,21.6,24.8,17.4,75.8,91,59,1012,1013.2,1010.5,0,4.6,S,25.7
8-Nov-19,26,0.43,21,18,4,19.4,23.4,15.2,75.1,87,60,1013.2,1016.4,1010.3,10,3.6,SSW,32.2
9-Nov-19,25,0.74,37,17,7,18.8,22.2,13.4,73.9,88,55,1016.4,1018.3,1013.8,0,2.8,SSW,19.3
10-Nov-19,45,0.2,8,10,3,19.3,21.9,14.7,76.1,85,63,1014.5,1016.8,1012.4,0.8,4.1,SSW,35.4
11-Nov-19,9,0.85,42,22,7,18.1,22.6,14.1,77.9,90,61,1016.3,1017.7,1015.2,0,1,NNE,14.5
12-Nov-19,14,0.72,35,25,8,20.5,24.8,15.9,75,93,52,1013.1,1015.4,1010.5,1.4,1.9,NNE,20.9
13-Nov-19,15,0.41,22,20,4,15.6,18.6,13.5,88.5,92,82,1011.7,1013.2,1009.1,26.6,3.5,S,32.2
14-Nov-19,17,0.68,35,20,7,16.2,21.1,13.1,82.1,92,55,1011.6,1014.4,1010,19,1.5,E,41.8
15-Nov-19,11,1.31,72,20,11,16.5,21.4,12.5,78.5,94,52,1018.2,1021.2,1014.4,0,1,SSW,12.9
16-Nov-19,8,1.04,55,22,11,16.7,21.2,12.4,76.4,91,63,1020.4,1021.9,1018.7,0,1.7,N,16.1
17-Nov-19,21,0.61,26,18,6,17.2,20.5,13.4,78,90,67,1018.1,1019.3,1017.1,0.4,1.5,NNE,14.5
18-Nov-19,18,0.7,38,19,7,18.1,22,15.1,81.4,93,62,1019,1021.7,1016.6,0.2,1.2,SSW,14.5
19-Nov-19,13,0.85,32,24,6,17.8,22.3,14.2,78.4,90,56,1021.3,1022.8,1019.3,0,1.2,NNE,16.1
20-Nov-19,30,0.66,31,23,6,18.4,21.1,14.7,80.3,90,74,1018.2,1019.7,1016.6,0,4,S,24.1
21-Nov-19,44,0.34,12,16,3,18.5,21.7,14.7,80.7,90,72,1014.7,1016.6,1012.2,12.4,5.1,S,29
22-Nov-19,18,0.86,40,22,3,16.1,20.5,12.7,75,92,48,1015.1,1017.5,1013,0,1.7,W,17.7
23-Nov-19,16,0.89,39,23,3,15.8,19.8,12.3,71.9,85,51,1018.2,1019.2,1017.2,0,2,NNE,11.3
24-Nov-19,23,0.58,23,18,2,16.5,18.8,14.2,77.2,85,64,1015.2,1018.6,1008,3.2,4.7,NE,22.5
25-Nov-19,31,0.68,25,21,3,15.5,18.7,12,81.1,92,62,1005.3,1008.2,1003.7,32.8,3.1,ENE,40.2
26-Nov-19,9,1.03,41,21,3,14.9,18.3,11.3,78.7,89,64,1007.2,1010.8,1004.7,0,1.9,NNE,19.3
27-Nov-19,12,1.08,53,23,4,14.6,19,10.6,78.4,90,59,1013.6,1015.6,1011,0,1,NE,11.3
28-Nov-19,22,0.95,48,17,4,16.9,20.2,11.6,75.6,92,64,1014.3,1016.1,1011.2,0,2.6,SW,22.5
29-Nov-19,43,0.31,11,16,2,19,21.7,17.3,64.1,75,50,1013.2,1015.4,1010.6,0,5,W,24.1
30-Nov-19,32,0.38,11,20,3,18.1,21.8,15.4,66.3,76,48,1014.5,1016.1,1013,0,2.7,SW,20.9
1-Dec-19,26,0.54,16,20,2,13.5,16.7,10.3,55.1,72,37,1022.1,1026.2,1016.2,0,5.3,NE,25.7
2-Dec-19,17,0.75,35,27,3,12,15.2,9.3,65.7,81,52,1023.7,1026.1,1020.6,0,2.3,NNE,17.7
3-Dec-19,10,1.23,72,28,5,13.6,19,8.7,78.7,88,61,1018.8,1020.6,1017.3,0,1,SSW,14.5
4-Dec-19,13,0.76,40,19,3,11.4,13.8,10.4,79.5,91,73,1021.5,1026.7,1016.6,0.2,9.6,NE,45.1
5-Dec-19,24,0.54,19,22,2,11,12.8,9.3,66.7,76,59,1027.8,1028.8,1026.6,0,7.4,NE,33.8
6-Dec-19,17,0.78,41,23,4,11.2,15.1,7.1,71.6,80,60,1025.8,1027.9,1022.9,0,1.4,NNE,14.5
7-Dec-19,6,1.18,71,24,4,13.9,18.2,10.7,79.4,87,68,1018.9,1022.7,1016.7,0,1.1,NNE,11.3
8-Dec-19,11,0.99,54,25,4,13.7,18.8,10,68.5,89,47,1018.3,1019.2,1017,0,2.9,ENE,24.1
9-Dec-19,11,1.23,73,26,5,12.9,17.4,7.9,75.6,85,61,1014.5,1018.3,1010.5,0,1.4,ENE,14.5
10-Dec-19,12,0.58,24,25,3,13.5,16.7,12.2,85.8,92,74,1008,1010.7,1005.3,26.8,3,NNE,32.2
11-Dec-19,12,0.7,32,26,3,13.2,16.6,10.9,83.2,94,69,1006.7,1008.3,1004.8,11.2,2.2,E,29
12-Dec-19,13,0.94,44,22,3,11.9,14.3,9.7,81.8,90,71,1005.7,1006.4,1004.7,0.6,3.4,NNE,22.5
13-Dec-19,8,1.19,72,24,6,12.1,16.2,8.9,81.6,92,62,1003.5,1005.4,1000.7,0,1.2,W,16.1
14-Dec-19,25,0.62,26,21,3,12.9,15.7,10.4,83.8,91,73,997.6,1008.1,991.8,17.8,5,S,38.6
15-Dec-19,8,1.11,58,23,4,13.5,18.6,10,82.9,93,68,1018.9,1025,1008.5,0,1.3,ENE,14.5
16-Dec-19,7,1.81,112,21,7,13.6,18.2,9.4,85.8,93,71,1025.9,1027.4,1025.1,0,1.2,NNE,14.5
17-Dec-19,7,1.95,116,23,8,13.4,18.5,9.8,84.8,94,66,1026,1027,1025.1,0.2,0.9,NNE,11.3
18-Dec-19,7,2,112,20,8,13.1,17.9,9.1,84.8,93,69,1027.9,1029.2,1026.8,0.2,0.9,SSW,11.3
19-Dec-19,8,1.36,76,25,5,15,17.6,10.8,83.1,91,76,1027.9,1029.8,1025.4,0,1.2,S,12.9
20-Dec-19,20,0.69,33,23,3,16,18.9,13.2,83.4,92,73,1022.3,1025.4,1019.6,0,2.7,SSW,27.4
21-Dec-19,13,0.83,39,23,5,15.5,19.1,11.8,76.7,91,60,1016.7,1019.8,1013.1,0,2.2,SW,24.1
22-Dec-19,55,0.21,7,9,2,16.7,18.7,11.7,73,87,62,1006.9,1013.3,999.1,9.2,8.1,SSW,53.1
23-Dec-19,24,0.51,17,21,2,13.8,15.9,11.2,73.5,84,66,997.7,999.8,994.9,1.4,2.2,W,27.4
24-Dec-19,14,0.58,26,21,3,12.1,14.8,8.7,58.2,76,48,1004.7,1009.2,998.9,0,3,W,29
25-Dec-19,26,0.34,14,18,4,10.9,13.9,8.8,51.8,67,40,1009.2,1011,1008.1,0,3.6,W,40.2
26-Dec-19,30,0.38,14,19,3,10.3,12.6,7.6,63.9,78,52,1014.5,1018.5,1011.2,0,5,NE,40.2
27-Dec-19,12,0.67,32,29,3,10.1,13.6,6.1,60.3,79,44,1018.4,1019.9,1016.8,0,2.9,NE,19.3
28-Dec-19,25,0.43,21,25,3,8.3,11.1,5.1,60.9,82,46,1016,1017.2,1014.2,7.2,4.3,NE,27.4
29-Dec-19,22,0.35,23,21,2,6.4,7.9,4.7,73.4,82,66,1017.6,1018.9,1016.5,3.4,10.6,NNE,48.3
30-Dec-19,10,0.35,24,18,2,4,7.1,2.4,83.9,90,65,1020,1024.2,1016.6,12.4,5.1,NE,45.1
31-Dec-19,16,0.54,28,23,3,6.3,9.3,3.2,72.8,86,58,1025.2,1026.7,1023,0,2.6,W,27.4
1-Jan-20,9,0.99,67,30,4,7.3,11.5,2.1,69.5,84,53,1022.9,1025.1,1021.1,0,5,NE,35.4
2-Jan-20,30,0.28,16,22,2,6.9,8.4,4.4,64.1,79,53,1024.9,1026.7,1023.9,0.6,11.7,NNE,61.2
3-Jan-20,22,0.45,20,31,2,8.5,11.6,6.1,54.9,69,42,1022.7,1024.8,1020.7,0,3.5,NE,37
4-Jan-20,5,0.92,79,49,5,9.7,15.8,4.5,59.2,80,29,1018.4,1020.7,1015.1,0,1.4,ENE,11.3
5-Jan-20,11,0.63,38,29,3,8.6,12.6,6.3,71.7,83,55,1010.9,1015.1,1008.7,1.2,4.8,NNE,46.7
6-Jan-20,29,0.25,13,16,2,5.7,6.8,4.8,78.5,84,72,1012.6,1016,1009.5,6,12,NE,49.9
7-Jan-20,23,0.33,14,23,2,5.7,7.8,3.4,71.3,84,60,1019.8,1022.9,1016,0.2,5.3,NE,33.8
8-Jan-20,22,0.42,19,29,2,6.9,8.9,5,55.7,69,48,1025.4,1027.4,1022.8,0,6.5,NNE,40.2
9-Jan-20,18,0.6,34,35,3,7.1,10.7,3.7,61.5,77,52,1026.1,1027.7,1024.9,0,2.3,NE,29
10-Jan-20,6,1.57,123,48,8,7.8,14.6,2.2,62.6,81,32,1024,1025.2,1022.5,0,1.1,ENE,12.9
11-Jan-20,7,1.68,140,41,7,9.1,14.7,3.7,74.4,87,46,1023.3,1024.6,1021.7,0,1,N,11.3
12-Jan-20,8,1,64,33,4,10,14.9,5.3,71.6,84,49,1025,1026.9,1023.1,0,1.6,NNE,22.5
13-Jan-20,5,0.8,48,31,3,10.1,13.9,6.9,72.9,87,56,1026.4,1027.6,1025.2,0,2.3,NE,24.1
14-Jan-20,6,1.14,87,30,6,9.6,14.7,5.1,74,88,58,1026,1027.2,1024.9,0,1.3,NNE,12.9
15-Jan-20,5,0.74,48,29,4,9.9,13.6,7.2,74.7,85,62,1026.5,1027.8,1025.2,0,3.6,NE,37
16-Jan-20,13,0.54,24,32,3,10.6,14.2,7.2,63.7,79,53,1023.3,1025.4,1021.7,0,3.5,SSW,25.7
17-Jan-20,24,0.45,16,25,2,9.8,11.5,8,62.4,80,53,1024.1,1025.8,1022.2,0.2,7.3,NE,45.1
18-Jan-20,18,0.41,19,24,2,8.8,9.9,7.7,71.9,80,66,1023.7,1025.5,1022.3,0.4,4.2,NE,19.3
19-Jan-20,22,0.35,15,22,2,8.4,10.6,6.4,73.2,81,64,1024.2,1029.9,1021.4,0.2,4,NE,25.7
20-Jan-20,19,0.44,20,25,2,8.3,10.1,7.4,69,77,59,1035.8,1039.8,1030.1,0,6.4,NE,29
21-Jan-20,21,0.48,19,24,3,7.3,9.5,3.3,65.3,74,60,1037.6,1039.5,1034,0,4.7,NE,29
22-Jan-20,7,1.18,93,44,8,8,14.8,2.2,60.6,79,32,1029.3,1034,1024.1,0,1.2,E,14.5
23-Jan-20,10,1.33,111,35,7,8.9,16.8,3.3,64.6,86,30,1026.6,1033,1022.1,0,6.6,NE,43.5
24-Jan-20,18,0.77,48,34,5,8.4,12.7,5.2,64.7,82,47,1032.2,1034.5,1029.3,0,2,NNE,16.1
25-Jan-20,10,1.25,100,32,6,9.4,14.2,3.7,79,87,66,1027.6,1029.4,1026,0,2.1,SSW,19.3
26-Jan-20,5,1.42,101,29,5,11.3,14.2,7.4,83.8,89,75,1024.9,1027,1021.7,0,1.1,NNE,9.7
27-Jan-20,8,0.66,36,26,3,12,15.7,8.1,86.6,91,79,1018.3,1021.8,1015.8,7.6,1.8,SW,19.3
28-Jan-20,13,0.64,41,29,3,12.1,17.1,6.8,70.3,91,49,1016.6,1018.2,1015.5,0,3.3,W,27.4
29-Jan-20,22,0.45,14,26,2,14.4,18.2,10.3,67.8,82,52,1014,1015.8,1012.4,0,3,SW,22.5
30-Jan-20,23,0.44,12,22,2,14.1,18.4,10.4,58.7,78,37,1016.8,1021.8,1013.1,0,5.2,W,24.1
31-Jan-20,32,0.55,34,25,3,11.6,15.3,6.8,63.2,77,55,1020.5,1022.9,1017.6,0,2.9,NNE,27.4
1-Feb-20,13,1.03,63,35,6,12.3,18.4,7.5,72,85,50,1018.9,1020.2,1017.6,0,1.8,SSW,16.1
2-Feb-20,14,0.84,47,28,3,12.5,17.2,7.9,79.4,89,63,1019.4,1020.6,1018.1,0,1.7,SSW,16.1
3-Feb-20,12,0.57,35,24,3,13.3,17.3,8.2,76.7,91,61,1016.9,1019.9,1014.5,0,3.1,SW,29
4-Feb-20,13,0.73,45,25,3,13.6,17.4,9,76.8,87,60,1009.1,1015.5,999.5,0,2.5,SSW,19.3
5-Feb-20,30,0.29,10,17,2,11.8,15.2,6.5,70.3,85,53,994.8,1000.6,989,3.6,5.7,W,38.6
6-Feb-20,22,0.42,15,20,2,6.5,8.2,5.3,69.8,81,61,1010.3,1018.8,1000.9,0.6,5.5,NE,32.2
7-Feb-20,34,0.39,13,24,3,6.5,9.1,4.2,54.2,75,42,1020.8,1023.8,1018.1,0,4.7,W,32.2
8-Feb-20,21,0.47,19,30,2,6.1,7.5,4.3,65.1,76,54,1029.3,1032.3,1024.1,0,5.6,NE,29
9-Feb-20,18,0.77,48,35,4,7.1,11.7,1.8,66.9,83,50,1032.9,1034.7,1031.2,0,1.8,NNE,16.1
10-Feb-20,16,0.83,74,27,4,10.9,16.6,4,68.2,88,45,1024.3,1031.3,1017.6,0,4.7,W,38.6
11-Feb-20,30,0.34,12,22,2,14.6,18.5,10.8,69.5,83,56,1014.4,1017.7,1012.5,0,4.3,SW,29
12-Feb-20,9,0.77,41,31,3,14.7,19.9,10.2,73.8,86,57,1015.2,1019.6,1012.6,0,3.4,NNE,22.5
13-Feb-20,10,0.67,24,28,2,13,17.1,9.7,69.6,84,51,1024.2,1026.1,1019.5,0,4.1,NNE,24.1
14-Feb-20,15,0.73,49,24,4,12.4,14.4,9.2,78,89,68,1019.3,1024.8,1012.8,0,3.8,SSW,25.7
15-Feb-20,10,0.48,20,22,2,12,14.1,10.7,75.3,89,65,1018.8,1025.7,1012.5,1,7.2,NNE,43.5
16-Feb-20,16,0.38,12,21,2,11.3,14.4,9.5,59.7,71,48,1028,1029.5,1025.6,0,9.7,NE,37
17-Feb-20,21,0.64,26,28,3,11.6,16.3,6.8,59.4,74,43,1025.4,1028.6,1022.4,0,4.5,NE,37
18-Feb-20,19,0.93,58,32,5,10.6,16.4,4.8,64.4,81,38,1020.1,1022.3,1018.2,0,1.7,SSW,17.7
19-Feb-20,23,0.87,57,30,4,11.8,15.7,6.3,75.5,86,62,1017.6,1019.9,1014.4,0,2.2,SSW,17.7
20-Feb-20,21,0.47,18,28,2,12.1,16.8,8.6,74.3,88,48,1012.3,1014.8,1009.5,2.4,3.5,W,27.4
21-Feb-20,28,0.4,13,22,2,9.3,11.5,6.8,69.3,81,61,1019.5,1022.4,1014.8,0,4.2,W,32.2
22-Feb-20,19,0.56,30,30,3,7.8,10.2,5.6,72.9,79,62,1024,1026.9,1021.1,0.2,6.3,NE,37
23-Feb-20,25,0.45,23,26,3,9.4,13.3,6.4,64.8,79,47,1024.5,1026.5,1021.5,0.2,5.3,NNE,32.2
24-Feb-20,14,1.19,87,33,6,11.3,17.1,5.1,67.4,83,45,1017.6,1021.5,1015.1,0,2.1,SSW,19.3
25-Feb-20,22,0.54,25,31,3,14.4,18.3,11.1,67.7,86,47,1018.1,1020.6,1014.2,0,3.7,SSW,20.9
26-Feb-20,25,0.45,20,28,3,14.4,18.7,8.8,75,92,51,1010.7,1014.2,1008.6,0,3.2,SSW,24.1
27-Feb-20,47,0.2,7,12,2,14.7,19.7,9.2,61.6,86,37,1009.8,1014.5,1007.5,0,9.7,SSW,40.2
28-Feb-20,42,0.34,15,23,3,12.2,15.5,7.1,55.5,79,35,1012.6,1015.3,1010,4,3.9,SW,27.4
29-Feb-20,37,0.36,13,21,2,10.1,13.5,7.5,46.3,64,35,1018.3,1022.2,1011.9,0,6.4,NNE,38.6
1-Mar-20,29,0.64,39,31,4,11.1,15.8,5.3,62.3,77,44,1019.6,1021.9,1017.8,0,2.3,SSW,19.3
2-Mar-20,28,0.52,25,30,3,13.4,16.4,9.8,69.7,82,57,1016.8,1018.1,1015.8,0,2.2,SSW,19.3
3-Mar-20,39,0.45,23,19,3,16.1,19.6,10.3,67,85,49,1014,1016.8,1010.4,0,8.5,S,40.2
4-Mar-20,42,0.28,10,19,2,15.2,17.3,10.7,67.6,80,54,1007.1,1010.2,1005.7,0,7.4,S,40.2
5-Mar-20,22,0.5,23,28,4,13.5,18.8,8.6,62.3,81,41,1007.2,1010.1,1005.4,0,2.1,NE,22.5
6-Mar-20,25,0.58,32,26,3,13.3,16.9,8.3,68.5,84,50,1011.6,1012.9,1010,0,3.3,SSW,24.1
7-Mar-20,32,0.42,20,24,2,15.1,18.3,10.1,71,81,54,1013,1014.2,1012,0,6.9,SSW,46.7
8-Mar-20,40,0.25,9,15,2,17,18.8,14.1,70.8,79,65,1013.8,1015.3,1012.1,0,7.6,S,37
9-Mar-20,25,0.3,12,25,2,11.2,14.1,9.4,82.1,89,74,1008.4,1012.5,1006.1,23,1.8,WNW,19.3
10-Mar-20,31,0.36,16,26,3,12.9,16.7,8.8,65.8,86,47,1012,1015.6,1007.4,0.2,3.1,SW,24.1
11-Mar-20,13,0.89,43,31,4,12.6,18,9.2,70.5,82,53,1017.7,1019.7,1015.3,0,2.6,NE,24.1
12-Mar-20,11,0.71,28,28,3,14.4,19.1,7.8,59.2,85,42,1017.7,1019.9,1014.6,0,5.8,NE,35.4
13-Mar-20,9,0.75,36,27,3,18.1,23.6,12.1,50.1,75,32,1011.5,1014.4,1009.1,0,3.1,NE,30.6
14-Mar-20,7,0.73,41,27,3,16.7,23.7,10.6,63.4,82,37,1012.9,1014.7,1011.7,0,2.1,SSW,16.1
15-Mar-20,8,0.34,14,17,2,13.7,19.4,9.4,72.9,84,59,1015,1020.8,1011.2,2,11.6,NE,49.9
16-Mar-20,30,0.25,10,13,2,9,11,7.9,60.8,78,47,1026.9,1030.1,1020.7,0,16.7,NNE,53.1
17-Mar-20,41,0.31,12,19,3,10.2,15.4,5.6,50.8,63,36,1028.2,1031.2,1025.2,0,6.6,NE,33.8
18-Mar-20,28,0.4,23,23,3,11,17.2,4.5,54.4,65,35,1024.4,1026.9,1022.2,0,5.4,NE,37
19-Mar-20,50,0.23,7,16,2,11.4,15.1,6.8,46.2,65,29,1025,1027.1,1022.9,0,8.1,NE,33.8
20-Mar-20,19,0.48,27,30,3,13,18.8,5.4,48.1,66,35,1021.1,1022.8,1019.8,0,5.2,NE,40.2
21-Mar-20,44,0.4,17,28,3,14.8,20.2,8.4,55.1,75,38,1016.9,1019.8,1014.8,0,2.2,SSW,19.3
22-Mar-20,53,0.23,6,17,2,13.9,16.4,10.3,75.6,85,57,1013.7,1014.8,1012.5,0,2.8,SSW,25.7
23-Mar-20,28,0.25,8,19,2,14.1,17.6,11.5,79,89,61,1012.3,1013.1,1011.3,5,1.9,NNE,14.5
24-Mar-20,28,0.18,7,12,2,13.7,18.6,10.6,69.3,87,49,1014,1016.7,1012.2,1.4,2.8,W,16.1
25-Mar-20,40,0.1,5,5,2,11.5,13.7,10.4,74.1,84,63,1016.2,1018.7,1013.6,1.8,13.9,NE,45.1
26-Mar-20,28,0.17,7,8,2,11.6,12.4,10.6,83.9,86,81,1012.3,1013.5,1011.3,2.8,10.4,NE,35.4
27-Mar-20,30,0.18,6,12,2,11,11.9,9.6,85.1,91,79,1011.9,1014.4,1010,11.8,5.9,NE,35.4
28-Mar-20,38,0.18,8,12,2,12,16.4,6.9,74.5,88,49,1012.8,1014.4,1011.4,0.2,2.5,SW,22.5
29-Mar-20,35,0.23,7,14,2,12.6,16.6,9,75,90,59,1011.4,1013.1,1010,0,1.9,SSW,20.9
30-Mar-20,22,0.38,21,17,3,13.6,19,7.7,65.2,89,40,1011.2,1012.7,1009.7,0,2.4,ENE,25.7
31-Mar-20,44,0.23,7,14,2,15.4,20.8,10.1,55.4,71,36,1011.5,1014.1,1009.9,0,6.5,NNE,33.8
1-Apr-20,57,0.17,5,12,2,13.5,16.4,10.6,70,78,61,1011.4,1013.8,1008,0,4.6,NNE,24.1
2-Apr-20,59,0.18,5,10,2,12.3,16.3,9.1,52,62,40,1011.4,1015,1008,0,5.2,NNE,29
3-Apr-20,50,0.2,6,13,2,11.2,12.8,9.8,70.8,78,62,1015.2,1016.9,1012.1,0.4,4.2,NNE,22.5
4-Apr-20,44,0.18,5,9,2,11.8,14.7,9.6,82.4,88,77,1007.9,1013.2,1004.3,8,8.6,NE,41.8
5-Apr-20,46,0.1,5,7,2,12,15.1,10,77.1,84,70,1010.2,1017.2,1004.4,7.8,4.7,NNE,37
6-Apr-20,57,0.18,6,12,2,10.5,11.6,9.4,69.9,77,65,1020.8,1022.9,1017.1,0.2,7.3,NNE,37
7-Apr-20,53,0.15,7,11,2,11,13.6,8.6,58,77,42,1022.4,1023.6,1021.5,0.4,12.7,NNE,70.8
8-Apr-20,63,0.15,5,9,2,13.4,16.3,10.5,44,54,36,1020.3,1021.9,1018,0,11.4,NE,46.7
9-Apr-20,63,0.18,6,14,2,14.8,19,10.8,38,54,25,1017.6,1018.5,1016.7,0,6.5,NE,38.6
10-Apr-20,33,0.31,10,23,2,16.8,22.6,9.4,39,57,27,1017,1018,1015.7,0,4.9,NE,38.6
11-Apr-20,31,0.34,14,25,3,17.7,24.4,9.3,45.7,67,26,1018.6,1019.9,1017.5,0,2.6,SSW,20.9
12-Apr-20,24,0.26,8,17,2,18.3,23.9,11.2,44.5,70,26,1020.5,1021.7,1019.6,0,5.5,NE,25.7
13-Apr-20,50,0.25,14,24,2,17,22.3,11.3,51.8,66,35,1019.5,1021,1017.1,0,2.6,SSW,19.3
14-Apr-20,60,0.24,13,19,4,17.4,22.8,11,53.3,72,31,1014.4,1017,1010.3,0,5.5,S,30.6
15-Apr-20,46,0.22,9,15,2,15.4,20,11.7,57.6,66,48,1013.5,1021.1,1007.5,0,6.3,NE,45.1
16-Apr-20,53,0.17,6,10,2,14.4,18.6,10.7,47.7,64,35,1021.6,1024.1,1019.3,0,6.7,NE,41.8
17-Apr-20,52,0.2,7,16,4,14.8,20.6,8.7,56.3,77,35,1016.8,1019.3,1015.2,0,2.9,SSW,20.9
18-Apr-20,35,0.22,9,17,3,16.5,21.7,10.4,65.7,79,48,1015.8,1016.9,1014.7,0,2.4,SW,19.3
19-Apr-20,38,0.21,6,11,2,17.6,23.4,12.2,62.7,81,42,1014,1016,1011.5,0,2.3,SW,19.3
20-Apr-20,43,0.12,5,9,2,17.7,22.1,13.4,75.7,85,56,1011.1,1013,1008.8,0,3,SW,27.4
21-Apr-20,26,0.19,5,8,2,15.8,19.1,12.3,70.8,85,63,1012.1,1014,1010.5,0.8,10.8,NE,43.5
22-Apr-20,41,0.17,5,7,2,12.9,16.3,11,62.3,80,49,1016.4,1018.6,1013.5,1,10.6,NE,46.7
23-Apr-20,54,0.18,6,9,2,13.5,17.1,11.2,49.7,67,37,1016.2,1017.6,1014.1,0,6.2,NE,35.4
24-Apr-20,53,0.17,5,10,2,15.3,20.4,10.5,40.9,59,24,1012.2,1014.1,1010.5,0,3.6,W,19.3
25-Apr-20,39,0.22,8,17,3,15.9,21.3,8.5,52.8,70,33,1010.1,1011.4,1008.8,0,3.1,SSW,29
26-Apr-20,48,0.12,5,11,2,16.8,22,11.9,61.2,73,42,1009.5,1010.4,1008.7,0,3.3,SSW,20.9
27-Apr-20,28,0.25,15,17,2,17.9,22.7,12.5,63.2,77,46,1012.2,1014.7,1009.9,0,2.9,SW,22.5
28-Apr-20,24,0.23,11,20,2,18.4,23.6,13.5,60.1,76,42,1014.4,1015.2,1013.7,0,2.7,SSW,20.9
29-Apr-20,28,0.2,9,17,2,19.2,24.3,13.6,59.4,77,39,1011.9,1013.6,1010,0,3.8,SSW,25.7
30-Apr-20,23,0.14,5,10,2,20.5,25.7,16.1,54.8,69,34,1009.5,1011.4,1007.8,0,4.4,SSW,27.4
1-May-20,29,0.11,5,10,2,20,24.6,15.4,55.4,70,41,1010.6,1012.1,1009.2,0,4.3,SSW,24.1
2-May-20,34,0.13,6,10,2,20.2,25.9,15.8,54.3,71,34,1007.6,1010,1004.8,0,4.5,SSW,30.6
3-May-20,26,0.1,5,6,2,20.7,25.6,17.2,56,72,34,1006.1,1008.6,1004.4,0,5.3,SSW,29
4-May-20,28,0.25,7,12,2,18.4,22.2,14.9,48.9,80,34,1010.8,1014.2,1008.2,2.4,4.6,NE,38.6
5-May-20,45,0.21,7,13,2,19.1,24.2,14.3,48.1,65,32,1015.2,1016.7,1013.9,0,4.7,SSW,27.4
6-May-20,34,0.26,8,17,2,20.8,25.6,15.7,48.7,65,29,1011,1013.8,1008.8,0,4.5,SSW,30.6
7-May-20,31,0.25,7,13,2,17.5,19.9,13.5,48.4,60,35,1013.7,1017.6,1009.1,0,6.3,NE,33.8
8-May-20,33,0.25,7,15,2,19,24.8,13.9,49.4,73,26,1018.5,1019.9,1017.2,0,4.3,NE,29
9-May-20,39,0.25,9,20,2,19.1,24.4,13.4,48.2,70,33,1017.3,1019,1015.3,0,3,SW,22.5
10-May-20,23,0.31,8,21,2,20,24.4,14.3,57.8,73,44,1015.7,1016.7,1014.7,0,2.1,SW,19.3
11-May-20,13,0.31,8,14,2,21.3,25.1,17.5,60.2,82,38,1014.5,1015.7,1012.5,0,3.8,SSW,29
12-May-20,4,0.33,9,14,2,23.2,27.8,19.1,52.3,64,45,1012,1014,1011.1,0,3.4,SW,20.9
13-May-20,6,0.52,24,20,3,23,29.3,16.2,55.2,73,33,1016.7,1018.5,1013.8,0,2.4,SW,20.9
14-May-20,5,0.58,20,26,2,23.7,29.3,17.6,52.3,73,35,1016.6,1017.7,1015.5,0,2.2,W,20.9
15-May-20,3,0.81,34,24,3,26,32.6,19.1,45.8,67,31,1015.1,1016.2,1013.8,0,2.1,SW,16.1
16-May-20,3,0.83,34,19,3,27.8,35.4,19.9,43.1,65,24,1016.1,1017.5,1014.7,0,2.1,SW,14.5
17-May-20,3,0.51,13,16,2,28.4,35.8,21.4,45.1,69,22,1016.3,1017.4,1014.5,0,1.7,SW,16.1
18-May-20,3,0.52,18,19,2,27.6,32.7,21.3,53.9,72,38,1015.7,1016.7,1014.3,0,2.7,SW,19.3
19-May-20,3,0.39,11,17,2,27,32.7,22.8,56.6,77,39,1013.9,1016.1,1010.9,0,2.5,SSW,19.3
20-May-20,0,0.31,10,11,0,25.1,28.9,20.9,64.5,87,44,1007.2,1010.9,1004.8,0,3.3,SW,29
21-May-20,0,0.24,6,8,0,23.1,27,19.7,56.6,73,45,1006.5,1011.1,1004.7,0.2,5.4,W,25.7
22-May-20,7,0.35,6,8,0,18.9,22.4,16.3,56,76,44,1018.5,1023,1011.2,0,11.3,NE,43.5
23-May-20,24,0.29,7,15,0,20.5,26.2,15.3,43.5,58,30,1022.6,1024.7,1021.3,0,4.9,NNE,37
24-May-20,50,0.23,6,14,0,20.1,23.2,15.5,47.5,67,36,1022.2,1024.3,1018.9,0,3.4,SSW,25.7
25-May-20,8,0.39,7,14,2,21.2,25.1,16.4,59.3,85,47,1018.8,1019.8,1017.3,5.6,6.3,NE,29
26-May-20,17,0.33,7,11,2,16.8,21.5,13,70.5,86,52,1017.6,1018.4,1016.5,6.8,4.3,NE,33.8
27-May-20,27,0.3,7,14,2,15.8,18.6,12.9,66.3,81,51,1018.6,1021.3,1016.4,0,3.9,W,30.6
28-May-20,24,0.41,11,19,2,16.6,21.4,13.7,68.7,86,51,1018,1019.5,1016.3,17.2,2,NE,22.5
29-May-20,14,0.48,18,22,2,17.7,22.7,12.4,68.6,87,49,1016.6,1017.1,1015.7,0,2.3,NNE,22.5
30-May-20,31,0.45,17,19,3,19,22.3,13.5,63.9,85,46,1015.7,1016.4,1014.7,0,3.9,SSW,27.4
31-May-20,32,0.33,10,18,2,19.3,22.9,16,64.5,78,40,1013.2,1014.8,1011.4,0,3,SSW,22.5
1-Jun-20,17,0.35,10,18,2,18.7,23.6,14.8,68,80,48,1010.5,1011.6,1009.4,0.4,2.9,NNE,33.8
2-Jun-20,21,0.32,10,16,2,19.5,23.3,14.3,66.6,85,49,1009.3,1010.2,1008.4,0,4,SSW,24.1
3-Jun-20,15,0.31,10,14,2,20.3,24.8,16.7,69.6,87,47,1009.2,1011,1007.8,11,2.5,SSW,29
4-Jun-20,12,0.42,19,15,2,21,25.2,15.8,64.4,89,44,1012.6,1014.7,1010.5,0,4,SSW,27.4
5-Jun-20,16,0.39,12,17,2,21.6,25.3,16.2,62.4,78,38,1012.3,1014.6,1007.9,0,5.7,SSW,37
6-Jun-20,16,0.28,8,12,2,23,26.2,19.6,64.9,76,56,1007.3,1008.3,1006,0,5,SSW,30.6
7-Jun-20,15,0.23,7,12,2,23.1,26.6,19.3,60.9,77,48,1009.4,1010.5,1007.7,0,3.7,SSW,24.1
8-Jun-20,10,0.3,9,13,2,24.3,28.4,19.1,61,76,45,1009.2,1009.9,1008.3,0,2.8,SW,20.9
9-Jun-20,6,0.35,12,12,2,24.2,27.7,20.6,65.7,82,43,1008,1009.2,1007.2,0,3.6,SSW,29
10-Jun-20,6,0.31,11,12,0,25.2,29.5,20.9,55.4,76,39,1008.8,1009.8,1007.8,0,4,SSW,29
11-Jun-20,8,0.23,7,11,0,25.1,29.3,20.9,44.9,67,32,1008.8,1009.7,1007.2,0,5.6,W,40.2
12-Jun-20,13,0.25,6,13,0,24.8,29.8,20.2,46.7,61,31,1008.4,1009.6,1006.6,0,4.4,W,25.7
13-Jun-20,22,0.24,7,14,0,24.5,28.2,21.2,52.5,64,39,1007.9,1008.6,1006.9,0,4.5,SSW,24.1
14-Jun-20,18,0.22,7,13,0,26.3,32.2,20.7,49.9,69,30,1007.4,1008.6,1006.5,0,5.9,SSW,35.4
15-Jun-20,12,0.29,8,14,2,26.7,32.6,21.4,47.1,61,29,1008.4,1009.4,1007.4,0,4.1,SSW,33.8
16-Jun-20,17,0.27,8,13,2,25.2,30,20.3,51.6,70,33,1007.4,1008.1,1006.3,0,4.4,SSW,27.4
17-Jun-20,13,0.22,6,10,2,26.1,30.9,21.8,49,63,35,1007.8,1010,1006.7,0,4.8,W,29
18-Jun-20,8,0.23,6,9,0,27.2,32.2,21.3,47.6,65,32,1009.7,1011,1008.2,0,4.2,W,29
19-Jun-20,5,0.24,7,10,0,28,33.3,23.2,44.2,61,26,1011.3,1012.1,1009.8,0,4.9,W,29
20-Jun-20,6,0.32,10,17,0,26.9,31.8,23.4,49,61,32,1009,1011.8,1005.7,0,2.8,SW,24.1
21-Jun-20,7,0.34,11,16,0,26.1,30.9,22.2,53.6,69,39,1005.1,1006.8,1003.9,0,3.5,W,22.5
22-Jun-20,13,0.25,7,10,0,23,28.1,18.9,67.5,87,49,1007.8,1009.2,1006.2,5.2,3,W,25.7
23-Jun-20,15,0.26,11,13,3,23.5,27.4,19.3,66.3,82,52,1010.6,1013,1008.5,0.2,3.7,SSW,22.5
24-Jun-20,10,0.31,9,11,2,24.5,27.3,21.1,68.8,80,58,1015.7,1017.9,1012.4,0,2.4,SW,16.1
25-Jun-20,5,0.29,9,9,2,26.5,30.4,21.4,55.2,77,43,1016.8,1017.9,1015.5,0,5.8,NE,30.6
26-Jun-20,4,0.27,6,7,4,26.9,30.2,23.2,55.1,64,45,1015.5,1016.4,1014.5,0,7.1,NE,38.6
27-Jun-20,5,0.25,6,7,3,27.3,31.1,24.2,43.8,63,33,1013.8,1014.8,1012.6,0,7.8,NE,37
28-Jun-20,8,0.23,6,10,5,28.1,33.2,23,36.6,50,26,1012.2,1013.1,1011.1,0,5.8,NE,33.8
29-Jun-20,4,0.43,13,16,0,27.9,34.1,21.5,44.8,57,33,1009.8,1011.4,1008.1,0,3.6,NE,32.2
30-Jun-20,3,0.45,17,16,2,29.5,35.1,22.9,48.1,61,35,1009.2,1010.5,1008.2,0,2.6,SW,22.5
1-Jul-20,4,0.4,19,16,7,31.3,36.1,24.8,42.5,57,34,1009.7,1010.8,1008.3,0,6.5,NE,30.6
2-Jul-20,4,0.23,7,8,14,31.1,35.4,26.4,41,53,33,1008.2,1009.6,1006.8,0,6.1,NE,30.6
3-Jul-20,25,0.32,14,19,0,30.2,35.2,25.4,49.9,62,40,1007.8,1009.6,1006.4,0,3.9,WSW,29
4-Jul-20,59,0.31,10,19,0,30.1,34.8,25.4,54.1,65,40,1009.4,1010.4,1008.5,0,3,W,25.7
5-Jul-20,62,0.25,7,14,0,29.4,33.3,25.8,52.7,62,39,1006.9,1008.4,1004.6,0,6.5,NE,35.4
6-Jul-20,75,0.27,7,13,0,28.2,32,24.2,55.8,65,46,1002.4,1004.5,1000.3,0,4.2,W,22.5
7-Jul-20,60,0.37,8,17,0,27.6,31,25.4,64.1,76,52,1003.4,1007.5,1000.2,0,2.8,W,19.3
8-Jul-20,18,0.32,7,10,0,27.5,31.2,25.2,55.1,72,47,1011.6,1014.5,1007.7,0,8.9,NE,38.6
9-Jul-20,9,0.25,6,7,0,26.3,30.4,23.2,48.2,68,37,1014.7,1016,1014,0,10.2,NE,37
10-Jul-20,15,0.25,6,9,0,27.2,31.3,23.5,43.6,55,32,1013.1,1014,1012.2,0,8.5,NE,41.8
11-Jul-20,18,0.3,7,11,0,28.3,33.4,23.7,39.1,56,24,1011.8,1013,1010.6,0,3.3,NE,20.9
12-Jul-20,14,0.29,9,11,0,29.1,33.5,24,42.3,56,33,1010.4,1011,1009.7,0,6.1,NE,33.8
13-Jul-20,11,0.3,6,10,0,27.6,31.2,23.8,49.9,64,41,1010.2,1011.7,1008.6,0,10.5,NE,38.6
14-Jul-20,7,0.21,5,6,0,25.5,28.6,22.6,43.6,65,34,1012.2,1013.9,1010.8,0,11.1,NE,45.1
15-Jul-20,19,0.33,6,10,0,26.1,30.6,22.3,47.8,69,36,1013.8,1014.7,1012.5,0,4.3,NE,24.1
16-Jul-20,33,0.44,11,18,0,26,29.3,22.6,54.7,68,46,1011,1012.7,1009.5,0,3.3,SW,20.9
17-Jul-20,14,0.4,7,14,0,27.5,31.1,23.4,45,57,38,1009.1,1010.4,1007.9,0,4.9,NE,24.1
18-Jul-20,18,0.36,8,14,0,27.8,32.1,23.7,48.2,71,36,1008.7,1010.3,1007.3,0,3.5,W,24.1
19-Jul-20,38,0.35,8,16,0,27.1,31.4,24.1,57.3,76,42,1009.8,1010.9,1009,0,3.4,SW,22.5
20-Jul-20,28,0.42,10,19,0,27.8,31.6,23.3,54.4,71,42,1012.2,1014.5,1010.2,0,3.5,NNE,19.3
21-Jul-20,10,0.35,8,12,0,28.5,32.4,23.5,48,67,38,1014.1,1015,1013.1,0,5.8,NE,35.4
22-Jul-20,9,0.28,6,8,0,28.9,32,25.1,43.4,54,36,1011.9,1013.8,1009.4,0,8.9,NE,45.1
23-Jul-20,17,0.28,6,10,0,29.5,33.1,26.7,38.6,48,34,1008.3,1009.4,1007.3,0,8.8,NE,41.8
24-Jul-20,19,0.31,6,12,0,29.7,34.2,24.2,38.3,52,28,1007.9,1008.7,1007.2,0,7,NE,38.6
25-Jul-20,23,0.33,8,16,0,29.9,35.3,25.1,45.5,66,31,1008,1009,1006.3,0,2.9,W,22.5
26-Jul-20,46,0.3,8,18,0,28.3,32.2,25.1,55.7,66,44,1009.7,1011.3,1008.1,0,3,SW,22.5
27-Jul-20,13,0.38,9,16,0,30.2,34.5,25.8,45.1,63,34,1011.4,1012.5,1010.2,0,4.5,NE,27.4
28-Jul-20,15,0.3,7,11,0,30,33.7,25.3,43.8,55,36,1011.8,1012.7,1011,0,6.5,NE,37
29-Jul-20,14,0.25,5,9,0,31.4,35.1,26.7,34.5,51,26,1012,1013.2,1010.7,0,9.3,NE,46.7
30-Jul-20,15,0.31,7,12,0,32,36,26.6,34,48,27,1013.3,1014.2,1012.5,0,8.5,NE,46.7
31-Jul-20,13,0.43,11,17,0,32.6,37.6,26.1,39.2,58,28,1010.5,1012.5,1007.9,0,5,NE,35.4
1-Aug-20,14,0.62,20,23,0,31.6,38.1,26.4,47.3,63,32,1006.6,1007.9,1004.7,1.2,3,SSW,24.1
2-Aug-20,16,0.23,5,8,0,30.4,33.9,27.6,43.6,55,31,1007.9,1010.2,1005.8,0,8.3,NE,38.6
3-Aug-20,17,0.25,6,10,0,29.5,33.2,26.1,40,54,29,1009.8,1011,1008.2,0,7.9,NE,35.4
4-Aug-20,36,0.42,9,18,0,28,30.9,25.5,50.7,64,40,1009,1010.2,1007.5,0,3.5,SW,20.9
5-Aug-20,14,0.46,10,18,0,28.4,33.2,24.7,55,65,37,1007.8,1008.7,1006.6,0,2.9,SSW,24.1
6-Aug-20,13,0.41,7,12,0,28.2,31.4,25.6,56,68,46,1008.4,1009.7,1007.3,0,4.5,NNE,24.1
7-Aug-20,18,0.42,7,14,0,26.3,30.8,23.9,68.2,85,49,1010,1010.7,1008.9,7.6,2.2,W,20.9
8-Aug-20,14,0.42,8,14,0,25.1,31.1,21.3,70.9,87,46,1008,1009.4,1005.7,7,2.1,W,30.6
9-Aug-20,10,0.38,6,7,0,25.9,29.6,20.2,63,84,52,1007.2,1008.9,1005.3,1.6,6.8,NE,37
10-Aug-20,7,0.33,7,9,0,27.9,30.9,24.2,45,59,35,1011.2,1013.2,1008.7,0,8.3,NE,40.2
11-Aug-20,8,0.44,13,15,0,28.6,33.6,22.4,41.8,60,32,1013,1013.8,1012,0,5.2,NE,35.4
12-Aug-20,4,0.51,15,11,0,29.7,34.4,23.3,41.3,55,33,1012.1,1013,1011,0,5.2,NE,35.4
13-Aug-20,7,0.38,10,12,0,29.5,33.7,24.6,44.1,56,36,1012.8,1013.6,1011.8,0,5.3,NE,32.2
14-Aug-20,15,0.3,7,10,0,29.5,33.1,25.7,42.8,54,36,1012.4,1013.2,1011,0,6.6,NE,40.2
15-Aug-20,24,0.29,6,11,0,29.8,34.1,25.2,41.3,59,31,1010.2,1012,1008.2,0,3.8,NE,24.1
16-Aug-20,20,0.22,5,9,0,28.7,33.2,25.8,43.2,53,32,1009.9,1012.3,1007.9,0,9,NE,40.2
17-Aug-20,12,0.23,5,6,0,27.4,31.6,24.1,48.7,63,39,1011.9,1013.2,1010.4,0,6.9,NE,29
18-Aug-20,44,0.32,9,14,0,26.9,30.8,23.7,57.1,78,39,1009.2,1011.1,1007.3,0,2.9,SSW,20.9
19-Aug-20,45,0.29,8,15,0,27.1,30.7,24.1,63.8,79,53,1006.1,1007.3,1005.1,0,2.6,SW,20.9
20-Aug-20,16,0.33,9,17,0,28.2,32.9,24.8,50.8,66,35,1008.7,1011.4,1005.5,0,3.4,NNE,29
21-Aug-20,21,0.25,6,12,0,28,31.7,23.9,47.9,57,40,1013.4,1015,1011.3,0,5.6,NE,32.2
22-Aug-20,16,0.31,8,15,0,29.1,33.8,23.9,41.6,57,31,1012.9,1014.6,1010.5,0,6,NE,33.8
23-Aug-20,15,0.31,8,13,0,29.3,34.2,23.3,42.1,53,34,1009.5,1010.6,1008.3,0,7.3,NE,35.4
24-Aug-20,19,0.33,6,12,0,29.4,33.4,25.1,46.1,56,40,1008.7,1009.6,1007.8,0,6.4,NE,30.6
25-Aug-20,26,0.4,11,16,0,29,34.2,24.2,50.3,67,34,1009.3,1010.7,1007.4,0,3.9,NE,29
26-Aug-20,19,0.38,6,12,0,29,33.3,25.6,51.3,68,40,1011.6,1012.9,1010.4,0,3.2,NE,27.4
27-Aug-20,21,0.45,12,18,0,28.3,32.4,23.5,52.6,70,41,1011.2,1012.4,1009.9,0,2.5,W,19.3
28-Aug-20,9,0.39,13,16,0,29,34.3,22.6,37.7,59,24,1009.5,1010.4,1008.3,0,5.7,NE,35.4
29-Aug-20,16,0.56,18,23,0,28.4,34.4,22.1,49,70,27,1009.9,1011.7,1008.7,0,2.2,W,17.7
30-Aug-20,30,0.35,8,19,0,27.9,33.3,22.9,56.4,73,34,1011.3,1012.3,1010.4,0,2.2,SSW,17.7
31-Aug-20,7,0.53,18,18,0,30.8,37.2,22.2,40.9,69,27,1009,1011,1007.3,0,4.5,NE,32.2
1-Sep-20,27,0.74,27,25,0,29.8,34.3,24,47.1,66,36,1005.9,1007.2,1004.7,0,2.9,SSW,22.5
2-Sep-20,17,0.47,10,17,0,29.5,33.8,25.7,56,70,39,1009.5,1012.9,1006.2,0,2.7,W,20.9
3-Sep-20,28,0.54,15,22,0,28.4,33.2,24.8,58.2,75,42,1013.6,1014.9,1012.1,0,2.6,SSW,19.3
4-Sep-20,11,0.49,16,19,0,28.6,33.3,24.7,43.7,59,31,1015.3,1017.6,1013.4,0,4.9,NE,29
5-Sep-20,12,0.21,5,7,0,25.8,29.1,23.2,51.5,64,40,1015.8,1017.7,1013.6,0,8.8,NE,33.8
6-Sep-20,20,0.27,7,13,0,26.7,31.9,21.4,43.7,60,33,1012.8,1014,1011.3,0,5.5,NE,30.6
7-Sep-20,14,0.48,12,20,0,27.7,33.4,21.7,42.6,54,34,1014,1015.8,1012.6,0,3.1,NE,30.6
8-Sep-20,8,0.54,18,20,0,28.9,33.8,22.7,40.9,55,31,1017.5,1018.8,1015.4,0,6.8,NE,33.8
9-Sep-20,10,0.26,5,7,0,28.6,31.6,27.1,42.7,48,33,1016.6,1018.6,1013.3,0,12.9,NNE,46.7
10-Sep-20,12,0.28,5,9,0,28,32.1,24.8,40.6,50,34,1011.4,1013.3,1009.8,0,9.2,NE,41.8
11-Sep-20,19,0.39,9,14,0,26.9,31.7,22.6,48.3,61,39,1009.9,1011.4,1009,0,4.9,NE,32.2
12-Sep-20,30,0.34,7,14,0,26.6,30.8,23.7,52.8,61,44,1013,1015.1,1011,0,3.1,NE,27.4
13-Sep-20,25,0.25,6,10,0,27.1,31.3,23.6,53.2,61,44,1017,1019.1,1014.2,0,7.1,NE,35.4
14-Sep-20,11,0.28,5,7,0,27.1,30.1,24.4,42.7,57,34,1018.6,1019.9,1017.4,0,10.6,NE,43.5
15-Sep-20,12,0.36,6,9,0,27,30.9,23.8,46.5,53,39,1016.8,1017.9,1015.8,0,5.9,NE,35.4
16-Sep-20,15,0.38,9,12,0,26.4,30.6,22.8,50.9,58,41,1014.8,1016.4,1013.4,0,5.1,NE,29
17-Sep-20,25,0.47,11,15,0,25.7,29.1,22.8,62.6,79,51,1012.5,1013.5,1011.2,0,3.9,SSW,24.1
18-Sep-20,29,0.38,8,12,0,25.8,28.4,24.2,71.7,82,61,1010,1011.3,1008.6,0,8.3,S,37
19-Sep-20,20,0.4,11,13,0,22.8,24.3,20.9,69.9,87,54,1013.7,1015.5,1010.3,4.4,13,NE,43.5
20-Sep-20,36,0.34,9,13,0,21.9,25.3,19.8,53.9,65,45,1015.3,1016.6,1014.4,0,8.6,NE,37
21-Sep-20,23,0.41,9,14,0,22.7,27.5,19.1,59.2,67,44,1016.7,1017.9,1015.6,0,3.5,NE,27.4
22-Sep-20,25,0.42,9,17,0,23.7,29.2,19.2,61.8,78,41,1017.5,1018.7,1016.4,0,2,WSW,20.9
23-Sep-20,24,0.61,18,20,0,24,28.4,19.8,70.6,80,55,1015.5,1017.2,1013.4,0,2.2,SSW,20.9
24-Sep-20,14,0.52,14,16,0,25.3,30.4,21.2,65.8,85,45,1012.2,1013.9,1010.8,0.6,2.7,WSW,25.7
25-Sep-20,25,0.53,16,19,0,25,29.5,20.8,60.3,76,43,1010,1011.9,1006.4,0,3.1,SSW,24.1
26-Sep-20,29,0.45,12,16,0,24.6,29.1,21.3,65.9,83,51,1003.3,1008.1,999.7,0,7.2,W,41.8
27-Sep-20,55,0.25,7,13,0,23.1,26.4,19.1,57.2,71,38,1013,1016.1,1008,0,3.4,SSW,24.1
28-Sep-20,21,0.52,14,17,0,24.1,26.7,20.9,74.7,82,66,1015,1016.9,1013.1,0,4.5,SSW,33.8
29-Sep-20,21,0.36,8,12,0,24.5,28.4,21,53.2,73,35,1013.3,1014.6,1012.2,0,4.9,W,30.6
30-Sep-20,32,0.39,8,15,0,22.5,26.7,19.3,48.6,67,32,1011.1,1012.8,1009.6,0,3.2,W,24.1
1-Oct-20,36,0.45,11,18,0,21.7,26.4,17.3,57.8,71,32,1010.4,1011.9,1009.2,0,2.9,SSW,24.1
2-Oct-20,28,0.73,25,23,0,22.1,26.1,17.1,65.6,77,48,1013.7,1015.6,1011.3,0,1.9,SSW,19.3
3-Oct-20,28,0.55,13,20,0,23.6,27.9,19.9,66.8,82,45,1016.3,1017.4,1015.1,0,1.9,SW,19.3
4-Oct-20,23,0.61,15,18,0,23.7,27.5,19.6,75.9,85,64,1016.6,1017.3,1015.6,0,1.8,SW,17.7
5-Oct-20,10,0.66,15,15,0,24.5,30.6,20.9,80.7,89,57,1016.1,1017.6,1014.9,0,1.3,WNW,17.7
6-Oct-20,8,0.83,19,17,0,25.5,29.9,22.3,77.2,91,54,1015,1015.9,1014.2,0,1.5,SSW,16.1
7-Oct-20,8,0.94,26,19,0,25.7,31.2,21.8,68.3,85,41,1013.1,1015.4,1010.1,0.2,1.4,SSW,20.9
8-Oct-20,15,0.4,9,14,0,23.3,26.8,19.2,53.9,77,36,1011.4,1014.9,1009.3,0,3.3,W,30.6
9-Oct-20,26,0.51,12,18,0,21.3,25.6,17.7,53.5,67,37,1016.7,1018.4,1014.7,0,2.3,W,17.7
10-Oct-20,36,0.62,18,22,0,21.3,25.7,16.9,61.2,76,45,1017.8,1019.3,1016.4,0,2.1,SSW,17.7
11-Oct-20,35,0.6,16,20,0,21.8,26,17.3,69,80,51,1014.9,1016.4,1013.7,0,2,SW,19.3
12-Oct-20,12,0.63,19,15,0,22.4,25.6,18,72.8,82,53,1011.6,1013.7,1007.9,0,5.5,S,32.2
13-Oct-20,27,0.33,8,12,0,21.9,25.4,18,63.5,89,45,1009.5,1013.5,1004.8,13.6,4.9,SW,30.6
14-Oct-20,30,0.54,14,19,0,20.8,24.8,16.7,60.9,75,42,1016.3,1018.4,1013.4,0,2.1,SSW,19.3
15-Oct-20,21,0.75,27,20,0,20.1,24.8,15.3,66.8,80,50,1017.8,1019.5,1016.5,0,2,SSW,17.7
16-Oct-20,26,0.6,19,17,0,22.1,25.2,17.3,75.6,85,62,1013.9,1016.5,1010.9,0,4,SSW,32.2
17-Oct-20,17,0.62,16,20,0,22.2,26.2,19.1,67.3,89,49,1012.5,1014.2,1010.2,0.2,1,S,16.1
18-Oct-20,31,0.44,12,17,0,20.5,24.9,16,59,77,45,1015.1,1018.3,1013.6,0,2.4,NE,24.1
19-Oct-20,17,0.53,13,17,0,18.2,21.2,15.4,64.6,73,55,1020.8,1022.8,1018.2,0,7.3,NE,35.4
20-Oct-20,20,0.48,9,13,0,18.3,21.3,16.3,58.5,72,48,1022.2,1023,1021.4,0,8.5,NE,38.6
21-Oct-20,26,0.44,10,15,0,17.4,19.8,15.7,69.9,82,64,1022,1022.9,1021.2,1.4,4.8,NE,32.2
22-Oct-20,14,0.53,16,18,0,19.2,23.2,15.3,64.4,75,53,1021.6,1022.4,1020.8,0,3.7,NE,27.4
23-Oct-20,6,1.2,46,23,0,19.5,26.7,13.9,62.3,79,40,1020.1,1021.9,1018.2,0,0.9,NE,16.1
24-Oct-20,9,1.35,59,24,0,19.8,26.6,13.8,65.5,83,36,1016.6,1018.2,1014.9,0,1.3,SW,14.5
25-Oct-20,19,0.75,23,18,0,19.9,24.8,13.8,63.4,87,43,1013.1,1014.6,1011.4,0,1.9,W,20.9
26-Oct-20,19,0.78,29,25,0,18.8,23.8,13.9,61.3,78,37,1014.8,1015.5,1013.9,0,1.2,SW,17.7
27-Oct-20,22,0.88,36,24,0,18.4,23,13.8,70.3,82,51,1014,1015.1,1012.9,0,1.6,SSW,14.5
28-Oct-20,33,0.46,15,18,0,16.7,19.3,14.6,82.9,89,69,1010.4,1013.1,1008.5,19.8,2.9,NNE,37
29-Oct-20,17,0.7,18,16,0,18.2,22.8,15,74.7,88,57,1014.4,1017.4,1009.4,0,2,NE,20.9
30-Oct-20,5,1.29,49,17,0,18.4,23.8,13.8,67.3,89,50,1018,1020.3,1016.6,0,1.2,NE,16.1
31-Oct-20,12,0.69,23,20,0,17.5,21.8,13.4,55.9,72,43,1019.9,1021.8,1018.4,0,2,NNE,22.5
1-Nov-20,6,0.77,26,17,0,16.4,21.9,12.1,66.6,78,51,1020.4,1022.5,1018.1,0,3.9,NE,29
2-Nov-20,9,1.26,52,28,0,16.1,20.8,11.4,70.5,84,49,1022,1023.4,1021.1,0,0.8,SSW,12.9
3-Nov-20,5,1.5,68,25,0,16.7,20.4,12.8,77.2,87,64,1019.4,1021.1,1018.2,0,0.6,NE,9.7
4-Nov-20,5,0.85,35,13,0,17.8,21.9,14.4,70.5,83,60,1020.6,1023.6,1018.6,0,6.1,NE,30.6
5-Nov-20,10,0.55,11,13,0,17.3,20.3,15.4,60,74,46,1023.6,1024.7,1022.8,0,8.2,NE,32.2
6-Nov-20,14,0.71,16,13,0,16.2,16.8,15.3,68,78,62,1023.7,1024.7,1022.6,0,12.3,NE,45.1
7-Nov-20,36,0.24,7,10,0,16.6,19.2,14.7,57.1,66,38,1025.8,1026.9,1024.4,0,11.4,NE,48.3
8-Nov-20,39,0.21,6,7,0,16.5,19.8,14.7,62.8,72,53,1022.7,1025.6,1021.2,0,5.3,NE,41.8
9-Nov-20,16,0.42,16,12,0,16.3,20,12.3,71.2,83,61,1021.2,1022.3,1020.4,0,6.6,NE,35.4
10-Nov-20,21,0.31,8,9,0,17.1,20.6,13.9,68.6,75,58,1021.5,1023,1020.5,0,11.3,NE,45.1
11-Nov-20,16,0.33,8,9,0,16,19,12.1,67.3,78,54,1023.7,1025.3,1022.4,0,11.5,NE,45.1
12-Nov-20,17,0.41,13,17,0,15.1,18,12.2,71.6,82,62,1025,1025.7,1024.3,0,2.6,ENE,20.9
13-Nov-20,22,0.53,24,20,0,16,19.8,13.2,69.9,78,58,1024.4,1025.4,1023.4,0,1.6,NE,16.1
14-Nov-20,18,0.43,12,15,0,15.2,20.1,11.6,67.2,82,47,1024.1,1025,1022.8,0,3.4,NE,22.5
15-Nov-20,31,0.39,8,15,0,14.5,19.4,9.1,66.7,79,47,1023.5,1024.9,1022.2,0,1.6,NE,16.1
16-Nov-20,18,0.72,29,23,0,14.7,19.4,10.8,69.8,83,47,1021.9,1022.8,1020.7,0,1,NE,16.1
17-Nov-20,17,0.68,28,20,0,15.3,19.7,11.2,74.8,89,63,1023.5,1025.4,1022,0,3,NNE,20.9
18-Nov-20,23,0.48,20,18,0,14.3,17.4,10.9,70.9,82,55,1025.1,1026,1023.8,0,5.4,NE,45.1
19-Nov-20,36,0.32,9,12,0,13.6,16.2,11.7,65.2,76,54,1020,1023.8,1016.1,0,10.7,NE,51.5
20-Nov-20,35,0.33,11,16,0,12.9,15.8,10.8,62.4,78,51,1015.6,1018.4,1013.7,0.4,5.5,NNE,40.2
21-Nov-20,43,0.24,8,12,0,13.2,15.6,11.9,62.5,74,52,1022,1025.3,1018.3,0,10.4,NNE,41.8
22-Nov-20,40,0.22,6,8,0,12.8,14.4,11.2,69.4,73,65,1027.9,1029.1,1025.2,0,8.8,NE,37
23-Nov-20,23,0.48,18,21,0,12.9,17.3,9.7,66,77,51,1025.7,1028.3,1022.8,0,1.5,NE,29
24-Nov-20,18,0.53,25,18,0,12.5,16.8,7.8,67.3,84,57,1021.7,1022.9,1020.2,0,7.4,NE,45.1
25-Nov-20,32,0.44,11,16,0,12.4,13.4,10.2,62.9,73,56,1021.4,1022.5,1020.6,0,8.4,NE,43.5
26-Nov-20,31,0.38,11,18,0,13.1,16.8,9.7,58.5,70,41,1021.4,1022.5,1020.3,0,4,NE,43.5
27-Nov-20,20,0.86,41,28,0,12.7,18.5,8.1,63,81,46,1021.4,1022.5,1020.3,0,0.8,ENE,16.1
28-Nov-20,26,0.91,37,23,0,12.5,17.7,6.3,71.2,85,49,1020.2,1021.5,1018.3,0,1.2,SSW,16.1
29-Nov-20,43,0.41,9,16,0,14.7,17.6,11.1,78.4,89,67,1015.4,1018.4,1013.2,2.6,3.8,S,27.4
30-Nov-20,14,0.7,27,22,0,13.9,17.9,11.7,81.6,92,68,1014.2,1016.7,1012.6,1.6,1.8,ENE,20.9
1-Dec-20,25,0.5,12,13,0,11.5,13.1,10.8,75,81,69,1018.5,1019.9,1016.7,0,9.8,NE,37
2-Dec-20,30,0.4,10,15,0,12,13.8,10.3,72.5,81,66,1020.5,1021.4,1019.4,0.4,5.4,ENE,20.9
3-Dec-20,22,0.48,16,19,0,13.1,16.6,9.7,69.2,79,57,1018,1020.9,1013,0,2.8,NNE,20.9
4-Dec-20,23,0.55,20,21,0,14.1,16.9,12.2,83.6,92,69,1012.3,1014.5,1010.8,29,2.3,NE,27.4
5-Dec-20,15,0.75,30,21,0,14.1,18.8,10.2,84.1,93,69,1016.2,1018.1,1014.4,0.2,0.6,SSW,12.9
6-Dec-20,20,0.6,14,18,0,14.6,19.2,10.7,80.2,94,59,1015.3,1017.5,1012.7,0.2,1.7,ENE,17.7
7-Dec-20,33,0.33,10,19,0,14.4,17.2,11.8,76,90,59,1011.1,1013.6,1009.4,10.6,1.9,W,20.9
8-Dec-20,22,0.76,34,21,0,13.5,17.7,10.3,72.2,87,53,1015,1016.3,1013.2,0,1.2,SSW,17.7
9-Dec-20,37,0.46,19,13,0,15.7,18.4,10.6,79.5,92,67,1014.2,1016,1012.4,0,9,SSW,41.8
10-Dec-20,41,0.25,9,14,0,14,17.4,11,80.1,90,71,1009.2,1012.3,1006.3,13.8,5.2,SSW,41.8
11-Dec-20,26,0.6,29,21,0,12.6,15.2,9.3,82.4,90,68,1008.4,1012.3,1001.1,19.8,3.6,S,37
12-Dec-20,28,0.5,21,17,0,14.2,16.7,11.3,84.1,93,75,1001.3,1002.1,1000.5,3.2,1.7,S,38.6
13-Dec-20,32,0.3,9,13,0,14.1,16.6,12,84.1,92,73,999.6,1001.3,997.5,11,3.9,NE,22.5
14-Dec-20,22,0.32,10,13,0,12.2,13.3,11.3,82.5,91,74,1003.8,1011.6,997.6,26,6.3,NE,35.4
15-Dec-20,14,0.53,17,16,0,12.7,14.6,10.4,76.5,85,72,1017.6,1021.7,1011.7,0,3,NE,32.2
16-Dec-20,9,0.66,27,20,0,12.4,15.9,9.3,77.8,89,67,1023.4,1024.9,1021.7,0,3.8,NE,24.1
17-Dec-20,12,0.83,38,20,0,12.1,15.2,9,77.1,91,64,1025.2,1025.9,1024.4,0,1.2,NE,14.5
18-Dec-20,3,0.86,39,19,0,12.3,14.9,9.6,81.1,91,72,1026.4,1027.4,1025.5,0,2.1,NE,19.3
19-Dec-20,17,0.46,11,18,0,12.7,15.4,9.4,75.9,87,63,1026.7,1028.2,1025.7,0,3.9,NNE,22.5
20-Dec-20,27,0.3,7,12,0,12.5,13.4,11.8,74.4,79,70,1025.9,1026.7,1025,0,5.2,NE,22.5
21-Dec-20,23,0.43,12,16,0,12.3,14.3,11.3,71.5,76,64,1026,1026.8,1025,0,7.2,NE,32.2
22-Dec-20,16,0.55,18,18,0,11.8,13.7,9.9,74.1,81,68,1026,1026.9,1025.3,0,3.8,NNE,19.3
23-Dec-20,5,1.25,68,22,0,11.5,15.9,7.9,80.6,91,68,1024.4,1025.5,1023.1,0,0.7,NNE,9.7
24-Dec-20,16,1.03,57,16,0,13,17.2,7.6,80.7,93,66,1020.3,1023,1017.1,0,2.1,SSW,16.1
25-Dec-20,31,0.4,14,12,0,14.3,18.3,10.8,78.5,91,58,1016.7,1017.6,1015.8,0,2.1,SSW,20.9
26-Dec-20,28,0.53,18,12,0,15,18.7,10.4,83.6,92,68,1016,1016.9,1014.8,0.8,5.1,S,32.2
27-Dec-20,51,0.15,5,6,0,15.6,18.2,13.3,79.8,89,66,1013.3,1016.3,1011.5,4.8,10.5,S,43.5
28-Dec-20,40,0.26,12,14,0,14.6,16.8,11.2,65.6,81,51,1013.4,1014.9,1011.2,0,3.2,SW,22.5
29-Dec-20,51,0.24,6,11,0,16,18.3,14.2,69.8,82,53,1016,1017.3,1014.4,0,5.7,SSW,33.8
30-Dec-20,52,0.2,6,9,0,16.4,18.2,14.9,69.8,82,59,1016.3,1017.5,1015,0,6.7,SSW,33.8
31-Dec-20,41,0.3,9,12,0,15.1,17.1,12.7,72.8,83,63,1013.7,1015,1012.1,0,4.9,SSW,30.6
1-Jan-21,28,0.49,22,16,0,12,17,8.2,71.4,87,48,1017.4,1019.5,1014.5,0,1,SSW,16.1
2-Jan-21,12,0.73,21,21,0,12.6,16.6,7.3,78.4,91,64,1019.7,1021,1019,4,0.9,SSW,25.7
3-Jan-21,34,0.31,10,12,0,15.1,17.9,12.7,80.7,89,73,1019.2,1020.7,1016.9,1,3.7,S,25.7
4-Jan-21,39,0.26,8,14,0,15,17.4,10.7,81,89,72,1011.8,1017.1,1007.5,0.8,6.3,S,49.9
5-Jan-21,28,0.65,29,19,0,12.3,16.2,8.7,69.8,84,52,1017.3,1020.5,1012.7,0,1.8,SW,19.3
6-Jan-21,18,0.72,24,17,0,12.2,16.4,8.3,77.2,87,55,1021,1022.6,1019.3,0,1.5,SSW,19.3
7-Jan-21,12,0.86,41,24,0,13.3,17.3,9.6,80.5,91,63,1018.5,1020.4,1016.8,0,0.9,SSW,16.1
8-Jan-21,31,0.42,16,16,0,15.5,18.7,11.6,82.9,90,72,1014.8,1017,1012.2,0,5.3,S,30.6
9-Jan-21,27,0.64,22,13,0,17.4,21.4,14.7,82.1,90,67,1013.2,1015.7,1011.2,0,2.9,SSW,22.5
10-Jan-21,15,0.63,21,12,0,17,20.6,13.7,81.7,92,74,1015.7,1018.2,1014,0,2,SSW,29
11-Jan-21,28,0.24,7,10,0,19.4,22.4,15.3,69.4,83,58,1013.4,1014.5,1011.9,0,7.8,SSW,38.6
12-Jan-21,22,0.28,9,12,0,16.8,18.7,12.2,71.6,83,49,1007.2,1012.3,1004.4,1,7.7,S,37
13-Jan-21,26,0.33,11,16,0,12.2,15.9,8.7,60.9,78,44,1007.8,1009,1006.1,0,1.8,W,27.4
14-Jan-21,27,0.41,10,18,0,10.4,13.1,8,57.9,73,37,1009.6,1012.1,1007.4,0,3.4,SW,38.6
15-Jan-21,26,0.41,11,17,0,8.3,11.8,7.2,64.2,76,54,1012.5,1014.6,1007.4,0.4,6.7,NE,29
16-Jan-21,30,0.29,8,13,0,5.3,7.7,2.9,78.5,86,70,1009.3,1012,1007,9.2,4.7,NE,33.8
17-Jan-21,40,0.27,6,12,0,2.8,5.1,0.7,52.7,69,37,1015.6,1017.4,1012.1,0,4.4,NE,33.8
18-Jan-21,26,0.45,14,22,0,4,5.1,2.3,68.3,77,52,1019.8,1023.2,1016.4,0,7.9,NE,37
19-Jan-21,17,0.63,29,32,0,4.5,9.2,0.6,61.7,83,36,1024.7,1027.9,1022.5,0,1.2,NE,19.3
20-Jan-21,14,0.98,65,37,0,6.4,11.8,0.4,66.3,82,50,1028,1029.2,1027,0,1.3,SSW,19.3
21-Jan-21,11,1.46,91,36,0,9.7,15.2,5.1,74.3,88,50,1027.4,1029,1026.2,0,1,SSW,16.1
22-Jan-21,13,1.2,69,27,0,11.8,15.4,6.5,80.6,90,67,1023.5,1026.4,1020.6,0,2.2,SSW,25.7
23-Jan-21,46,0.22,6,9,0,13.8,14.8,10.3,70,86,61,1015.9,1020.5,1011.1,4,7.9,SSW,40.2
24-Jan-21,35,0.28,11,14,0,12.9,15.6,8,74.1,92,57,1011.5,1013.9,1008.6,0.2,4.3,SSW,38.6
25-Jan-21,40,0.27,7,13,0,15,18.2,10.9,62.6,77,49,1008.8,1011.4,1005.5,0,4.4,SSW,38.6
26-Jan-21,33,0.28,7,15,0,13,16.1,8.7,78,90,64,1005,1010.6,999.9,12.4,7.4,SSW,46.7
27-Jan-21,29,0.31,8,15,0,6.9,10,4.6,57.2,88,42,1007.2,1012.7,1000.3,0.2,4,W,41.8
28-Jan-21,23,0.62,22,26,0,6,9.2,2.1,44.6,70,30,1014.6,1016.6,1012.5,0,2.7,NE,29
29-Jan-21,14,1.13,52,30,0,9.3,14.8,2.1,68.5,87,46,1012.5,1015.9,1005.9,0,1.4,SSW,22.5
30-Jan-21,12,0.86,40,26,0,13.8,19.1,9.3,69.6,88,44,1004,1009.5,1000.2,0.2,3.2,W,46.7
31-Jan-21,26,0.64,27,16,0,13.3,16.8,6.4,77.7,88,58,1007.6,1009.4,1004.6,0,5.9,S,38.6
1-Feb-21,22,0.48,19,22,0,14.7,16.3,10.9,83.8,89,78,1006.6,1010.2,1004.3,2,3.6,S,35.4
2-Feb-21,15,0.85,43,23,0,13.4,18.1,9.6,78.3,92,53,1012.5,1015.2,1010.1,0.2,1.4,SSW,17.7
3-Feb-21,8,1.07,55,27,0,13,18.2,8.5,79.5,93,60,1017.4,1019.1,1015.3,0,1,SSW,14.5
4-Feb-21,14,0.58,17,23,0,14.1,20.5,9,75.4,92,45,1017.6,1019,1016.1,0,2.2,SSW,24.1
5-Feb-21,9,1.02,50,29,0,13.6,19.2,8.8,77.9,91,53,1020.1,1021.6,1018.8,0,1.2,SSW,12.9
6-Feb-21,13,0.76,28,23,0,13.5,19.9,8.3,77.6,92,56,1017.7,1019.3,1015.9,0.2,1.3,SSW,14.5
7-Feb-21,24,0.45,15,18,0,14.7,19.6,8.7,71.8,88,42,1014.8,1017,1012.7,0,2.9,S,24.1
8-Feb-21,37,0.23,8,10,0,16.9,19.1,14.2,65.5,77,52,1008.4,1012.4,1004.1,0,7.8,S,38.6
9-Feb-21,28,0.41,19,18,0,15.2,19.1,10.8,69.9,83,53,1013.6,1015.4,1011.9,1,4.3,SSW,33.8
10-Feb-21,22,0.48,15,22,0,14.4,18.9,10.2,71.2,89,47,1015.5,1016.8,1014.2,0,2.3,SSW,20.9
11-Feb-21,29,0.3,9,15,0,14.4,17.9,10.2,75.2,89,58,1010.2,1015.1,1005.4,3.2,6.9,SSW,41.8
12-Feb-21,27,0.48,20,21,0,13.2,18.5,8.4,64,85,38,1017.5,1020.4,1012.8,0,3.7,NNE,27.4
13-Feb-21,34,0.33,7,13,0,10.1,11.3,8.1,73.5,82,68,1019.3,1021.1,1016.7,1.2,9,NE,35.4
14-Feb-21,37,0.25,6,10,0,5.4,8.2,2.6,76.7,87,67,1017.5,1021.2,1014.5,4,4.9,NE,40.2
15-Feb-21,37,0.28,9,16,0,2,4.5,0.3,80.1,90,69,1023.5,1024.8,1021.1,1,8.4,NNE,48.3
16-Feb-21,42,0.22,5,12,0,0.6,2.3,-0.8,86.9,91,69,1024.1,1024.6,1023.5,4.4,2.4,ENE,24.1
17-Feb-21,30,0.6,34,28,0,3.8,8.2,1.4,69.8,88,45,1023.1,1025.1,1021.4,0,1.3,NE,16.1
18-Feb-21,11,1.3,73,38,0,7.3,13.3,1.1,66.6,89,42,1021.7,1024.6,1020.2,0,1.4,NE,19.3
19-Feb-21,11,1.29,78,40,0,9.1,15.8,2.8,63.8,86,35,1026.8,1028.1,1024.6,0,1.5,NE,17.7
20-Feb-21,12,1.03,44,33,0,10.3,15.3,4.4,70.8,90,47,1025.7,1027.2,1024,0,1.1,ENE,17.7
21-Feb-21,32,0.36,7,17,0,9.6,12.6,5.1,70.5,85,52,1028.3,1030.8,1025.8,1.6,6.1,NE,40.2
22-Feb-21,16,0.84,42,31,0,9.6,16.2,3.6,69.8,87,45,1030.2,1031.7,1028.8,0,1.1,ESE,14.5
23-Feb-21,9,1.39,76,38,0,11.4,18.9,4.7,68,88,43,1029.9,1030.7,1028.7,0,1.4,SW,12.9
24-Feb-21,8,1.11,57,28,0,13.5,20.1,6.3,57.2,78,33,1030.4,1032.2,1028.8,0,7.5,NE,38.6
25-Feb-21,29,0.45,10,20,0,13.4,17.2,10.8,60.1,73,45,1030.1,1031.8,1028.4,0,7.7,NNE,41.8
26-Feb-21,20,0.64,21,26,0,13.8,19.1,8.3,64,78,50,1025.6,1028.9,1021.9,0,2.8,NE,27.4
27-Feb-21,18,0.73,26,32,0,12.6,18.6,6.4,67.8,88,41,1019.9,1021.7,1018.1,0,1.2,SW,14.5
28-Feb-21,25,0.46,11,16,0,11.5,14.3,8.2,68.5,88,53,1024.8,1028.7,1019.4,0,9.6,NE,48.3
1-Mar-21,27,0.4,14,20,0,11.4,15.8,6.3,64.2,79,46,1026.5,1028.4,1023.7,0,3.1,NE,20.9
2-Mar-21,30,0.36,10,16,0,9.9,12.1,8.2,59.6,77,46,1029.8,1031.2,1028.4,0,10.3,NE,43.5
3-Mar-21,20,0.46,13,22,0,12,16.5,6.2,51.7,73,38,1028.3,1029.5,1027.4,0,6.3,NNE,37
4-Mar-21,21,0.7,32,33,0,11.9,18.2,5.7,58.3,82,30,1023.3,1027.5,1020.1,0,1.7,SSW,16.1
5-Mar-21,21,0.66,25,32,0,13.1,19.2,7.3,64.7,83,35,1018.9,1020.1,1017.7,0,1.9,SSW,20.9
6-Mar-21,35,0.32,8,20,0,15.3,19.8,12.2,61.6,77,42,1020.2,1022.4,1017.5,0,3.3,SSW,24.1
7-Mar-21,36,0.25,6,10,0,11.4,13.9,10.1,67.1,77,59,1023.1,1025.2,1020.6,0,9.6,NE,40.2
8-Mar-21,32,0.33,8,17,0,12.6,15.8,10.2,70.1,78,61,1017.6,1020.4,1015.5,0,2.5,SSW,20.9
9-Mar-21,36,0.32,12,29,0,14,17.7,10.8,65.8,82,54,1014.4,1015.7,1013.5,0,2.9,NE,20.9
10-Mar-21,21,0.34,25,37,0,14.2,18.9,9.2,63.2,79,37,1011.1,1013.6,1009.3,0,2.4,SSW,25.7
11-Mar-21,0,0.16,10,19,0,11,14.4,8.1,64.3,74,52,1015.8,1023.9,1007.6,0,5.6,NE,33.8
12-Mar-21,0,0.26,18,27,0,10.4,14.1,6.8,66.3,82,49,1020.9,1023.5,1018.3,0,3,SSW,19.3
13-Mar-21,0,0.42,28,37,0,12.5,16.9,6.7,71.8,86,56,1017.3,1018.6,1015.8,0,2,SSW,19.3
14-Mar-21,0,0.25,12,28,0,13.1,16.3,10.1,77,90,61,1012.4,1015.7,1008,0,1.4,SSW,17.7
15-Mar-21,0,0.11,7,12,0,12.5,18.1,9,64.9,89,48,1003.8,1007.8,1001,0,6.8,W,49.9
16-Mar-21,0,0.11,7,12,0,12,15.9,9.2,53.6,68,35,1005.1,1006.5,1002.9,0,8.6,W,46.7
17-Mar-21,0,0.12,10,19,0,11.9,16.6,7.9,47.9,62,27,1008.1,1012.2,1006.1,0,5.3,W,33.8
18-Mar-21,0,0.13,12,22,0,12,15.8,5.8,50,69,33,1013.3,1014.8,1011.9,0,3.5,W,32.2
19-Mar-21,0,0.19,13,29,0,13.5,17,10.2,67.6,81,51,1012.5,1014.8,1010.6,0,2.7,NNE,19.3
20-Mar-21,0,0.25,14,30,0,13.7,17.1,11.7,80.7,89,70,1012.3,1014.7,1010.3,2.4,1.4,NNE,17.7
21-Mar-21,0,0.22,9,20,0,14.7,17.6,12.2,76.5,84,64,1005.8,1010.3,1000.2,0,5,NNE,27.4
22-Mar-21,0,0.13,8,18,0,15.7,20.5,11.8,63.7,90,42,1000.3,1003.7,997.9,0,4.9,SW,43.5
23-Mar-21,0,0.22,13,20,0,9.4,12.3,6.9,70.3,81,58,1006.6,1011.6,1003.1,1.6,7.4,NE,45.1
24-Mar-21,67,0.17,10,17,0,8.7,13.9,4.8,56,77,31,1013.4,1017.9,1011.2,0,8.4,NE,40.2
25-Mar-21,77,0.12,6,11,0,6.4,9.9,4,56.5,76,31,1020.6,1024.4,1017.5,0,6.2,NE,45.1
26-Mar-21,49,0.35,31,40,0,9.2,14.1,2.7,48.9,71,32,1025.9,1027.5,1023.9,0,2.2,SW,17.7
27-Mar-21,53,0.42,33,43,0,11.2,15.8,5.2,59.2,75,41,1028.3,1029.3,1026.9,0,2.5,SSW,20.9
28-Mar-21,53,0.37,21,41,0,12.8,18.6,6.7,66.1,81,43,1029.1,1030,1027.7,0,1.9,SW,19.3
29-Mar-21,46,0.45,47,45,0,14.7,19.8,7.6,60.4,84,41,1027.4,1029.1,1025.4,0,4,SSW,22.5
30-Mar-21,73,0.23,13,25,0,14,17.3,8.8,49.1,82,31,1025.2,1026.8,1023.5,2.4,10.3,NE,45.1
31-Mar-21,68,0.21,13,24,0,10,11.3,8.6,65.7,79,49,1020,1023.5,1018.1,0.8,11.4,NNE,48.3
1-Apr-21,51,0.38,20,36,0,9.9,13,5.6,64.9,80,50,1018.2,1019,1017.3,2.2,4.7,NE,37
2-Apr-21,42,0.53,53,43,0,13.4,18.6,4.6,62.7,81,36,1016.1,1018.5,1014.3,0,3,SSW,20.9
3-Apr-21,61,0.23,15,31,0,16.5,20.1,11.2,67.6,85,48,1013.9,1015.1,1012.7,0,3.1,SW,25.7
4-Apr-21,79,0.15,7,15,0,18.5,21.7,15.4,63.4,79,46,1009.9,1013.3,1006,0,5.8,SSW,37
5-Apr-21,32,0.33,23,28,0,15.7,18.8,13,73.9,83,61,1011.6,1013.8,1008.6,0.2,5.4,NE,24.1
6-Apr-21,57,0.2,13,20,0,16.6,21.7,12.7,64.6,82,46,1004.8,1010.5,1001.1,0,5.7,NNE,30.6
7-Apr-21,88,0.13,7,13,0,17.2,21.5,13.7,55,67,43,1009.1,1011.4,1006.4,0,5.7,SW,33.8
8-Apr-21,70,0.18,11,20,0,12.7,18.5,8.1,55,65,40,1017.5,1025.6,1011.2,0,5.8,NE,35.4
9-Apr-21,65,0.26,14,25,0,10,13.6,7.2,46.7,67,28,1027.3,1028.8,1025.5,0,6.8,NNE,40.2
10-Apr-21,66,0.22,13,29,0,11.3,16.2,5.6,49.2,69,35,1026.1,1028.1,1023.8,0,2.6,SSW,22.5
11-Apr-21,66,0.2,12,29,0,12.7,16.8,6.9,59.9,76,44,1024.4,1025.6,1023.2,0,2.7,SW,19.3
12-Apr-21,58,0.31,32,39,0,14.1,19.3,7.7,54.4,75,31,1022.5,1024.8,1019.8,0,2.8,SW,22.5
13-Apr-21,53,0.3,27,41,0,15.2,20.1,10.3,68.4,87,47,1017.8,1019.6,1015.7,0,2.2,SW,19.3
14-Apr-21,54,0.3,24,36,0,16,20,9.6,60.1,86,39,1015.2,1016.4,1013.6,0,2.6,SW,19.3
15-Apr-21,67,0.2,21,27,0,16.3,19.9,10.8,60.1,73,43,1015.2,1016.3,1014.1,0,3.3,SW,22.5
16-Apr-21,65,0.28,11,23,0,15.6,18.8,13.3,66.6,75,56,1015.5,1017.8,1014.1,0,6.7,NE,24.1
17-Apr-21,63,0.28,11,21,0,16.6,20.5,13.4,65.2,76,56,1010.9,1014.3,1008.7,0,7.6,NE,27.4
18-Apr-21,45,0.22,10,27,0,15.9,18.8,13.3,75,86,64,1012.7,1014.7,1010.2,0,1.4,NNE,16.1
19-Apr-21,56,0.23,18,27,0,16.5,21,12.7,61.2,86,42,1012.1,1013.6,1010.3,0,4,W,33.8
20-Apr-21,95,0.12,7,15,0,16.3,21.1,12.9,51.7,67,32,1014.6,1017.3,1012.4,0,5.7,W,33.8
21-Apr-21,81,0.14,9,23,0,16.2,21.6,11.3,52.5,68,30,1018.9,1021.2,1017,0,4.2,SSW,32.2
22-Apr-21,69,0.21,22,30,0,17,21.6,11.1,50.8,71,36,1021.7,1023.3,1020.3,0,3.6,SSW,29
23-Apr-21,60,0.28,19,40,0,18.2,21.8,13.2,55.6,67,38,1019.4,1020.3,1018.4,0,3.5,NNE,25.7
24-Apr-21,61,0.23,14,22,0,14.6,16.7,12.8,81.3,88,68,1016.9,1019.8,1014.5,9.2,9.2,NE,38.6
25-Apr-21,70,0.16,8,16,0,14.5,18.1,10.4,66.3,88,52,1015,1016.4,1013.8,0,5.6,NE,38.6
26-Apr-21,53,0.3,23,38,0,16.3,21.4,9.6,59.5,79,44,1016.9,1018,1015.8,0,2.5,SW,22.5
27-Apr-21,63,0.23,19,29,0,17.4,21.3,13.2,61.8,81,37,1012.9,1015.6,1010.9,0,4.3,SSW,38.6
28-Apr-21,56,0.26,18,28,0,19.6,24.7,14.2,61.6,81,42,1010.9,1012.3,1008.6,0,4.1,SSW,33.8
29-Apr-21,31,0.41,24,44,0,20,25.1,15.2,66.5,81,50,1013.1,1015.2,1011,0,1.8,SW,19.3
30-Apr-21,38,0.34,23,40,0,21.2,26.9,15.2,60.6,81,44,1015.6,1017.2,1014.3,0,1.8,SW,16.1
1-May-21,36,0.41,21,46,0,21.3,26.9,16.4,59.2,72,44,1015,1016.8,1013.9,0,1.1,W,12.9
2-May-21,52,0.45,13,37,0,22.2,28.2,16.9,56.7,74,39,1012.7,1014,1011.3,0,1.1,WSW,12.9
3-May-21,40,0.38,16,36,0,25.1,33.3,17.9,46.9,73,18,1012.7,1014.1,1011.5,0,2.2,SW,19.3
4-May-21,56,0.15,8,24,0,23.8,28.7,19.3,47,59,37,1013.1,1014.4,1010.2,0,5.1,NNE,29
5-May-21,61,0.18,14,26,0,21.6,25.5,18.2,55.2,65,39,1011.7,1012.9,1010.2,0,3.6,SW,22.5
6-May-21,63,0.2,10,24,0,22.1,26.8,18.5,56.8,72,39,1013.6,1015.6,1010.4,0,2.9,SW,22.5
7-May-21,40,0.31,20,35,0,22.5,27.1,17.1,52.6,76,35,1013.3,1015.2,1009.9,0,2.7,SW,25.7
8-May-21,57,0.23,13,31,0,24.1,29.7,19.4,49,66,35,1011,1015.9,1008.8,0,5.6,NE,33.8
9-May-21,79,0.18,9,12,0,19.3,22.6,16.4,46.3,64,34,1020.3,1022,1015.9,0,14.5,NE,48.3
10-May-21,75,0.23,11,21,0,19.7,24.4,14.9,39.6,55,30,1018.6,1020.7,1016.4,0,7.2,NE,38.6
11-May-21,63,0.3,15,33,0,20.8,26.4,13.7,33.9,48,26,1014.1,1016.3,1012.1,0,5.7,NE,30.6
12-May-21,61,0.24,16,40,0,20,24.4,15.2,44.5,74,30,1009.6,1012,1007.5,0,2.8,SW,20.9
13-May-21,65,0.18,12,26,0,21.4,27,15.9,55.6,78,34,1008.7,1010.4,1007,0,4,SW,27.4
14-May-21,70,0.13,9,22,0,21.5,27.3,16.3,48.1,64,27,1013,1014.5,1010.5,0,4.9,W,37
15-May-21,45,0.23,16,36,0,19.4,23.3,15.8,62.1,77,44,1011,1013.3,1008.8,0,1.9,SW,16.1
16-May-21,65,0.18,9,21,0,21.2,26.2,16.2,54.5,70,35,1009.3,1010.7,1008,0,4.1,SW,29
17-May-21,62,0.17,11,24,0,22.3,26.2,17.1,54.9,76,36,1010.1,1011.5,1008.9,0,4.2,SW,32.2
18-May-21,65,0.19,12,24,0,24.5,29.9,19.1,45,60,26,1010.5,1012.5,1008.9,0,4.4,SW,33.8
19-May-21,49,0.29,22,39,0,22.9,27.2,17.9,52.1,61,45,1011.1,1013.2,1008.2,0,3.7,SW,22.5
20-May-21,75,0.18,9,20,0,22.8,27.6,18.4,43.7,61,28,1008.4,1009.5,1007.2,0,5.1,W,30.6
21-May-21,67,0.22,11,23,0,20,23.1,16.1,47.7,76,37,1015.1,1019.7,1008.6,0,6.1,NNE,38.6
22-May-21,69,0.18,11,27,0,20.5,25.4,15.5,54.6,76,36,1018.9,1020.6,1017.5,0,3.2,SW,25.7
23-May-21,76,0.2,9,30,0,22.1,27.1,15.8,53.6,69,39,1017.8,1018.7,1016.9,0,2.6,SW,20.9
24-May-21,49,0.34,27,55,0,24.7,29.7,17.8,49.1,67,35,1018.1,1018.9,1017.1,0,2.1,SW,19.3
25-May-21,53,0.1,21,47,0,27.8,33.2,22.2,43.3,62,27,1015.6,1017.6,1013.6,0,3.3,SW,20.9
26-May-21,60,0.1,14,41,0,25.3,30.4,21,55,67,40,1012,1013.6,1010.3,0,2.5,SW,20.9
27-May-21,70,0.1,11,37,0,24.2,29.3,20.1,52.6,67,38,1010,1010.9,1009.2,0,3.1,SW,25.7
28-May-21,71,0.1,13,29,0,24.1,28.4,20.1,51.5,62,40,1011,1013.4,1009.5,0,4.2,SSW,29
29-May-21,79,0.1,8,20,0,22.7,25.4,19.8,59,68,51,1014.1,1014.9,1013.3,0,3.7,SSW,29
30-May-21,69,0.1,7,23,0,22.2,25.9,19.9,61.7,72,52,1013,1013.9,1012.3,0,2.1,W,17.7
31-May-21,74,0.1,9,22,0,22.5,28.6,18.7,59,77,32,1010.8,1012.4,1009.5,0,4.7,W,30.6
1-Jun-21,81,0,8,15,0,20.6,25.3,17.4,55.5,68,37,1012.3,1015.7,1010.6,0,6.1,SSW,38.6
2-Jun-21,71,0,9,18,0,20.7,25.7,16.8,55.3,71,37,1018.2,1020.5,1015.5,0,3.8,SSW,27.4
3-Jun-21,80,0,10,26,0,21.9,26.5,17.3,59.1,76,40,1020,1021,1018.9,0,3.1,SW,24.1
4-Jun-21,60,0,13,30,0,22.8,27,19.1,48.2,65,37,1021.5,1022.7,1020.2,0,5.2,NNE,24.1
5-Jun-21,76,0,9,22,0,22.5,26.6,19,53.9,68,42,1020.3,1021.9,1018.4,0,3.9,SW,22.5
6-Jun-21,69,0,10,27,0,23.5,27.6,18.3,57.6,70,47,1016.4,1018.4,1014.7,0,3.1,SSW,27.4
7-Jun-21,67,0,14,32,0,25.6,29.6,20.9,52.1,65,41,1014.8,1015.5,1013.6,0,3,SW,24.1
8-Jun-21,58,0,14,31,0,25.2,29.6,21.7,57.6,68,45,1012.3,1014.1,1010.4,0,3.9,NNE,29
9-Jun-21,61,0,10,23,0,23.1,28.2,19.3,65.2,84,38,1011.5,1012.9,1010.5,0.4,3.7,NE,29
10-Jun-21,56,0,9,26,0,23.8,28.4,19.9,60.4,81,42,1010.9,1012.2,1009.9,0,2.3,W,22.5
11-Jun-21,26,0,28,41,0,22.2,29.2,19.1,66.4,84,39,1012.4,1013.7,1011.1,25,1.9,NNE,33.8
12-Jun-21,43,0,20,29,0,22.3,27.5,18.1,67,86,48,1014.1,1014.8,1013.3,1,2.3,NE,32.2
13-Jun-21,62,0,10,23,0,23.6,27.8,18.2,59.6,81,42,1013.1,1014.7,1011.4,0,3.1,SW,22.5
14-Jun-21,60,0,11,19,0,20.9,25,16.3,63.3,87,45,1012.1,1014.1,1011.1,6.8,4.6,ENE,27.4
15-Jun-21,59,0,11,21,0,19.6,23.1,15.5,63.4,87,42,1013.6,1014.3,1012.7,1,3.5,SW,27.4
16-Jun-21,49,0,14,28,0,23.1,29,16.6,55,81,35,1013.3,1015.9,1012,0,3.6,SSW,27.4
17-Jun-21,46,0,24,35,0,24.8,28.9,18.6,50.1,70,38,1016.7,1017.7,1015.5,0,3.1,SW,30.6
18-Jun-21,48,0,19,39,0,25.3,30.9,19.9,54.2,71,39,1014.2,1016.6,1012,0,3.1,SW,24.1
19-Jun-21,58,0,14,33,0,26.4,30.9,21.8,56.9,71,41,1011.4,1012.3,1010.1,0,2.6,SW,25.7
20-Jun-21,74,0,10,28,0,26.6,31,22.1,58.8,72,47,1010.3,1011.2,1008.8,0,3,SW,30.6
21-Jun-21,59,0,10,28,0,26.2,29.4,22.8,62,75,53,1011.4,1012.6,1010.3,0,2.6,SW,24.1
22-Jun-21,54,0,12,30,0,27.3,30.7,23.2,62.7,75,53,1012.3,1013.2,1011.4,0,2.2,W,19.3
23-Jun-21,52,0,14,39,0,28.8,34,24.3,62.7,82,46,1013.7,1015.8,1012.1,0,2.2,SW,19.3
24-Jun-21,51,0,22,47,0,29.9,34.8,25,59.6,72,44,1015,1015.7,1014.2,0,2.5,SW,19.3
25-Jun-21,48,0,29,49,0,30.9,35.9,26.4,50.1,67,36,1013.1,1014.5,1011.4,0,2.4,W,19.3
26-Jun-21,50,0,29,46,0,31.6,38.1,26,52.6,74,32,1010.6,1012.3,1009.2,0,3,SW,32.2
27-Jun-21,71,0,12,29,0,31.1,36.2,27.3,53.7,71,43,1011.4,1013.4,1010.1,0,4.1,NNE,20.9
28-Jun-21,55,0,20,36,0,31.3,35.2,27.3,45.5,57,37,1014.1,1014.9,1013,0,5.6,NE,27.4
29-Jun-21,78,0,15,36,0,30.7,35.3,26.7,50.2,64,39,1013.5,1014.7,1011.9,0,3.3,SW,19.3
30-Jun-21,80,0,15,40,0,30.9,35.7,26.9,48.3,64,35,1012.3,1013.3,1011.1,0,3.6,SW,24.1
1-Jul-21,54,0,21,43,0,31.7,36.3,26.7,49.3,60,36,1008.7,1011.3,1006.4,0,2.7,SW,17.7
2-Jul-21,74,0,10,30,0,31.9,37.1,28.2,34.8,53,22,1007,1008.1,1005.6,0,4.6,W,27.4
3-Jul-21,79,0,9,25,0,28.7,32.8,25.9,52.7,71,36,1009.2,1011,1007.4,0,4.1,W,29
4-Jul-21,92,0,6,19,0,28.1,32,24.6,52.2,73,38,1010.6,1011.9,1009.4,0,4.2,SSW,27.4
5-Jul-21,77,0,11,27,0,28.4,32.7,24.9,57.9,79,39,1007.4,1009.5,1005.7,0,3.4,SW,24.1
6-Jul-21,57,0,19,40,0,28.9,33.4,24.3,57.7,71,38,1009.4,1011.8,1006.6,0,2.9,W,22.5
7-Jul-21,52,0,23,39,0,30.5,34.8,25.2,44.7,63,36,1012.8,1014.7,1011.5,0,5.1,NE,35.4
8-Jul-21,58,0,13,23,0,30.2,33.6,27.3,50.4,64,40,1015.2,1016.2,1014,0,11.4,NE,38.6
9-Jul-21,64,0,12,24,0,29,32.5,26,49.5,70,38,1014.5,1015.9,1012.9,0,11.6,NNE,46.7
10-Jul-21,71,0,14,26,0,29.2,32.8,26.3,36.3,51,26,1011.2,1012.7,1009.4,0,9.7,NE,37
11-Jul-21,73,0,10,23,0,29.4,33.2,25.9,37.8,46,26,1010.1,1011.1,1008.8,0,7.4,NE,33.8
12-Jul-21,52,0,18,38,0,30.2,34.6,24.9,38.1,50,27,1010.8,1011.9,1010,0,5.9,NE,33.8
13-Jul-21,48,0,24,45,0,30.8,35.2,24.7,36,50,29,1010.8,1011.8,1009.8,0,6.4,NE,32.2
14-Jul-21,61,0,19,44,0,31.5,35.8,25.9,38.5,47,33,1010.8,1011.8,1009.8,0,7.8,NE,35.4
15-Jul-21,67,0,15,37,0,32.1,36.7,27.4,37.4,52,26,1008.9,1010.5,1007.3,0,6.3,NE,33.8
16-Jul-21,58,0,21,50,0,31.1,37.2,25.4,44.3,64,27,1005.9,1007.7,1004.1,0,3.2,W,25.7
17-Jul-21,83,0,9,33,0,29.2,33.2,26.7,56.5,71,41,1003.4,1004.8,1001.7,0,2.9,SW,24.1
18-Jul-21,94,0,7,22,0,28.3,31.9,25.3,60.9,72,48,1001.9,1003.6,1000.8,0,3.3,SW,24.1
19-Jul-21,73,0,9,22,0,27.7,30.7,25.2,64.3,75,50,1005.8,1007.7,1003.1,0,4.9,SSW,32.2
20-Jul-21,67,0,10,22,0,28.4,31.7,25,61,72,50,1008.6,1010.3,1007.2,0,3.2,SSW,20.9
21-Jul-21,68,0,13,31,0,29.9,35.1,25.3,58.9,72,36,1010.3,1011.7,1009.1,0,3,WSW,40.2
22-Jul-21,67,0,12,25,0,28.1,30.8,25.7,45.7,56,38,1012.3,1013.5,1011,0,9.6,NE,41.8
23-Jul-21,59,0,15,29,0,27.4,30.9,24.3,43.7,62,31,1012.1,1013.1,1010.8,0,8.7,NE,37
24-Jul-21,64,0,15,30,0,27.3,30.8,24.4,43.1,56,33,1011.8,1012.9,1011.1,0,7.9,NE,37
25-Jul-21,77,0,11,23,0,27.7,31,24.6,41.8,56,31,1013.4,1015.2,1011.8,0,10.2,NE,43.5
26-Jul-21,77,0,14,34,0,29,33.6,25.2,36.4,54,24,1015.7,1016.7,1014.5,0,8.5,NE,38.6
27-Jul-21,70,0,18,44,0,31,35.3,25.1,32.7,45,24,1015.8,1017.4,1014.3,0,8,NE,37
28-Jul-21,71,0,19,45,0,32.8,36.6,28.8,30,38,23,1013.2,1014.3,1011.6,0,9.5,NE,43.5
29-Jul-21,54,0,35,63,0,33.1,39.1,26.7,36.4,45,28,1011,1012.5,1009.5,0,3.6,NE,30.6
30-Jul-21,63,0,47,68,0,33.1,38.8,27.8,40.5,54,26,1008.7,1010.2,1007.1,0,2,SW,20.9
31-Jul-21,58,0,53,64,0,32.6,38.3,26.9,44.2,59,28,1007.1,1007.9,1006.2,0,1.9,SW,19.3
1-Aug-21,66,0,34,54,0,33,38.3,27.1,41.5,56,28,1009,1010.2,1007.5,0,2.9,WSW,27.4
2-Aug-21,8,0,55,62,0,33.3,39.3,27.4,40.2,51,27,1009.8,1010.7,1008.6,0,1.9,SW,19.3
3-Aug-21,0,0,0,0,0,35.3,42,28.6,36.5,49,21,1011,1012.6,1009.5,0,2.2,SSW,24.1
4-Aug-21,0,0,0,0,0,33.5,38.8,29.1,39.4,55,25,1012.1,1013.2,1011.3,0,2.1,SW,17.7
5-Aug-21,0,0,0,0,0,33.1,39.8,27.6,37.8,49,27,1008.9,1011.7,1004.6,0,2.3,SW,20.9
6-Aug-21,0,0,0,0,0,32.5,37.4,28.1,38.6,51,20,1002.8,1004.9,1000.4,0,4.3,W,32.2
7-Aug-21,0,0,0,0,0,30.1,34.7,26.4,46.2,66,28,1009.1,1013.1,1004.9,0,6.4,NE,29
8-Aug-21,0,0,0,0,0,28.9,32.7,24.5,51,65,37,1014.5,1015.8,1012.9,0,3.2,SW,22.5
9-Aug-21,0,0,0,0,0,29.8,34.6,25.9,48.7,70,33,1015.8,1016.6,1014.9,0,2.4,SW,20.9
10-Aug-21,0,0,0,0,0,30.6,36.2,25.5,52,64,32,1014.2,1015.7,1012.8,0,2,SW,17.7
11-Aug-21,0,0,0,0,0,30.6,35.4,26,48.2,61,32,1011.8,1014.3,1009.4,0,4.2,SW,48.3
12-Aug-21,0,0,0,0,0,30,33.8,26.5,43.6,59,28,1014.6,1016.6,1011.7,0,8.1,NE,38.6
13-Aug-21,0,0,0,0,0,30.1,33.6,27.3,42.5,57,34,1017.2,1018.1,1016.3,0,10,NE,41.8
14-Aug-21,0,0,0,0,0,27.9,31.1,25.6,44.1,60,25,1017,1019,1015.2,0,11.1,NE,45.1
15-Aug-21,0,0,0,0,0,28,31.5,25.3,39.9,53,28,1014.4,1015.4,1013.5,0,9.4,NE,40.2
16-Aug-21,0,0,0,0,0,28.9,33.4,24.6,39.3,52,29,1012.6,1014,1011.1,0,6.3,NE,43.5
17-Aug-21,0,0,0,0,0,28.1,33.4,22.1,44.7,59,30,1010.3,1011.7,1008.3,0,2.5,SW,24.1
18-Aug-21,0,0,0,0,0,28.7,32.9,24.2,56.9,72,44,1007.8,1008.6,1006.8,0,1.9,W,16.1
19-Aug-21,0,0,0,0,0,29.3,33.5,25.6,51,66,45,1008.9,1010.7,1006.9,0,7.8,NE,32.2
20-Aug-21,0,0,0,0,0,28.2,31.6,26.2,46.8,60,38,1012.3,1013.9,1010.5,0,9.5,NE,43.5
21-Aug-21,0,0,0,0,0,28.3,32.6,25.2,40.8,48,34,1013.3,1014.3,1011.7,0,7,NE,33.8
22-Aug-21,0,0,0,0,0,28,31.3,24.7,45.4,65,34,1013.9,1014.6,1013.3,0,7.7,NE,38.6
23-Aug-21,0,0,0,0,0,28.1,31.5,24.8,46.6,55,38,1012.3,1013.9,1011,0,8.8,NE,43.5
24-Aug-21,0,0,0,0,0,28.6,33.7,23.7,42.3,60,27,1011.1,1012,1009.7,0,3.6,NE,30.6
25-Aug-21,0,0,0,0,0,27.3,33.5,21.5,49.1,68,32,1011.2,1012.1,1010.5,0,2.5,SW,27.4
26-Aug-21,0,0,0,0,0,28.6,33.2,23.3,53.8,70,35,1009.9,1011,1008.6,0,2.4,SW,22.5
27-Aug-21,0,0,0,0,0,29.3,33.5,25.9,54.2,68,40,1009.1,1010,1008.1,0,2.8,SW,22.5
28-Aug-21,0,0,0,0,0,28,32.6,23.6,54.9,69,36,1007.6,1009.2,1005.9,0,3,SW,27.4
29-Aug-21,0,0,0,0,0,28.5,34.2,23.9,52.7,70,30,1005.6,1006.9,1004.4,0,4.5,SSW,29
30-Aug-21,0,0,0,0,0,28.4,32.6,24.6,50.7,69,36,1009.3,1011.5,1006.9,0,3,SW,22.5
31-Aug-21,0,0,0,0,0,27.6,31.5,23.9,55.7,70,43,1012,1012.9,1011,0,2.9,SW,22.5
1-Sep-21,0,0,0,0,0,27.6,32.4,23.2,53.6,69,41,1012.5,1014.3,1010.9,0,3,SW,19.3
2-Sep-21,0,0,0,0,0,25.8,29.5,23.2,54.2,62,43,1015.8,1017.7,1014,0,7,NE,33.8
3-Sep-21,0,0,0,0,0,24.8,28.3,22.3,50.5,63,39,1016.7,1018.5,1015.3,0,7.9,NE,37
4-Sep-21,0,0,0,0,0,25.1,30,21.8,53.7,65,44,1014.2,1015.8,1012.2,0,5.4,NNE,27.4
5-Sep-21,0,0,0,0,0,25.1,28.7,22.3,50.2,61,42,1014.6,1016.4,1013.4,0,6.8,NE,33.8
6-Sep-21,0,0,0,0,0,24,26.7,21.8,53.3,66,41,1016.2,1017.4,1015.1,0,11.3,NE,46.7
7-Sep-21,0,0,0,0,0,22.7,25.8,20.7,58.8,66,51,1016.8,1017.8,1016.2,0,13.8,NE,48.3
8-Sep-21,0,0,0,0,0,20.7,23.7,19,70.5,81,61,1016.8,1017.4,1015.9,1,6.3,NE,32.2
9-Sep-21,0,0,0,0,0,21.1,23.9,18.9,67.4,76,58,1016.4,1017.1,1015.1,0,2.5,W,20.9
10-Sep-21,0,0,0,0,0,22.7,27.3,19.1,63.4,74,48,1016.7,1017.8,1015.7,0,2.2,NE,29
11-Sep-21,0,0,0,0,0,23.3,27.4,18.8,61,78,45,1015.1,1016.9,1012.9,0,3.1,NE,25.7
12-Sep-21,0,0,0,0,0,24,26.9,20.9,45.8,60,36,1011.5,1012.9,1010.3,0,5.9,NE,32.2
13-Sep-21,58,0,0,0,0,24.7,28.1,21.4,47.4,60,33,1011.1,1012.5,1010,0,5.4,NE,29
14-Sep-21,51,0,31,67,0,25.4,29.4,20.8,44.6,59,30,1013.6,1015.5,1011.6,0,5.3,NE,38.6
15-Sep-21,50,0,42,66,0,25.5,30.5,19.9,47.2,64,34,1016.1,1017.3,1014.6,0,2.4,NE,20.9
16-Sep-21,53,0,46,61,0,25.2,30.3,19.8,54.4,68,39,1017,1017.9,1015.7,0,2.1,SW,20.9
17-Sep-21,48,0,35,55,0,25.4,29.6,20.2,58.2,70,44,1014.6,1016.7,1013,0,2.3,SW,24.1
18-Sep-21,43,0,23,42,0,29.4,36.7,22.8,47.3,71,28,1012.3,1013.3,1010.9,0,3.8,W,29
19-Sep-21,39,0,23,38,0,27.9,32.8,23.6,54.8,73,36,1013.4,1014.6,1012.2,0,2.2,SW,22.5
20-Sep-21,35,0,31,42,0,28.1,35.1,22.3,52.4,67,32,1012.7,1014.7,1010.8,0,2.9,SW,25.7
21-Sep-21,48,0,22,40,0,27.3,32.2,23.3,56.5,70,41,1015.8,1016.9,1014.5,0,3.2,NNE,22.5
22-Sep-21,51,0,13,32,0,23.6,26.4,20.3,63.4,74,55,1014.1,1016.4,1011.9,0,5.4,NNE,29
23-Sep-21,52,0,16,25,0,18.1,20.3,15.9,59.7,74,47,1017.1,1019.6,1012.9,0,8.6,NE,43.5
24-Sep-21,53,0,24,39,0,19.7,24.3,14.2,52.7,67,35,1018.4,1019.9,1016.5,0,1.8,SSW,17.7
25-Sep-21,42,0,59,56,0,22.1,28.3,15.5,57.6,74,33,1019.4,1020.8,1017.3,0,1.5,SW,17.7
26-Sep-21,40,0,60,53,0,23.8,29.9,17.6,48.5,74,32,1019.1,1021,1017.2,0,2.7,NE,24.1
27-Sep-21,37,0,73,62,0,25,30.6,18.6,48.5,64,34,1015.5,1017,1013.9,0,1.5,NNE,19.3
28-Sep-21,43,0,24,46,0,24.2,28.7,20.3,52.2,66,42,1015.4,1017.1,1014.2,0,6.8,NE,29
29-Sep-21,53,0,18,25,0,22,25.8,19.8,59,69,45,1017.9,1019.6,1016.5,0,10.6,NE,33.8
30-Sep-21,55,0,16,27,0,20.4,23.6,18.4,54.3,68,46,1019.8,1020.6,1019,0,11,NE,40.2
1-Oct-21,53,0,20,27,0,19.2,21.4,17.8,57.6,64,47,1019.9,1020.8,1018.9,0,13.2,NE,45.1
2-Oct-21,52,0,20,30,0,18.6,21.4,17,55,62,43,1019.8,1021.4,1018.8,0,8.2,NE,37
3-Oct-21,55,0,14,26,0,19.2,23.1,16.4,54.9,64,46,1021.2,1022.2,1020,0,5.9,NE,32.2
4-Oct-21,42,0,28,39,0,19.4,24.1,14.5,53.8,73,43,1021.5,1022.3,1020.4,0,4.5,NE,30.6
5-Oct-21,45,0,26,39,0,19.4,24.2,14.6,56.4,69,47,1021.3,1022.6,1019.8,0,7.5,NE,35.4
6-Oct-21,56,0,18,30,0,19,23.3,16.6,58.5,70,48,1020.4,1022.2,1018.8,0,8.6,NE,32.2
7-Oct-21,55,0,16,29,0,19,23.3,16.3,63.8,71,50,1016.7,1018.9,1015.2,0,5.9,NE,30.6
8-Oct-21,20,0,32,50,0,18.7,21.2,17,78.5,88,71,1014.3,1015.7,1013.2,5.6,1.1,NE,19.3
9-Oct-21,35,0,26,35,0,20.1,24.6,17.2,78.8,87,61,1016,1017.8,1013.8,1.2,0.5,NNE,16.1
10-Oct-21,26,0,25,33,0,19.6,23.2,17.3,81.5,90,65,1016.9,1018.7,1015.7,6.4,0.7,SSW,20.9
11-Oct-21,31,0,30,28,0,21,24.9,17.4,81.6,90,64,1013.2,1015.6,1009.9,4,1.8,S,27.4
12-Oct-21,22,0,39,32,0,17.6,22.1,14.3,74.7,91,54,1008.4,1010.3,1006.6,0.4,1.4,W,24.1
13-Oct-21,35,0,42,32,0,18.8,22.9,13.8,68.6,84,47,1012.5,1013.8,1010.1,0,1.9,NNE,22.5
14-Oct-21,23,0,35,37,0,17.2,18.6,16.1,89.1,92,80,1012,1013.5,1009.1,76.2,1.3,NNE,33.8
15-Oct-21,53,0,20,25,0,18.8,22.2,15.2,75.9,92,61,1007.9,1009.3,1005.5,22.6,5.2,SW,46.7
16-Oct-21,48,0,20,27,0,19.2,22.7,14.9,64,81,46,1011.8,1015.6,1009.1,0,1.4,W,22.5
17-Oct-21,23,0,22,29,0,18.3,20.6,16.8,72.4,80,63,1017.6,1020.1,1015.3,0.4,1.7,NNE,16.1
18-Oct-21,27,0,23,29,0,17.7,21.7,14.4,69.6,83,53,1021.4,1023.9,1019.8,0,3.4,NE,24.1
19-Oct-21,27,0,31,35,0,16.8,20.8,13.5,68.5,84,55,1025.9,1027.6,1023.6,0,4.1,NE,29
20-Oct-21,26,0,29,39,0,16.2,21.4,11.9,66.9,86,47,1026.5,1027.9,1025.2,0,2.5,NE,22.5
21-Oct-21,37,0,47,36,0,17.3,21.3,12.9,72.2,83,61,1022.3,1025.1,1020,0,1.6,SSW,19.3
22-Oct-21,33,0,54,41,0,19.2,23.6,14.5,74.4,87,60,1020.1,1021,1019.2,0,2,SSW,19.3
23-Oct-21,25,0,57,38,0,19.8,25,14.6,75.2,90,53,1020.8,1021.8,1019.7,0,1.7,SSW,17.7
24-Oct-21,25,0,54,26,0,18.4,23.6,15.3,76,91,60,1022.5,1025,1020.2,0,7.1,NE,49.9
25-Oct-21,52,0,16,21,0,14.8,16.4,13.6,60.5,77,50,1024.9,1026.4,1023.7,0,12.6,NE,51.5
26-Oct-21,40,0,21,26,0,14.8,18.7,12.7,61,68,50,1022.1,1023.8,1020.1,0,6.9,NE,37
27-Oct-21,34,0,33,33,0,15.3,19.4,11.2,64,81,47,1021.9,1023.5,1020.5,0,5.4,NE,37
28-Oct-21,51,0,17,25,0,15.7,18.5,12.9,63.3,72,54,1021.9,1023.4,1020.7,0,8.9,NE,41.8
29-Oct-21,47,0,21,30,0,15.4,18.9,12.8,63.3,74,49,1020,1021.1,1018.9,0,7.9,NE,38.6
30-Oct-21,31,0,27,44,0,16.1,19.4,12.8,67.9,74,58,1019,1019.8,1017.9,0,3.8,NE,30.6
31-Oct-21,41,0,17,32,0,15.7,18.7,12.1,71.4,81,61,1017.6,1019.4,1016.2,0,5.3,NE,29
1-Nov-21,29,0,43,48,10,15.7,20.2,10.5,68.2,86,47,1014.9,1016.2,1013.6,0,1.2,S,14.5
2-Nov-21,31,0,27,36,4,18.9,22.2,15.4,79.7,87,70,1010.7,1013.4,1008.1,0,4.6,S,37
3-Nov-21,22,0,66,41,0,18.5,23.7,13.4,74.6,89,54,1016.3,1019,1012.6,0,1.5,SW,16.1
4-Nov-21,23,0,56,34,0,18.7,22.9,13.8,83.8,92,72,1020.2,1021,1018.7,0,1.5,SW,16.1
5-Nov-21,19,0.63,39,34,9,19,22.6,15.8,85.8,92,74,1020.4,1021.3,1019.4,0,0.9,SW,12.9
6-Nov-21,14,0.67,55,50,15,18.6,23.4,15.8,85.1,93,69,1020.9,1022.3,1020.1,0.2,0.6,SW,9.7
7-Nov-21,20,0.46,50,33,11,19.3,25.1,14.6,70.6,87,53,1018.6,1020.4,1017.2,0,1.8,NE,19.3
8-Nov-21,26,0.43,49,32,8,17.6,20.9,13.9,80,89,69,1016.8,1018.1,1015.4,0,1.4,SW,14.5
9-Nov-21,19,0.31,34,33,7,17.9,20.2,14.8,77,89,68,1022.1,1027.3,1018.1,0,4.2,NE,46.7
10-Nov-21,45,0.12,18,19,5,14.2,17.1,11.8,62.1,74,53,1029.2,1031.8,1027.2,0,14.8,NE,62.8
11-Nov-21,37,0.37,24,33,6,13.3,17.1,11.4,59.7,69,50,1023.6,1027.6,1021,0,3.1,NE,35.4
12-Nov-21,26,0.6,36,43,7,13.9,18.9,8.8,66.1,80,50,1020.2,1021.1,1018.7,0,1.5,NNE,12.9
13-Nov-21,23,0.63,64,47,11,14,18.4,10,67.9,78,49,1020.8,1022.3,1019.7,0,1.5,NNE,14.5
14-Nov-21,25,0.54,29,41,6,15.7,17.5,14.1,74.6,78,69,1019.9,1020.8,1019,0,1.3,NNE,11.3
15-Nov-21,44,0.31,19,31,6,15.8,17.9,14.8,72.2,78,65,1020,1021.1,1018.8,0,9.3,NE,43.5
16-Nov-21,55,0.26,18,24,6,15,16.9,13.2,69.9,79,63,1020.4,1021.6,1019.2,1.6,11.7,NE,43.5
17-Nov-21,46,0.28,15,23,5,13.7,15.2,13.1,72.6,78,67,1021.2,1023.1,1019.3,0,6.2,NE,29
18-Nov-21,29,0.52,25,38,7,15.1,17.9,13.6,69.3,77,60,1023.1,1024.4,1022.1,0,1.2,NNE,14.5
19-Nov-21,27,0.35,24,32,6,13.4,14.7,12.6,75.8,83,64,1021.6,1023.1,1020.3,0.4,4.4,NE,22.5
20-Nov-21,27,0.28,28,37,7,13.7,16.1,11.7,62.9,72,56,1018.4,1020.4,1016.9,0,3.3,NE,25.7
21-Nov-21,22,0.72,56,42,8,14.5,19.5,10.3,69.9,85,52,1016.7,1018.1,1015.1,0,1,NNE,16.1
22-Nov-21,32,0.96,88,36,8,15.9,19.4,10.8,81,89,70,1016.7,1017.5,1015.9,11.6,4.3,SSW,27.4
23-Nov-21,35,0.51,43,31,6,17.1,20.1,14.4,84.7,93,70,1016.1,1017.3,1015.1,20.6,2.1,SW,30.6
24-Nov-21,26,0.18,27,27,6,13.6,14.8,11.5,80.8,93,72,1019.2,1021.1,1016.2,2,8.4,NE,45.1
25-Nov-21,34,0.35,21,28,6,12,14.6,9.8,68.8,78,59,1019.5,1021.3,1017.3,0,5.4,NE,27.4
26-Nov-21,14,1.52,105,39,9,12.6,18.4,8.8,87,94,76,1010.7,1017.5,1003.5,24.2,1.8,NE,49.9
27-Nov-21,36,0.52,45,32,7,16.3,19.9,11.3,81.6,94,62,1008.2,1011,1003.2,3.8,4.8,SSW,37
28-Nov-21,51,0.18,27,25,6,17.1,19.7,11.4,77.1,88,61,1008.2,1011.3,1002.5,0,5.7,S,33.8
29-Nov-21,64,0.1,8,17,6,18.4,21.3,15.2,62.6,81,50,1004.1,1008.5,1000.2,0,7.4,SW,49.9
30-Nov-21,61,0.11,11,19,7,12.9,16.5,7.7,59.6,68,54,1010.4,1017.1,1003.9,0,6.9,W,43.5
1-Dec-21,34,0.33,27,35,10,11.6,16.2,5.5,57.8,72,42,1017.2,1018.8,1016.2,0,2.5,W,27.4
2-Dec-21,30,0.94,77,42,9,13,17.6,8.3,69.7,84,53,1014.7,1016.2,1013.3,0,1.3,SSW,17.7
3-Dec-21,43,0.59,41,31,8,15.9,18.8,11.1,78,89,70,1011.6,1014.2,1008.3,1.4,8.6,SSW,45.1
4-Dec-21,30,0.25,30,36,8,13.4,16.2,11.4,84.4,92,77,1009.2,1010.5,1007.8,5.4,2,NE,20.9
5-Dec-21,21,0.55,52,35,9,13,17.6,8.5,80.1,91,63,1011.5,1012.7,1010.3,0,1.3,SSW,19.3
6-Dec-21,50,0.58,59,25,8,14.6,18.6,9.9,78,91,57,1007.6,1011.1,1003.1,5.2,8.7,SSW,59.5
7-Dec-21,55,0.19,15,28,8,13.3,15.4,11.2,73.7,87,61,999.8,1003.2,997.6,2.4,4,W,30.6
8-Dec-21,29,0.25,31,30,12,12.1,15.6,9.6,64.5,87,44,1010.2,1015.7,1002.4,0,2.7,W,29
9-Dec-21,50,0.71,55,28,9,14.9,18.7,8.1,73.4,85,62,1014.1,1016.4,1011.5,0,7.8,SSW,46.7
10-Dec-21,67,0.12,11,24,8,14.8,17.2,12.5,62.6,76,46,1011.7,1014,1009.8,0.4,7.3,WSW,46.7
11-Dec-21,80,0.26,10,15,8,15.5,16.7,11.8,73.6,82,61,1008.3,1012.8,1005.2,2,13.3,S,59.5
12-Dec-21,48,0.2,20,31,8,14.6,17.9,10.4,66.2,83,52,1011.4,1013.7,1007.9,0,2.5,SW,22.5
13-Dec-21,22,0.32,36,39,10,11,15.3,6.6,71.6,87,51,1014.5,1016,1012.9,6.4,2.7,W,22.5
14-Dec-21,25,0.18,22,26,9,8.2,10.1,6.8,76.7,87,66,1014.9,1015.8,1014,5.8,3.6,W,37
15-Dec-21,27,0.35,25,30,9,9.3,10.6,8.2,73.9,82,68,1020.3,1023.7,1015.5,0,6.7,NE,41.8
16-Dec-21,19,0.46,52,46,10,8.8,12.4,5.8,68.7,80,55,1023.6,1024.6,1022.9,0,1.7,NE,20.9
17-Dec-21,16,0.5,58,52,11,9,12.3,4.8,63.5,83,50,1020.3,1023.4,1015.3,0,1.5,NE,24.1
18-Dec-21,38,0.26,24,28,8,7.1,9.7,5.6,67.5,81,54,1015.3,1017.2,1013.5,1,12.1,NNE,53.1
19-Dec-21,39,0.15,24,35,8,5.8,8.7,2.2,65.1,79,52,1016.1,1017.7,1014.2,0.2,4.9,NE,43.5
20-Dec-21,11,1.08,122,62,12,8.1,14.7,1.2,64.4,83,43,1014.3,1017.1,1012.4,0,1.3,NE,16.1
21-Dec-21,23,0.35,34,47,10,8.7,10.8,7.6,63.3,81,54,1021.5,1024.9,1017,1.2,4.2,ENE,22.5
22-Dec-21,25,0.45,30,47,10,8.9,11.2,7.8,61.9,70,56,1024.7,1025.7,1023.3,0.2,3.3,NNE,20.9
23-Dec-21,25,0.55,45,50,10,8,11.1,5.1,61.5,79,45,1025.2,1026.8,1024.1,0,2.1,ENE,25.7
24-Dec-21,18,1.05,107,54,12,9.6,14.1,3.9,72.1,86,54,1021.1,1024.1,1019.2,0,1.4,SW,20.9
25-Dec-21,26,0.61,56,48,11,12,16.1,7.4,73.7,87,55,1019,1020.6,1018,0,1.1,SW,14.5
26-Dec-21,28,0.8,92,39,10,13.4,18.4,7.7,79,90,57,1018.2,1019.7,1016.9,0,2.1,SSW,20.9
27-Dec-21,40,0.17,22,33,9,15,16.9,12.6,80.5,91,71,1016.3,1017.8,1014.2,0,4.1,SSW,32.2
28-Dec-21,50,0.19,15,23,9,14.6,16.1,13.4,85.3,90,77,1010.1,1014.2,1007.3,3.4,6.4,S,33.8
29-Dec-21,16,0.48,61,40,10,13,15.9,9.8,85.8,94,73,1006.5,1008.1,1005.4,0.2,0.8,W,12.9
30-Dec-21,15,0.34,50,35,10,12,13.8,9.5,75.1,90,62,1008.8,1013.7,1005.4,0.8,5.4,NE,30.6
31-Dec-21,26,0.46,37,32,10,12.7,15.6,9.7,70,82,60,1019,1021.4,1013.9,0,6.7,NE,43.5