Date,T_mean,T_max,T_min,RH_mean,RH_max,RH_min,Prs_mean,Prs_max,Prs_min,Ac_R,WS_mean,DWD,WG,CO,NO,NO2,O3
1-Jan-10,17.9,23.9,12.8,61.4,91,33,1003.6,1006.3,1002,0.2,4,WSW,35.4,1.4,46.1,44.8,27.1
2-Jan-10,15.6,18.9,12.1,57.4,70,45,1005.2,1008.7,1001.5,0,6.8,WSW,51.5,0.4,3,25.5,60.4
3-Jan-10,13.5,16.2,10,56,76,39,1011.7,1016.7,1008.6,0,5,WSW,40.2,0.7,11.5,41.8,40.4
4-Jan-10,9.5,11.8,7.9,50.7,60,38,1021.3,1023.1,1016.8,0,4.3,NNE,22.5,1.2,27,54.1,24.5
5-Jan-10,13.4,16.7,9.2,70.5,82,54,1018.7,1022.1,1015.5,0,7.9,S,41.8,1,30,51,31.3
6-Jan-10,16.8,18.2,15.8,79.3,83,72,1012.9,1015.6,1011.1,0,15.2,S,51.5,0.4,5.2,21.2,54
7-Jan-10,16.6,18.4,13.2,80.3,88,75,1016.3,1019.9,1012.9,0,4.5,SSE,29,2.1,94.3,56.1,24.1
8-Jan-10,16.1,18.4,13.1,79.9,89,70,1019.5,1021.4,1016.9,0,3.5,E,25.7,2.4,134.5,62,17
9-Jan-10,17.2,18.6,15.9,77.1,85,70,1014.7,1016.8,1012.1,0,9,SSE,37,0.8,15,43.7,47.4
10-Jan-10,14.3,18.1,10.2,61.9,85,38,1012,1014.3,1009.6,0,5.3,SW,38.6,0.5,5.6,36,52
11-Jan-10,12.3,14.4,10.3,61.5,70,54,1016.7,1018.7,1014.5,0,4.2,WSW,32.2,0.7,10.5,48.3,40.6
12-Jan-10,12.6,14.9,10.7,69.7,77,60,1011.5,1016,1009.2,0.6,0.5,SSW,12.9,2,102,78.7,9.7
13-Jan-10,12.4,15.2,9.8,67.2,87,49,1009.5,1010.9,1007.9,3.4,1.6,W,16.1,1.3,44,66.8,16
14-Jan-10,11.1,11.9,10.2,78.6,87,72,1009.6,1014.2,1006.4,3.8,7.3,N,29,1.7,51,55.2,13
15-Jan-10,11.8,14.3,9.1,73.5,83,63,1016.3,1018.1,1014.1,0.2,5.5,NNE,37,2,60.7,59.5,9.5
16-Jan-10,10,11.6,9.3,78.5,85,74,1019.8,1022.8,1017.2,4.4,17.8,NNE,56.3,1.1,34.9,40.5,23.5
17-Jan-10,10.2,12.2,8.7,72,80,64,1021.6,1023.4,1019.3,0.2,9.7,NNE,43.5,1.1,33.8,39.2,19.7
18-Jan-10,10.3,12.8,7.9,74.9,84,66,1016.2,1019.4,1014,0,1.2,WSW,16.1,1.6,68.1,54.3,5.3
19-Jan-10,9.5,12.4,7.7,62.9,74,50,1013.3,1014,1012.3,0,2.5,WSW,19.3,1.5,45.7,55.9,12.8
20-Jan-10,8.7,11.9,6.3,58.3,70,43,1014.9,1017.5,1013,0,1.8,WSW,17.7,1.4,47.6,53.4,18.3
21-Jan-10,9,12.9,5.4,68.5,85,50,1016.6,1019.2,1010.2,4.4,4.5,N,33.8,2.3,130.4,68.6,14.4
22-Jan-10,8,9.9,6,78.4,87,72,1011.2,1016,1007.6,6.2,10.7,NNE,43.5,1.5,40.2,53.5,24.1
23-Jan-10,6.5,8.6,5.6,72.1,81,64,1019.7,1022.7,1015.8,0,9.8,NNE,33.8,1.5,39.9,47.3,20
24-Jan-10,5.6,7.6,4.4,75.8,83,69,1024.3,1027,1022,0.4,6.7,NNE,29,1.2,23.5,46.6,24.6
25-Jan-10,4.5,6.3,3.1,70.1,82,62,1030.9,1034.3,1027,0,11.7,NNE,41.8,1.4,24.9,45.4,34
26-Jan-10,4.7,5.8,3,63.5,72,55,1032.3,1034.7,1028.8,0,8.6,N,32.2,1.7,35.6,53.6,27.9
27-Jan-10,5.9,7.1,5.1,75.8,87,67,1021.7,1028.7,1013,6.8,6.1,N,25.7,2,40.6,56.8,15.9
28-Jan-10,8.7,10.5,5.5,84,90,77,1007.4,1012.9,1001.6,0.4,0.4,NNW,9.7,2.5,86.3,68.8,2.7
29-Jan-10,12.5,17.4,8.2,73.9,94,51,1000.8,1002.6,999.1,0.2,2.7,NNW,35.4,3,122,57.8,14.8
30-Jan-10,13,16.8,8.2,69.1,88,50,1002.5,1003.8,1001.4,0,2.5,NW,27.4,2.8,119.9,57,18.4
31-Jan-10,13.9,16,10.8,64,81,52,1004.7,1010.8,1000.6,0,5.8,SW,40.2,0.7,5.8,27.2,48.9
1-Feb-10,14.1,18.5,10.4,60.6,76,47,1009.2,1010.7,1007.2,0,5.1,S,38.6,1.1,27.8,37.1,41
2-Feb-10,7.9,11.7,4.3,71.1,88,55,1010,1017.5,1004.1,9.8,4.8,N,33.8,1.2,24,39.2,26.8
3-Feb-10,5.1,8.2,2.2,46.3,65,27,1021.8,1023.6,1017.5,0,3.6,N,29,1.3,26.9,36.9,36.7
4-Feb-10,8.4,14.3,2.3,49.5,75,25,1023.9,1025.2,1022.3,0,1.2,N,16.1,3.4,131.2,62.9,12.9
5-Feb-10,9.1,13.1,4.2,64.1,74,55,1024.8,1025.8,1023.8,0,3.8,NE,22.5,3.5,117.1,58.8,7.7
6-Feb-10,11.9,14.3,8.9,73.9,87,64,1015.6,1023.8,1007.3,2.4,8.3,S,49.9,1.3,26.3,35.7,28.3
7-Feb-10,11.5,13.6,7.9,84.7,90,76,1002,1007.2,998.5,7.8,3.4,S,43.5,1,16.2,32.7,26.5
8-Feb-10,10.2,14.4,7.9,75.5,90,55,1001.6,1006.2,998.6,13.8,2.1,W,16.1,1.7,38.2,38.4,10.7
9-Feb-10,10.6,13,7.2,73,85,58,1009.5,1010.7,1006.3,0.8,1.2,NNE,12.9,1.5,26.9,34.8,18.3
10-Feb-10,14.7,17.3,11.8,76.7,93,68,1001.9,1009.6,996.4,14.6,9.2,SSE,57.9,0.9,8.8,22,40.4
11-Feb-10,14,16.6,11.9,63,89,48,1001.5,1006.9,996.5,0,5.5,SSW,38.6,0.7,3.6,18.3,46.7
12-Feb-10,14.2,17,10.1,74.2,86,64,1006.9,1008.8,1004.1,2.2,7.4,S,48.3,1.2,13.8,24.4,36.1
13-Feb-10,12.7,16.2,9.1,53.6,73,43,1011.1,1015.1,1008.2,0,6.1,SSW,48.3,0.8,7.5,21.2,52.8
14-Feb-10,12.3,15.6,8.6,68.9,88,51,1007.8,1014.3,997.5,0.6,2.2,N,30.6,1.8,28.3,35.5,15.1
15-Feb-10,14.2,16.8,11.9,62.4,88,46,1005.4,1012.3,997,0,4.7,WSW,40.2,0.9,0,0,46.7
16-Feb-10,13.7,16.7,9.8,64.1,79,48,1012.6,1014,1010.2,0,1.3,NNW,17.7,2,38,32.8,17.6
17-Feb-10,15.8,19.5,12.2,76.1,85,66,1007.5,1010.8,1004.6,0,2.7,S,35.4,1.8,22.4,28.1,15.2
18-Feb-10,16.4,19.6,11.8,72.8,85,62,1010.8,1013,1009,0,3,S,27.4,1.7,26.2,26,13.9
19-Feb-10,17.1,20.6,12.2,66.1,84,46,1012.4,1015.5,1007.1,0,3.6,S,25.7,1.7,23.7,22.7,27.3
20-Feb-10,18.6,22.7,15.7,66,81,44,1003.7,1007.2,1002.2,0,7.1,S,43.5,1.1,14.4,14.8,31.2
21-Feb-10,14.5,17.3,11.3,51.5,68,39,1008.5,1016,1001.9,0,10.2,WSW,49.9,0.5,1.1,6.2,68.3
22-Feb-10,12.8,15.6,9.1,49.8,73,30,1016.8,1018.2,1015.4,0,2.2,S,27.4,1.2,0,0,35.2
23-Feb-10,14.5,18.7,9.4,72.4,83,58,1012.5,1015.4,1009.3,0.2,2.9,N,30.6,2.1,0,0,17.5
24-Feb-10,15,18.4,11.4,73.3,88,56,1005.1,1009.4,1002.1,0,2.6,S,29,1.7,0,0,20.3
25-Feb-10,15.8,19.7,12.4,59,72,41,1003.9,1008.2,1001,0,2.7,W,27.4,1.2,0,0,32
26-Feb-10,14.9,18.9,10.9,63.7,80,42,1009.5,1011.3,1007.7,0,2.9,S,24.1,1.3,0,0,26.8
27-Feb-10,15.5,20.4,12.5,56.5,73,34,1005.8,1010.3,1002.6,0.4,5.3,W,41.8,1.1,0,0,33.2
28-Feb-10,14.2,17.6,10.9,50.6,70,35,1015.3,1017.5,1010.3,0,3.4,S,25.7,0.9,0,0,47.7
1-Mar-10,15.5,19,12.7,64.5,83,36,1013.7,1016,1010.8,0,1.3,WSW,16.1,1.4,0,0,23.2
2-Mar-10,17.2,23.7,10.5,55.4,83,31,1012.5,1017.2,1010.1,0,2.5,WSW,27.4,2.1,0,0,24.7
3-Mar-10,15,18.1,12.9,54.7,68,47,1020.4,1022.7,1017.5,0,2.4,N,22.5,1.4,0,0,35.4
4-Mar-10,15.1,17.5,12.4,67.8,78,56,1008,1018.3,1001.4,0,4.8,S,37,1.4,0,0,34
5-Mar-10,16.3,20.2,13.6,59.6,72,47,1007.3,1010.9,1003.5,0,5.9,WSW,40.2,1,0,0,43.3
6-Mar-10,14.2,18.2,11.3,57,79,39,1011.6,1018.1,1009.2,0,5.3,WSW,38.6,1,0,0,40.8
7-Mar-10,9.3,11.7,7.8,75.1,85,61,1018.5,1020.2,1013.9,5.8,10.7,NNE,38.6,1.1,0,0,39.9
8-Mar-10,10.3,12.4,8.3,77.3,88,70,1005.7,1014,1002.1,1.6,9.5,N,51.5,1.4,0,0,31.1
9-Mar-10,11.5,16.4,8.2,71.8,89,55,1011.8,1018.9,1004,0.2,4.7,NNE,29,1.2,0,0,23
10-Mar-10,11.2,13,10.1,75.1,79,68,1017.3,1020.3,1012.8,0,10.1,NNE,32.2,1.6,0,0,25.7
11-Mar-10,14.2,18.1,11.4,67.3,81,55,1013.1,1015.3,1011.6,0,2.5,S,19.3,1.3,0,0,33.3
12-Mar-10,13.7,17.6,9.6,54.3,78,37,1015.5,1016.6,1014.4,0,4,W,32.2,1.3,0,0,44.2
13-Mar-10,13.5,16.5,11.4,55.8,83,40,1015.1,1017,1013.2,1.6,2.1,S,19.3,1.1,0,0,45
14-Mar-10,10.1,11.7,8.3,69.9,83,60,1013.4,1014.6,1012.3,1.8,6.3,N,35.4,1,0,0,45.7
15-Mar-10,10.7,14.2,7.6,56.5,72,45,1015.5,1020.8,1012.5,0,2.6,W,22.5,1.2,0,0,38.7
16-Mar-10,11.6,15.9,7.1,50.3,67,34,1023.1,1024.6,1020.8,0,2.1,SW,20.9,1.6,0,0,27.8
17-Mar-10,12.5,16.8,7.6,47.7,74,28,1026,1031.7,1022.8,0,6.2,N,33.8,1.7,0,0,27.1
18-Mar-10,11.9,15.7,9.2,58.3,72,38,1031.8,1033.8,1030.3,0,3.5,S,24.1,1,0,0,52.3
19-Mar-10,13.2,17.6,7.9,61.3,78,41,1031.7,1032.9,1030.5,0,2.4,S,22.5,2,0,0,22.8
20-Mar-10,13.8,18.2,8.9,64.1,77,37,1029.8,1031.5,1027.9,0,2.6,S,20.9,1.6,0,0,43.9
21-Mar-10,14.8,19.3,9.8,65.5,79,43,1026.4,1028,1023.8,0,2.9,S,20.9,1.2,0,0,47.8
22-Mar-10,16.1,20.8,11.3,69.5,82,52,1021.5,1023.6,1019,0,1.9,S,19.3,1.4,0,0,30.9
23-Mar-10,17.2,21.1,13.4,64.9,82,51,1016.6,1018.8,1014.6,0,2.3,S,19.3,1.7,0,0,30.4
24-Mar-10,16.3,19.3,13.5,66.7,77,56,1015,1017.3,1013.6,0,3.2,S,27.4,1.2,0,0,38.6
25-Mar-10,16.7,21.1,12.4,55.9,77,42,1019.6,1022.5,1017,0,3.5,NW,32.2,0.9,0,0,51.4
26-Mar-10,17.7,22.6,13.2,42.5,63,30,1021.3,1023.4,1019.6,0,3.6,N,29,1.4,0,0,41.4
27-Mar-10,16.2,20.3,11.3,57,81,36,1015.2,1019.7,1008.2,0,2.4,S,20.9,1.1,0,0,45
28-Mar-10,16.9,20.1,14.2,51.8,82,33,1008.3,1012.3,1006.2,0,10.3,WSW,53.1,0.6,0,0,72.2
29-Mar-10,17.5,22.6,13.5,47.2,65,27,1015.9,1019.4,1012.1,0,4.5,WSW,29,0.8,0,0,59.7
30-Mar-10,16.5,20.3,11.9,59.2,73,38,1018,1020,1015.2,0,3.6,S,29,1.4,0,0,36.5
31-Mar-10,18.3,21.8,15.5,64,78,47,1012.3,1015.7,1009,0,8.2,S,49.9,1,0,0,47.7
1-Apr-10,17.7,22.3,13.7,61.9,81,36,1015.3,1016.6,1012.6,0,2.7,S,20.9,1.1,0,0,33.5
2-Apr-10,17.3,21.1,13.4,59.7,76,36,1014.3,1016.5,1012.6,0,1.7,S,27.4,1.1,0,0,27.5
3-Apr-10,16.7,21.3,11.3,63.5,80,44,1018.9,1021.5,1015.8,0,2.6,SSW,20.9,0.8,0,0,48.5
4-Apr-10,17.8,22.1,12.3,49.7,79,34,1022.2,1023.1,1020.8,0,3.4,NNW,20.9,0.9,0,0,58.3
5-Apr-10,17.5,22.2,12.3,50.3,63,38,1019.2,1022.2,1015.1,0,3.4,S,27.4,0.7,0,0,61.9
6-Apr-10,16.8,20.8,13.1,49.7,70,36,1013.8,1015.2,1011.6,0,5.3,WSW,32.2,0.6,0,0,63.1
7-Apr-10,15.8,19,12.1,47.5,70,38,1016.2,1019.2,1014.1,0,3.9,NNE,32.2,1,0,0,37.5
8-Apr-10,16.2,20.4,11.6,42.7,60,31,1020.7,1022.4,1019,0,5,NNE,33.8,1.6,0,0,30.4
9-Apr-10,15.9,19.5,11.6,44.7,56,31,1021.5,1022.9,1019.9,0,7.8,N,38.6,1.6,0,0,37.5
10-Apr-10,15.8,18.9,13.1,45.5,67,29,1015.5,1019.9,1011.9,0,9.6,N,37,1.1,0,0,58.7
11-Apr-10,15.9,19.5,12.8,47.6,60,37,1011.8,1013.3,1010.9,0,7.2,N,33.8,0.9,0,0,68.1
12-Apr-10,16,20.3,12.2,55.2,71,43,1014.7,1017,1012.9,0,2.9,NNW,25.7,1.2,0,0,51.6
13-Apr-10,16.2,19.3,12.1,57,67,47,1016.7,1017.9,1015.3,0,3.2,S,24.1,1.2,0,0,40.3
14-Apr-10,17.7,20.9,15.2,57.3,74,36,1015.2,1016,1014.1,0,3.2,S,22.5,0.9,0,0,69
15-Apr-10,18.5,21.8,14.1,64.7,76,47,1014.4,1015.4,1013.3,0,2.9,S,20.9,1,0,0,64.5
16-Apr-10,20.6,24.6,16.2,58,73,37,1012.5,1014.3,1010.3,0,2.8,S,27.4,1.3,0,0,39.3
17-Apr-10,21.1,25.3,17.2,60,74,42,1012.4,1015.8,1010.5,0,2.7,NNW,19.3,1.2,0,0,25.9
18-Apr-10,20.1,23.6,17.3,60.7,69,50,1017.5,1018.9,1015.6,0,6.9,NNE,29,1,0,0,45.5
19-Apr-10,19,22.2,16.9,70.5,84,59,1012.1,1016.5,1008.8,0,5.1,S,35.4,0.8,0,0,39
20-Apr-10,19.6,23.8,16.2,53.4,84,31,1008.6,1009.7,1007.3,0,7.8,WSW,51.5,0.6,0,0,61.2
21-Apr-10,17.8,20.4,14.6,53.9,76,43,1011.7,1015.6,1008.1,0,4.2,N,38.6,1,0,0,53.1
22-Apr-10,19,23.3,13.7,57,75,37,1016.2,1017.9,1015.1,0,3.3,S,30.6,1.3,0,0,44.3
23-Apr-10,19.3,23.6,14.6,55.1,78,29,1018.3,1019.5,1017.1,0,4.4,S,30.6,1.2,0,0,56.1
24-Apr-10,18.8,21.2,16.3,52.2,71,36,1018.3,1019.3,1017.3,0,1.5,S,19.3,0.9,0,0,58.8
25-Apr-10,20,24.5,13.8,45.1,64,31,1016.2,1017.3,1014.9,0,5.7,NNW,35.4,1.3,0,0,58.2
26-Apr-10,18.8,22.5,16.8,52.5,64,40,1016.7,1018.6,1014.6,0,8.1,N,43.5,1.1,0,0,63.6
27-Apr-10,17.5,21.4,14.8,49.1,64,34,1018.7,1020.5,1016.8,0,12.9,NNE,46.7,1.3,0,0,65.7
28-Apr-10,17.6,22.1,14.1,32,59,19,1019,1020.2,1017.4,0,6.9,NNE,38.6,1.1,0,0,62.4
29-Apr-10,17.8,21.8,13.2,30,53,16,1017.5,1018.3,1016.6,0,7.5,N,35.4,1.2,11.2,50.5,57.8
30-Apr-10,19.2,23.4,14.3,36.1,49,29,1015.8,1016.9,1014.4,0,7.3,N,37,1.4,14.7,52.3,55.1
1-May-10,20.2,25.4,14.8,45.9,63,31,1015.2,1016.5,1013.8,0,3.4,SW,25.7,0.8,15.8,41.6,69.9
2-May-10,20.6,25.9,15.8,47.5,65,31,1015.2,1016.6,1014.1,0,2.5,S,24.1,1.1,31.6,49,60
3-May-10,20.7,25.7,16,55.2,79,34,1013.6,1014.6,1012.5,0,2.3,S,24.1,1.2,48.5,58.8,41.3
4-May-10,20.6,24.8,14.7,54,77,35,1014,1014.9,1012.8,0,2,S,24.1,1.3,56.5,58.2,35
5-May-10,21.9,26.3,16.4,51.1,68,33,1013.1,1014.4,1010.9,0,1.6,WSW,17.7,1.6,56.6,52.6,51.4
6-May-10,22.4,25.7,17.8,48.2,64,36,1008.9,1011.4,1006.5,0,3.4,S,29,1.1,32.5,53.6,58.7
7-May-10,23,28.8,17.2,45.4,76,22,1008,1010.1,1006.3,0,3.5,S,24.1,0.8,11.2,43.5,56.2
8-May-10,22.4,26.8,18.9,49.5,66,35,1008.8,1011.4,1005.4,0,2.1,SW,25.7,1.1,26.5,47.5,33.8
9-May-10,23,29.8,17.4,48.2,65,23,1007.3,1009.7,1005.4,0,3.5,N,32.2,0.9,25,36.9,59.2
10-May-10,22.4,26.8,17.9,55,72,38,1010.7,1012.1,1009,0,2.9,S,29,1,20.8,47.2,50.1
11-May-10,23.3,27.7,17.8,47.8,64,36,1011.8,1012.7,1010.8,0,2.2,S,20.9,1.4,44.3,48.7,46.6
12-May-10,24.7,29.3,18.4,40.6,62,25,1010.8,1012.3,1008.9,0,2.6,SW,22.5,1.7,72.6,55.2,41.5
13-May-10,24.2,28.6,19.7,45.9,66,21,1007.9,1010.2,1005.7,0,4.7,S,41.8,1.2,37.1,49.2,43
14-May-10,25.2,30.8,20.1,46.8,69,21,1010.5,1012.1,1008.4,0,3.4,S,29,1,18.3,40.4,45.2
15-May-10,22.3,24.9,19.2,64.2,79,46,1007.8,1012.1,1003.7,0.8,5.2,S,41.8,0.7,13,26,27.7
16-May-10,20.8,25.2,17.9,49.4,66,35,1011.1,1013.4,1008.7,0,9.3,WSW,37,0.4,3.1,19.8,78.9
17-May-10,20.5,24.1,17.4,46.9,61,35,1011.8,1013.5,1009.8,0,7.9,WSW,32.2,0.5,3.6,24,84
18-May-10,19.7,22.9,16.7,49.8,61,38,1011.6,1013.9,1010.2,0,3.8,WSW,33.8,0.7,5.5,31.6,66.5
19-May-10,20,23.2,17.7,53.3,68,42,1015.5,1017.1,1013.8,0,4.1,S,30.6,0.8,7.2,33.2,56
20-May-10,19.9,23.6,15.7,63.6,87,47,1015.2,1017,1013,5.8,5,S,32.2,0.9,14.6,33.5,51.9
21-May-10,18.1,21.5,15.8,70.3,87,57,1011.2,1013.1,1010.3,0.4,4.3,S,24.1,0.8,12.6,33.4,35.9
22-May-10,18.9,21.8,16.4,58.2,73,44,1010.8,1012.9,1009.5,0,2.9,WSW,22.5,0.7,9.3,34,51.9
23-May-10,19.7,24.6,15.4,62.4,77,44,1014.2,1015.9,1012.2,0,2.7,S,27.4,1,45.9,33.5,34.2
24-May-10,20.7,24.8,16.4,63.6,80,48,1015.3,1016.1,1014.4,0,3.7,S,29,1,37.9,30.4,40.5
25-May-10,21.1,24.9,17.4,68.2,80,52,1015.6,1016.6,1014.5,0,3,S,24.1,1.1,28.1,36.2,32.1
26-May-10,22.2,26.2,17.3,55.8,79,34,1014.9,1016,1013.4,0,3,S,27.4,1.1,34,35.5,37.3
27-May-10,24.1,29.9,17.6,50.6,67,29,1012.8,1013.8,1011.4,0,2.8,S,22.5,1.5,53.8,41.9,39.5
28-May-10,26,31.9,20.6,41.2,61,23,1013.1,1014.4,1012.1,0,3.7,S,22.5,1.2,32.5,45.8,46.4
29-May-10,26.6,31.2,21.4,45.7,59,33,1014.6,1015.3,1013.8,0,3.1,S,25.7,1,26.7,41.4,53
30-May-10,27,32.6,22.3,46,59,31,1013.1,1014.3,1011.3,0,1.9,S,20.9,1.1,31.3,44.2,43.5
31-May-10,28,32.9,23.8,41.2,62,28,1008.1,1011.3,1004.4,0,5,S,30.6,1.1,28,46,43.6
1-Jun-10,24.9,27.4,21.4,54.2,70,42,1003.1,1004.5,1001.8,0,6.6,S,32.2,0.9,6.4,35.4,47.8
2-Jun-10,23,26.1,20.3,61,74,47,1006.7,1008.4,1004.4,0,4.9,S,29,0.7,6.3,28.8,48.8
3-Jun-10,23,26.1,20.6,61.2,78,48,1009.4,1011.8,1007,0,5,S,33.8,0.8,4.3,27.2,54.5
4-Jun-10,23.4,27.4,20.1,61.8,79,41,1013.2,1014.6,1011.3,0,3.9,S,33.8,0.7,7.6,31.6,37.6
5-Jun-10,20.9,23.3,19.2,71.9,87,65,1014,1015.5,1012.9,4,2.7,WSW,20.9,0.8,13.5,32,27.9
6-Jun-10,21.6,24.9,19.3,61.8,72,49,1013.9,1015,1012.6,0,3.4,NNW,27.4,0.8,7.9,30.7,41.3
7-Jun-10,23.4,28.2,18.8,55.6,73,39,1012.8,1014.1,1011.3,0,3,NNW,27.4,1,20,35.8,41.5
8-Jun-10,24.4,28.7,18.5,50.2,72,33,1012,1012.8,1010.9,0,3.5,S,30.6,1,35.3,37.7,45.8
9-Jun-10,24.3,28.1,21.4,57.2,72,43,1012.6,1013.5,1011.3,0.6,1.7,SSW,20.9,1.2,18.6,44.3,35.3
10-Jun-10,26.4,30.6,20.6,46.7,71,33,1013.7,1014.9,1012.5,0,6.8,NNE,35.4,1.9,45.2,37.2,21.7
11-Jun-10,28.7,32.6,22.9,38,52,28,1012.9,1013.8,1011.7,0,7.2,N,40.2,1.4,16.8,39.3,37.3
12-Jun-10,29.3,34.4,25.1,39.7,56,25,1011.9,1013,1010.6,0,3.8,SW,27.4,1.1,22,32.5,46.8
13-Jun-10,29,33.3,23.4,40.7,51,31,1011,1011.8,1010,0,2.8,SW,24.1,1.1,44.1,32.4,45.6
14-Jun-10,29.7,34.6,24.9,42.6,58,32,1011.8,1013.3,1010.5,0,2.3,S,22.5,1.3,32.8,44.6,43.9
15-Jun-10,30.8,36.7,25.8,43,51,29,1013.4,1014.5,1012.3,0,2.4,S,20.9,1.5,39.4,50.7,40.6
16-Jun-10,31.7,38,26.6,43.2,59,23,1012.6,1013.9,1011.2,0,2.5,S,24.1,1.8,74.9,45.6,28.4
17-Jun-10,32,37.6,26.4,40.8,54,20,1009.8,1011.1,1008.5,0,3.4,S,22.5,1.5,57.3,45.1,26.3
18-Jun-10,30.8,34.9,26.1,44.1,60,27,1009.2,1010.7,1007.4,0,5.6,N,27.4,1.3,16.7,38.4,31.4
19-Jun-10,27.5,30.1,25.3,53.1,63,38,1005.6,1007.3,1003.3,0,3.9,S,29,0.7,10.2,34.9,39.3
20-Jun-10,27.6,31.9,24.1,54.2,81,32,1004.4,1006.7,1002.7,0,4.3,SW,32.2,0.4,3.2,23.8,48.2
21-Jun-10,26.7,30.6,22.8,46.7,60,32,1006.7,1007.8,1005.4,0,5.7,S,37,0.6,5.4,30.1,58.8
22-Jun-10,24.5,27.3,21.8,45.2,56,36,1006,1007,1004.4,0,5.4,WSW,37,0.5,4,26.4,68.4
23-Jun-10,24.1,28.5,20.9,52.4,62,36,1005.3,1007.4,1004,0.2,2.9,WSW,30.6,0.7,5.9,29.3,42.3
24-Jun-10,23.1,26.2,20.6,61.8,77,41,1008.8,1010,1007.1,0.6,2.6,WSW,20.9,0.8,8.7,33.8,31.2
25-Jun-10,23.3,26.8,19.8,57.2,70,39,1009.4,1010.4,1008.4,0,4,S,32.2,0.8,8.3,36.8,50.3
26-Jun-10,24.7,28.1,21.6,58.4,76,38,1009.8,1010.7,1009,0,4.6,S,33.8,0.6,5.3,30.2,52
27-Jun-10,24.4,28.4,20.3,66.3,80,49,1011,1012.7,1010,2,2.3,SW,22.5,0.5,6,28.1,35.5
28-Jun-10,23.7,27.2,20.1,62.9,78,48,1012.2,1013.2,1010.7,4.6,2,S,24.1,1,16.1,42.5,33.3
29-Jun-10,25.2,29.9,20.4,61.3,79,43,1011.6,1013,1010.4,0,3.1,S,25.7,1,29.1,32.4,35.7
30-Jun-10,25.9,30.2,21.9,61,73,44,1011.1,1012.2,1010.1,0,1.8,W,24.1,1.1,27,42.3,30
1-Jul-10,26.6,30.3,22.3,60.2,77,46,1012,1012.8,1011.4,0,3,S,25.7,1.4,40.4,38.1,31.8
2-Jul-10,28,32.3,23.6,53.7,67,39,1012.3,1013.1,1011.1,0,3,NNW,25.7,1.3,38.1,40.1,33.3
3-Jul-10,28,32.7,24.7,55.5,69,41,1012.2,1013.3,1010.9,0,3.8,NNW,49.9,1,13.9,32.2,28.5
4-Jul-10,28.2,32.6,24.2,57.1,70,41,1012.2,1013.2,1010.7,0,2.9,S,22.5,0.8,20.5,29.1,38
5-Jul-10,29.2,34.3,24.2,50.8,69,36,1011.9,1013.1,1010.6,0,3.7,NW,29,1.3,31.1,34,24.5
6-Jul-10,28.9,32.7,26.1,47.4,63,34,1011.5,1012.4,1010.3,0,3.8,S,25.7,1,12.5,34.5,52
7-Jul-10,29.8,34.9,25.4,47.1,64,29,1012.2,1013.4,1011.2,0,2.7,NNW,22.5,1.3,24.3,34.9,29.8
8-Jul-10,26.5,30.4,23.6,49.1,67,38,1013.1,1015.4,1011.1,0,4,N,29,1.2,11.4,34,30
9-Jul-10,26.3,30.2,22.4,47.1,62,36,1015.3,1016.5,1014.4,0,5.5,N,25.7,1.1,7.7,31.5,37.4
10-Jul-10,27.2,31.7,23.3,48.8,65,36,1015.4,1016.1,1014.2,0,6.3,N,30.6,0.9,9.6,35.3,35.7
11-Jul-10,28.2,32.2,23.9,49.1,65,38,1015.1,1015.9,1014,0,3.8,NNW,27.4,0.7,7.5,29.3,39.7
12-Jul-10,29.2,33.9,24,47.5,63,36,1013.4,1014.7,1011.8,0,3.1,S,25.7,1.1,36.5,33.4,44.9
13-Jul-10,29.7,33.8,25.2,48.9,62,36,1010.8,1011.8,1009.8,0,2.6,S,29,1.1,28.2,37.7,40.1
14-Jul-10,30.9,37.6,26.3,48.7,65,21,1009.1,1010,1008,0,2.3,SW,25.7,1.2,34.2,41.5,36.1
15-Jul-10,31.7,35.7,26.7,45.6,59,35,1009,1010.6,1008.1,0,4.2,NNE,24.1,1.6,35.3,30.4,24.4
16-Jul-10,30.8,34.2,28.4,46.1,55,35,1011.8,1012.9,1010.4,0,10.9,N,43.5,1.5,7.6,26.5,31.4
17-Jul-10,30.9,34.9,27.8,37,57,23,1012.7,1013.5,1011.9,0,10.4,N,45.1,1.1,9.6,30.8,41.4
18-Jul-10,30.9,34.9,26.2,37.5,46,29,1011.9,1012.8,1010.2,0,6.4,N,32.2,0.8,9,30.1,53.7
19-Jul-10,30.9,34.3,27.3,39.3,56,30,1011.3,1012.2,1010.4,0,7.2,N,37,1.2,5.5,31.2,44.3
20-Jul-10,30.9,34.2,27.9,40.7,54,32,1011,1012.1,1009.9,0,5.8,N,30.6,1.4,7.6,34.7,42.3
21-Jul-10,30.2,34,26.6,46.9,56,37,1011.2,1011.9,1010.1,0,3.2,NNE,27.4,0.9,17.6,39.6,59
22-Jul-10,31.8,36.6,26.7,41.3,56,32,1009.8,1010.7,1008.5,0,4.8,NNE,30.6,1.5,20.2,36.5,33.2
23-Jul-10,32.1,35.4,28.5,41.4,53,32,1009.7,1010.7,1008.9,0,6.7,N,33.8,1.5,9.9,33.1,40.9
24-Jul-10,31.7,36.3,27.1,42.1,64,31,1005.8,1008.9,1001.5,0,3.9,S,32.2,1,30.8,29.3,60.5
25-Jul-10,31.3,36.2,27.1,48.9,62,33,1000,1001.5,998.8,0,3.9,N,27.4,0.7,9,26.6,51.4
26-Jul-10,27.9,31.3,25.7,58.3,68,47,1003.7,1008.3,1000.2,0,4,S,30.6,0.9,5.8,29.3,47.3
27-Jul-10,27.9,32.2,24.4,45.5,63,31,1010.7,1012.6,1008,0,4.2,S,30.6,0.7,5.4,27.5,57
28-Jul-10,28.3,32.4,24.4,42.6,62,26,1012.4,1013.3,1010.9,0,3.8,SW,29,0.7,4.5,30.2,63.5
29-Jul-10,27.9,31.9,24.8,41,52,35,1011.3,1012.3,1009.8,0,7.5,NNE,30.6,1.3,7,34.8,41.3
30-Jul-10,29,33.7,24.7,40,53,31,1010.4,1011.5,1009.1,0,6.8,NNE,33.8,1.4,7.8,37.8,46.3
31-Jul-10,28.5,33.2,24.8,55.2,77,38,1010.9,1011.9,1009.8,0,3,NNW,29,0.8,11.8,34,49
1-Aug-10,28.9,32.8,25.3,63.8,77,46,1011.2,1012.5,1010.5,0,2.2,SW,20.9,0.6,4.6,25.1,32.3
2-Aug-10,30.8,35.1,25.7,49.2,71,38,1010.9,1012.6,1009.2,0,4.6,NNE,30.6,1.3,23,28,15.3
3-Aug-10,30.9,35.6,25.8,52.3,69,38,1006.8,1009.6,1004.8,0,3.6,NNW,27.4,1.2,32.7,32.1,30.6
4-Aug-10,31,35.4,26.6,52.1,65,40,1003.2,1004.7,1001.6,0,3.5,S,29,1,15.6,31.5,43.2
5-Aug-10,30.2,34.1,27.6,57,78,41,1005.1,1007.1,1002.9,0,3.2,S,25.7,0.9,10.5,29.1,49.9
6-Aug-10,29.2,33.3,26.4,64.9,84,41,1008.8,1010.7,1006.8,0,4.9,S,37,0.7,5,24.2,35.4
7-Aug-10,28.7,32.6,25.6,63.2,78,47,1011.4,1012.2,1010.5,0,2.7,S,24.1,0.5,4.1,22.4,31.8
8-Aug-10,29.3,33.7,25.2,55.5,72,41,1010,1010.9,1009,0,2.8,S,25.7,0.6,10.8,26.5,42.6
9-Aug-10,31,35.2,25.7,51.3,68,40,1009.4,1010.5,1008.1,0,3.9,NNE,29,1.1,16.6,29.9,23
10-Aug-10,31.6,35.7,27.5,45.7,58,36,1009.6,1010.4,1008.6,0,4.7,NNE,30.6,1.2,15.3,30.1,27.1
11-Aug-10,31.6,36.5,26.7,50.9,70,36,1009.9,1010.9,1009,0,2.2,SSW,25.7,1,14.7,31.8,42.8
12-Aug-10,31.3,36.4,26.7,54.6,72,34,1010.5,1011.7,1009.6,0,2.2,S,24.1,0.8,10.9,28.9,55.1
13-Aug-10,31.6,37.4,26.5,55.8,72,33,1011.2,1012.5,1010.4,0,2.4,NNW,19.3,0.9,13.8,35.3,49.3
14-Aug-10,33.3,38.3,28,38.9,67,29,1012.8,1013.7,1012,0,3.5,NNE,27.4,1,16.9,25.4,38.3
15-Aug-10,33.4,37.8,28.3,35.4,50,25,1012.8,1013.3,1012.1,0,6,NNE,38.6,0.9,26.6,20.8,40.7
16-Aug-10,33.6,38.1,28.6,33.6,46,23,1011.9,1012.9,1010.8,0,5.9,NNE,30.6,1,10.9,25.5,46
17-Aug-10,32.6,37.2,27.3,35.3,41,27,1008.9,1011.3,1006.3,0,2.5,S,22.5,1.1,39,31.8,46.8
18-Aug-10,32.7,37.4,27.4,38,47,29,1007.4,1009.4,1006.1,0,3.9,NNW,25.7,0.9,15.5,33.1,51.2
19-Aug-10,32.9,37.8,28.2,37.8,48,27,1010.5,1012.7,1008.9,0,5.2,NNE,29,1.2,21,37.7,43.3
20-Aug-10,32.5,36.4,29.1,38.8,48,31,1014.6,1016.6,1012.7,0,9.5,NNE,40.2,1,14.4,36.3,43.4
21-Aug-10,29.7,32.6,26.1,43.9,56,37,1016.7,1018.2,1015.6,0,14.4,N,45.1,0.7,4.8,25.3,56
22-Aug-10,27.7,30.7,25.3,42.3,53,29,1013.7,1015.8,1012.2,0,12.7,N,41.8,0.6,6.1,32.6,60.5
23-Aug-10,27.5,31.2,24.6,46.4,53,40,1011.2,1012.2,1010.2,0,8,N,37,1,8.5,34.9,49.3
24-Aug-10,28.8,34.8,24,51,72,29,1011.2,1012.4,1010,0,1.8,SSW,20.9,0.9,16.9,38.7,45.3
25-Aug-10,29.5,34.1,23.4,47.4,64,31,1011.1,1012.1,1009.6,0,1.9,SSW,24.1,1.1,45.5,46,37.9
26-Aug-10,31.5,36.4,24.9,37.8,49,30,1011.6,1012.5,1010.5,0,6.8,NNE,33.8,1.6,169.4,42.1,13.5
27-Aug-10,31.5,35.2,27.8,40,51,30,1010.6,1012.1,1008.7,0,8,NNE,33.8,1.3,64.5,44.7,20.8
28-Aug-10,29.8,33.9,25.5,45.4,72,34,1006.8,1008.7,1005.2,0,3,S,27.4,0.9,78.9,45.6,39.9
29-Aug-10,29.9,33.3,25.6,53.3,77,40,1005.6,1006.8,1004.5,0,2.3,SSW,25.7,0.7,27.2,40.7,33.8
30-Aug-10,28.8,32.7,26.2,65.8,82,51,1006,1007.4,1004.3,0,3.5,S,24.1,1,64.9,36.5,23.3
31-Aug-10,28.7,33.9,25.7,46.6,62,34,1003,1004.3,1001.5,0,4.3,WSW,32.2,0.7,70.5,36.7,26.8
1-Sep-10,26.4,30.5,23.8,35.8,54,20,1007.4,1012.7,1002.7,0,4.1,WSW,25.7,0.9,117,51.5,27.1
2-Sep-10,25.3,28.9,23.3,46.1,57,37,1015.5,1017.7,1012.5,0,4.3,S,29,1,79.9,45.7,33.6
3-Sep-10,25.6,29.8,22.6,44.4,63,25,1016.7,1018,1015,0,4.7,NNW,22.5,1.3,58.5,52.1,31.5
4-Sep-10,26.1,30.7,22.5,47.6,65,27,1013.5,1015.1,1011.9,0,4.2,NNW,22.5,1,62.2,62.7,45.5
5-Sep-10,25.8,29.4,23.8,57,65,47,1013.3,1014.2,1012.4,0,6.7,NNE,29,0.9,45.7,54.8,34.7
6-Sep-10,24.6,27.3,22.2,58.2,66,48,1013.6,1014.6,1012.4,0,5.1,N,25.7,1.2,31.2,45.3,27.4
7-Sep-10,25.3,30.3,20.4,53.7,66,40,1014.9,1016,1013.7,0,2,NNW,22.5,1.3,47.7,53.1,28.9
8-Sep-10,26.5,31.2,21.1,50.4,66,33,1015,1016.2,1013.5,0,2.1,S,19.3,1.4,89.7,57.7,31
9-Sep-10,27.4,31.8,22.1,44.6,69,29,1013.6,1014.9,1012.1,0,3,S,20.9,1.7,69.2,49.4,30.7
10-Sep-10,27.1,32.9,21.9,48.6,64,36,1010,1012.3,1008.1,0,2.6,N,25.7,1.5,82.7,54.2,18.9
11-Sep-10,23.3,27.9,18.4,67.2,87,50,1009.4,1011.5,1007.9,19.2,4.6,NNW,35.4,1.2,47,56.5,19.2
12-Sep-10,22.6,26.2,19.7,63.6,82,52,1012.4,1015.5,1009.7,0.8,3.6,WSW,29,0.7,14.8,43.6,33.7
13-Sep-10,22.9,27.3,19.1,64.5,86,48,1015.5,1016.4,1014.7,0.6,2,NNW,14.5,1.2,28.5,50.3,27
14-Sep-10,24,28.7,20,47.9,71,32,1015.9,1016.9,1014.9,0,4.6,NNE,29,1.8,72,66,17.8
15-Sep-10,24.3,28.6,19.3,49.9,64,37,1015.4,1016.3,1014.5,0,4.8,N,29,1.8,67.8,67.9,15.5
16-Sep-10,24.8,30,18.8,44.4,64,29,1013.9,1014.8,1012.8,0,2.9,N,27.4,2.3,121.1,75.9,16.7
17-Sep-10,25.7,30.6,20.6,53.4,67,37,1014.8,1015.9,1013.7,0,2,S,20.9,2,133,71.6,22.7
18-Sep-10,26.5,31.6,20.8,55.4,72,33,1014.4,1016.2,1012.5,0,1.8,S,19.3,1.8,91.1,60.5,27.5
19-Sep-10,26.4,32.2,20.8,56.4,74,29,1010.9,1012.4,1009.4,0,1.5,S,19.3,1.5,64,58.8,26.8
20-Sep-10,26.4,32.2,21.9,60.4,75,39,1010.2,1012.7,1009,0,2.6,NNW,24.1,1.8,109,66.8,11.3
21-Sep-10,24.8,28.3,22.1,56.2,73,47,1015.6,1017.8,1012.8,0,13.2,NNE,51.5,1.5,50.7,54.5,25.5
22-Sep-10,22.5,25.6,20.4,53,65,44,1017.8,1018.8,1016.4,0,10.4,NNE,38.6,1.5,51.8,54.7,28
23-Sep-10,22.4,25.4,19.2,55.5,66,46,1016.6,1017.9,1014.9,0,3.2,N,24.1,1.4,100.6,70.2,18.8
24-Sep-10,22.6,25.9,20.3,64.7,73,51,1012.6,1014.8,1010.4,0,4.7,NNW,25.7,1.6,82.3,64.9,19
25-Sep-10,23,25.2,19.8,79.8,90,71,1008.2,1010.3,1005.8,1.8,4.7,NNW,37,1.2,68.5,53.5,14.2
26-Sep-10,25.6,29.1,20.8,66.6,79,53,1008.6,1013,1005.5,0.2,4.1,S,30.6,0.7,22.3,34.1,21.6
27-Sep-10,24.5,28.5,20.2,58.2,80,42,1014.8,1016.6,1012.8,0,2,S,22.5,1,46.8,50.3,24.3
28-Sep-10,24.2,27.7,20.7,63.3,75,44,1014.6,1016.8,1011.5,0,1,SSW,14.5,1.6,98.5,59.8,10.9
29-Sep-10,24.9,28.1,21.3,67.6,80,47,1009.8,1011.4,1007.6,0,2.6,S,30.6,1.4,80.4,42.9,12.4
30-Sep-10,23.6,28.3,20.3,48.8,67,22,1013.7,1015.3,1011.2,0,3.2,WSW,25.7,1,38.9,52.8,30.8
1-Oct-10,22.3,25.3,20.6,59.6,68,50,1015.2,1016.3,1014.3,0,3.2,NNW,19.3,1.3,47,56.3,26.8
2-Oct-10,21.6,24.6,19.6,59.5,69,40,1017.6,1019.5,1015.5,0,6.4,N,25.7,1.6,67.8,59.5,19.4
3-Oct-10,21,24.7,18.2,54.3,66,42,1019.8,1020.9,1019,0,5.7,NNE,22.5,1,22.1,43.9,44.3
4-Oct-10,21.1,25.6,18.4,57.4,68,44,1019.7,1020.7,1018.4,0,6,N,25.7,1.3,43.5,57.7,32.5
5-Oct-10,21.2,25.1,18.5,59.6,69,48,1019.7,1021.5,1018.2,0,3.8,NNW,20.9,1.4,46.2,59.8,32.1
6-Oct-10,21.4,27.1,18,71.1,80,55,1016.6,1018.1,1015.3,2,1.4,NNW,20.9,1.8,122,64,11.8
7-Oct-10,18.6,20.1,16.8,69.9,78,64,1017.7,1019.7,1015.2,0.2,12.8,NNE,46.7,1.3,67,46.8,18.6
8-Oct-10,15.6,18.1,12.9,57.6,68,43,1020,1021.8,1019,0,13.6,NNE,41.8,1.5,62.9,45,27
9-Oct-10,15.1,18.4,12.3,60.1,68,46,1018.8,1021.6,1015.2,0,4.1,NNW,22.5,1.2,40.8,48.2,25.6
10-Oct-10,16.6,18.7,14.4,72.9,85,64,1013.5,1015.2,1012.4,0.6,2.1,NNW,14.5,1.2,47.5,52.4,15.5
11-Oct-10,19.1,21.4,16.3,75.8,86,62,1014,1015.3,1012.8,0.4,1.7,NNW,17.7,1.9,94.1,61.2,8.4
12-Oct-10,21.4,24.2,18.9,82.6,89,74,1013.1,1015.1,1011.4,0.6,1.5,NNW,17.7,2.2,113.1,53.1,4.6
13-Oct-10,22.2,25.2,18.9,84,91,74,1011,1013.5,1008.8,0.2,0.8,NNW,12.9,2.7,168.7,51.3,2.9
14-Oct-10,21.3,25.8,17.4,82.5,92,63,1005.9,1009.6,1002.6,15.6,4.2,NNW,37,2.2,136.8,43.3,3.8
15-Oct-10,21,25.2,17.2,74.4,94,55,1007.1,1008.8,1005.5,0,1.4,SW,20.9,1.7,123.3,48.1,11.3
16-Oct-10,21,24.7,17.6,71.1,86,56,1009.8,1012.2,1008.2,0,1.4,NNW,20.9,1.8,126.2,48.9,15.5
17-Oct-10,21.2,25.4,17.8,72.4,92,48,1012.4,1013.5,1011,16.2,2.3,NNW,29,1.5,115.4,56.9,15.2
18-Oct-10,19.1,20.7,17.9,89.4,92,85,1007.2,1011.1,1003.4,16.2,1.5,NW,22.5,1.5,85,46.3,7
19-Oct-10,22,24.3,19.7,63.4,89,45,1006.3,1008.3,1003.3,0,5.5,S,40.2,0.8,68,46.5,28
20-Oct-10,21.4,24.7,18.2,65.6,81,51,1010.2,1015.3,1006.7,0,3.5,S,24.1,0.8,50.1,45.7,33.8
21-Oct-10,21.2,25.7,17.1,65.7,85,47,1018.3,1021.8,1015.1,0,1.9,NNW,19.3,1.7,134.2,58.5,15
22-Oct-10,17.8,20.7,14.8,59.7,78,48,1024.2,1025.8,1021.5,0,10.1,NNE,49.9,1.7,92.7,57.8,14.5
23-Oct-10,15.9,18.7,13.4,63.7,72,55,1022.2,1024,1020.7,0,1.4,NNW,20.9,1.4,129,66.7,10.3
24-Oct-10,16,20.7,11.7,62.5,77,43,1019.3,1020.8,1017.8,0,1.2,NNW,17.7,1.5,73.8,59.6,23.9
25-Oct-10,17.8,20.2,14,71.1,79,65,1015.6,1018.2,1012.4,0.2,2.7,NNW,25.7,1.9,185.7,70,8.2
26-Oct-10,20.9,25.3,17.7,79,92,55,1014,1016.1,1010.2,9.8,1.5,NNW,30.6,2.2,137.9,53.4,10.9
27-Oct-10,19.2,24.3,15.3,82.2,91,64,1012.3,1015.3,1007.9,19.6,2.3,S,27.4,2,173.4,47,8.5
28-Oct-10,14.9,17.6,12.4,72.9,89,59,1012.7,1017.9,1009.2,0.2,6.1,NNW,40.2,0,0,0,0
29-Oct-10,12.7,15.3,10.6,65.7,82,49,1021.3,1023.6,1017.9,0,7.3,NNW,30.6,0,0,0,0
30-Oct-10,13.3,17.8,8.6,61.8,76,45,1022.8,1023.7,1021.4,0,1.9,N,19.3,0,0,0,0
31-Oct-10,14,19.5,9.5,66.9,81,38,1022.9,1024,1021.6,0,0.9,WNW,16.1,0,0,0,0
1-Nov-10,14.8,19.4,10.6,71.6,84,52,1022,1023.4,1020.8,0,2,NNW,12.9,0,0,0,0
2-Nov-10,15.3,19.5,11.3,74.4,86,58,1020.4,1021.3,1018.9,0,1.3,NNW,16.1,2.3,111.5,76.7,20.2
3-Nov-10,16.4,19.9,12.5,76.2,87,65,1022.7,1025.1,1020.6,0,0.5,WNW,9.7,2.4,194.1,73.2,7.5
4-Nov-10,17,21.5,13.7,75.8,85,59,1027,1028.2,1025.1,0,1,NNW,14.5,2.6,161.7,71.3,10.5
5-Nov-10,18.2,25.1,12.3,68.2,87,45,1024.3,1026.9,1021.5,0,0.6,S,14.5,4.6,276.3,92.1,4.4
6-Nov-10,18.2,24.6,13,67.1,86,35,1017.4,1021.4,1014.1,0,0.5,S,11.3,3.6,256.6,77.6,10.5
7-Nov-10,18,23,13,78.9,91,56,1013.1,1014.1,1012.3,0,0.9,SSW,17.7,2.5,149.8,59,15.8
8-Nov-10,20,22.1,16.3,80.1,90,68,1009.3,1012.5,1005.9,0,9,S,48.3,1.1,41.6,43.7,21.7
9-Nov-10,21.4,22.9,20.6,76.3,82,67,1007.1,1010,1004.9,0,14.7,S,51.5,0.5,16.7,23.8,47.7
10-Nov-10,21.8,23.8,19.7,71.7,80,61,1013.8,1017,1009.5,0,9.1,S,45.1,0.7,22.5,31,42.2
11-Nov-10,20.3,23.4,16.2,74,84,64,1015,1017.3,1011.1,0,2.4,NNW,24.1,2.1,91,54.3,14.1
12-Nov-10,18,20.8,16.4,84.4,90,76,1009.7,1011.2,1008,12,1.6,NE,24.1,2.2,136,58.8,3.5
13-Nov-10,19.3,22.7,16.5,72,87,57,1012.9,1016.3,1009.4,2,8.6,NNE,37,1.5,65.7,47.4,12.8
14-Nov-10,20.6,23.7,17.8,61.4,72,49,1016.1,1017.6,1014.8,0,8.6,NNE,37,1.2,41.2,41.8,19.5
15-Nov-10,18.7,21.9,16.2,74.6,86,58,1017.4,1018.1,1016.6,0,0.6,NNE,17.7,1.9,96.5,60.8,8.1
16-Nov-10,18.2,22,15.4,78.7,87,63,1016.4,1017.7,1015,0,0.7,SSW,16.1,2.2,133.5,60.4,11.7
17-Nov-10,17.6,21.1,15.4,81.1,89,65,1013.6,1015,1012.2,1.4,2.4,E,30.6,2.2,174.4,55.3,7.8
18-Nov-10,17.2,20.7,13.9,69.1,87,46,1019.1,1022.9,1014.6,0.2,0.9,S,17.7,2.3,127.4,58.2,11.4
19-Nov-10,17.4,21.3,12.9,78.5,87,63,1023.2,1024.9,1021.9,0,1,NNW,16.1,2.3,177.6,64.8,12.5
20-Nov-10,17.4,22.1,13.9,74,87,51,1020.6,1022.5,1018.7,0,0.4,S,12.9,2.5,179.5,68.7,7.8
21-Nov-10,16.7,21.2,13,72.8,86,53,1017.7,1018.9,1016.9,0,0.6,S,12.9,2.9,204,61.3,9.6
22-Nov-10,18.1,20.3,13.4,80.4,90,72,1012.8,1017.3,1006.6,0,6.1,S,48.3,1.7,147.5,57.1,10.1
23-Nov-10,19.7,23.6,16.2,64.4,83,36,1004.4,1006.4,1001,0,10.3,S,45.1,0.5,28.3,30.7,40.3
24-Nov-10,17.4,20.6,14.1,56.7,68,44,1008.1,1009.3,1006.5,0,4.4,SW,33.8,0.7,27.9,42.8,40.5
25-Nov-10,16.3,19.7,13.2,63.4,76,50,1011.1,1012.4,1009.3,0,0.9,NW,20.9,1.6,65.5,60.9,18.6
26-Nov-10,19,20.8,15.2,69.7,81,59,1009.6,1012.2,1007.6,0,10.7,S,51.5,0.7,34.1,38.4,41.4
27-Nov-10,20.8,22.9,19.2,73.5,81,66,1011,1012.4,1009.3,0,8.5,S,41.8,0.7,38.5,31.1,35.6
28-Nov-10,20.1,22.7,15.7,74.2,88,58,1013.3,1015.2,1012.4,0,5.9,SSE,38.6,1.2,60.8,36.3,20.6
29-Nov-10,20.9,23.7,18,70.6,79,61,1011.6,1014.6,1009.5,0,7.2,S,38.6,0.7,26.5,32.3,27.9
30-Nov-10,18.8,21.7,16.5,67.1,86,44,1015.3,1017.5,1014.1,0,1.6,S,27.4,1.2,56.8,54.6,18.6
1-Dec-10,20.8,23.1,19.2,77.3,87,65,1013.9,1015.1,1012.7,0,4.5,S,33.8,0.9,33.8,34.2,25.7
2-Dec-10,20.9,22.7,18.4,68.7,84,56,1015.8,1017.4,1014.3,0,4,S,40.2,1.3,41.6,42.8,18.6
3-Dec-10,20,21.8,17.4,71.5,84,56,1015.8,1017.4,1014.4,0,7.9,SSE,45.1,1.2,36.7,42.5,27.1
4-Dec-10,18.9,21.2,15.1,69.3,85,46,1011.8,1014.9,1008.1,0,8.7,S,51.5,0.6,6.3,30.5,44
5-Dec-10,13.9,17.2,10.4,49.5,64,32,1018.8,1022,1015.2,0,3,NNW,25.7,0.9,16,44,32.8
6-Dec-10,12.5,16.3,9.1,63.5,81,49,1019.9,1021.8,1018,0,0.8,NNW,17.7,1.8,99.5,60.5,17.3
7-Dec-10,14.6,18.3,10.1,72,83,57,1017.3,1018.4,1016.1,0,0.8,SSE,19.3,2.4,163.3,69.5,11
8-Dec-10,16,20.2,11.7,77.7,88,61,1018.3,1019.9,1016.7,0,0.9,SSE,16.1,2.6,165.2,67.8,10.4
9-Dec-10,17.8,20.9,13.6,73.5,88,60,1011.5,1016.8,1005.9,0,2.2,WSW,22.5,1.6,88.5,52.5,16.6
10-Dec-10,13.2,19.3,3.2,60.8,81,48,1005.3,1008.7,1003.5,0.4,7.3,NNW,40.2,1.5,115.4,61.3,17.4
11-Dec-10,2.9,3.8,1.6,68.8,85,48,1010.4,1012.1,1008.5,1.6,7.4,N,46.7,0.6,51.3,46.6,35.3
12-Dec-10,5.5,9.7,1.6,45.2,69,31,1010.6,1012,1008.6,0,2.7,N,20.9,1.7,130.7,61.3,25.3
13-Dec-10,10.4,15.8,4.9,76.9,90,63,1003.7,1008.5,999.5,3.4,1.9,NNW,24.1,2.8,152.8,70.4,3.6
14-Dec-10,10.9,14.3,8.8,67.2,84,43,1011.1,1013.4,1007.4,2.4,2.8,NNW,20.9,1.9,60,53.7,14.5
15-Dec-10,8.8,10.2,7.7,79.4,87,69,1012.1,1014.3,1008.2,6.6,7.6,NNW,32.2,1.8,46.9,50.3,10.4
16-Dec-10,8,10.3,5.8,82.3,88,73,1002.4,1008.3,999.3,5.6,3.3,NNW,22.5,2,60.3,50.3,9.5
17-Dec-10,8.1,11.3,4.6,67.1,86,48,1005.7,1010.5,1000.7,0,0.7,WSW,19.3,2.1,101.8,65.3,7.5
18-Dec-10,12.6,15.6,7.9,62.2,75,49,1012,1014.6,1010.3,0,5.1,S,38.6,0.9,27.4,50.7,36.5
19-Dec-10,14.6,16.2,11.8,70.1,84,61,1015.5,1018.3,1012,0,0.8,NW,25.7,3.5,141.2,65.1,17.3
20-Dec-10,15.7,18.1,11.1,80.3,92,60,1018.3,1019.8,1017.3,0,3.9,S,38.6,2.8,157.1,51.5,12
21-Dec-10,17.2,18.9,14.9,72.9,82,65,1019.3,1020.8,1017.8,0,4,SE,25.7,1.6,24.8,50.5,22.5
22-Dec-10,15.4,18.8,11.4,79.9,88,71,1020.1,1021.3,1019.1,0,1.9,NE,25.7,2.8,128.6,64.8,15.6
23-Dec-10,15.9,19,12.2,83.8,91,68,1017.6,1019.2,1015.9,0,2,SE,17.7,2.7,127.8,62.6,14.5
24-Dec-10,17.8,19.9,16.1,78.2,88,61,1011.8,1016,1006.9,0,6.3,S,41.8,1.2,18.1,42,29.2
25-Dec-10,17.5,20.2,15,68.4,85,42,1009.1,1012,1006.7,0,6.2,S,37,0.6,18,43.1,43.7
26-Dec-10,15.9,18.4,13.7,73.4,82,61,1012.4,1013.8,1011.6,0.2,1.3,SSW,19.3,1.5,57.6,49.7,17.3
27-Dec-10,14.9,17.1,13.2,83.9,88,78,1013.8,1015,1012.7,2.6,0.4,SSW,11.3,1.9,111.1,61.3,5.3
28-Dec-10,13.3,15.2,11.6,80,90,71,1014.1,1016.8,1012.5,2.2,1.1,NW,14.5,1.5,67.1,50.8,6
29-Dec-10,11.3,13.2,9.1,67.6,74,60,1019.6,1022.7,1016.4,0,5.8,NNW,32.2,1.7,53.7,46.5,11.3
30-Dec-10,9.8,11.3,7.8,68.5,74,59,1023.7,1024.8,1022.3,0,4,NNW,24.1,1.5,46.2,50.4,14.5
31-Dec-10,9.2,12.3,6.1,68.9,80,55,1023.7,1026,1021.8,0,0.9,NNW,12.9,2.1,107.2,65.3,10.5
1-Jan-11,10.2,12.9,7,76.6,82,70,1019.8,1021.8,1016.4,0,0.3,NNW,9.7,3,164.9,56.2,8.1
2-Jan-11,11.2,12.9,9.2,88.1,92,76,1012.5,1016.4,1009.4,16.6,1.2,NNW,16.1,2.3,131.4,59.2,8.1
3-Jan-11,10.8,14.6,7.8,84.7,93,69,1010.3,1013.5,1008.3,8.6,1.4,NNW,16.1,2.7,158.9,59.3,4
4-Jan-11,9.6,12.4,6.7,71.8,81,58,1017.7,1021.7,1013.6,0,1,NNE,14.5,1.7,67.7,58.8,5.3
5-Jan-11,9,12.6,5.6,70.5,83,54,1022,1023.5,1021,0,2.2,NNW,17.7,1.8,70.4,57.8,9.5
6-Jan-11,9.8,13.1,6.2,67.7,84,53,1025.4,1027.9,1023.1,0,1.7,NNW,16.1,1.4,66.7,55.5,11.5
7-Jan-11,10.2,14,6.4,72.2,85,54,1028.7,1029.9,1027.8,0,1.4,NNW,16.1,2.3,133.4,67.6,9.3
8-Jan-11,10.8,15.3,6.2,73.7,84,48,1026.9,1028.8,1025,0,0.4,NNW,12.9,3,215.5,75.1,8
9-Jan-11,12.1,16.4,7.9,80.2,90,67,1024.3,1025.2,1023.1,0,0.3,SSW,12.9,3.8,261.9,70.9,7.6
10-Jan-11,13.4,16,11.5,76.9,85,66,1024.5,1025.8,1023.2,0,1.2,SSW,12.9,2.6,135.1,65.6,5.1
11-Jan-11,14.2,16.1,12.4,73.3,80,66,1020.9,1023.4,1017.8,0,0.7,NW,12.9,1.8,101.2,60.5,8
12-Jan-11,13.3,16.3,11.4,79.2,91,63,1015.8,1017.7,1014.8,14,1.4,SSE,29,2.1,131.4,65.4,6.8
13-Jan-11,12.8,15.7,10.7,78.7,92,65,1014.8,1015.6,1013.9,0.2,1.8,NNE,22.5,2,71.5,56,6.5
14-Jan-11,12.7,16.5,9.4,71.2,88,53,1017.1,1019.4,1015.1,0,0.5,NNE,17.7,2.7,163.7,73.3,4.3
15-Jan-11,13.5,17.8,9.1,71.8,83,54,1018.8,1020.8,1016.5,0.8,1.2,S,19.3,2.4,157.6,68.7,7.7
16-Jan-11,12.2,15,10.8,71.1,84,54,1020,1024.5,1016.7,9.6,11,NNW,54.7,1.2,52.8,47,13.5
17-Jan-11,11.7,14.3,9.3,61,71,48,1026,1027.4,1024.3,0,12,NNW,51.5,1.3,39.5,44.1,19.2
18-Jan-11,11.3,16.8,6.5,64.4,81,44,1024.2,1026,1022.7,0,0.6,W,17.7,2.4,132.8,69.8,11.3
19-Jan-11,11.1,16.4,6.4,70.7,85,44,1020.8,1023.1,1018.3,0,0.4,W,12.9,3.2,240.6,88.6,7.8
20-Jan-11,11.7,15.8,7.1,78.4,89,65,1017.3,1018.3,1016.2,0,0.4,SSW,14.5,3,198.9,78.3,11.8
21-Jan-11,12.5,15.2,9.1,82.1,88,72,1016.3,1017.6,1014.8,5.4,1.7,S,27.4,2.5,167.3,74.8,10.3
22-Jan-11,14.2,16.7,10.6,78.8,92,58,1015.1,1016.4,1014,1,3.6,S,35.4,1.3,63.3,54.9,19.5
23-Jan-11,13.1,16.1,9.3,68.5,84,51,1015.1,1015.9,1013.8,0,1.4,SSW,19.3,0.9,51.1,59.4,23.5
24-Jan-11,10.6,13.8,7.3,76.5,88,60,1013.7,1016.3,1011.6,7.8,0.5,N,14.5,1.7,177.1,83.1,9.3
25-Jan-11,6.8,9.5,4.6,73.4,85,60,1012.3,1015,1010.5,1.2,2.2,WSW,29,1.4,151,79.8,8.7
26-Jan-11,7.1,10.8,4.3,59.2,78,47,1015,1016.9,1013.4,0,1.5,NNW,20.9,1.8,100.8,69.8,18.8
27-Jan-11,8.9,12.3,3.6,65.2,83,51,1017.7,1019.3,1015.3,0,1.4,NNW,25.7,2.3,145.4,68.2,17.8
28-Jan-11,10,12.2,9.2,75.4,85,55,1010.6,1015.4,1006.7,3.2,13,NNE,46.7,1.2,41.3,54.2,29.8
29-Jan-11,8.2,9.4,7,72.2,78,66,1016.8,1019.8,1012.5,0,13,NNW,45.1,1.3,43.7,51.3,28.2
30-Jan-11,8,9.4,6.6,66.1,72,59,1018.7,1020.1,1017.4,0,7.3,NNE,25.7,1.1,28.7,45.5,34.9
31-Jan-11,8.7,10.8,7,67.2,75,62,1019.6,1021.4,1018,0,6.7,NNW,22.5,1.8,45.5,56.7,26.3
1-Feb-11,7.2,9.4,5.1,58.7,66,48,1022.7,1023.8,1021.3,0,9.5,NNW,41.8,1.7,31.8,52.5,37.3
2-Feb-11,7.9,11.1,4.4,60.7,67,52,1020.9,1023.2,1018.4,0,8.5,NNW,32.2,1.7,39.7,59.3,29.1
3-Feb-11,8.2,9.1,6.9,82.5,90,69,1013.5,1018.9,1010.2,45.4,13.1,NNW,46.7,1.1,33,50.7,33.9
4-Feb-11,7.8,9.3,6.1,68,84,58,1019.5,1024.7,1012.2,0.6,4,N,37,1.4,32.8,61.9,29.8
5-Feb-11,8.9,13.3,5.3,57.7,76,43,1025.7,1026.9,1024.5,0,2.8,N,22.5,1.9,97.5,66.8,32
6-Feb-11,9.9,16.9,3.8,63.3,81,30,1023.7,1025.8,1022,0,0.5,SSW,11.3,4.4,309.3,85.7,11.7
7-Feb-11,12,18.9,5.7,62,85,39,1021.9,1022.9,1021.2,0,1.8,SSW,25.7,4.3,290.2,91.2,10.4
8-Feb-11,13.5,19.3,7.8,55.5,78,34,1019.8,1021.8,1017.5,0,3,NNW,22.5,3.5,209.1,97.5,6
9-Feb-11,12.4,17.7,7.8,65.3,81,44,1016.8,1018.4,1015.4,0,1.1,S,17.7,3.1,227.2,94.5,11.3
10-Feb-11,12.2,17,9.2,60.1,72,43,1020.1,1023.4,1017.7,0,5.5,NNW,30.6,2.1,111.9,87.4,17
11-Feb-11,11.7,15.2,7.3,62.7,76,46,1021.9,1024.6,1017.6,0,1.4,S,16.1,1.7,90.8,91.2,24.6
12-Feb-11,13.6,17.8,9.7,63.6,82,45,1015,1017.6,1012.8,0,3.6,SW,33.8,1.1,42.6,66.5,37.6
13-Feb-11,13.1,17.6,8.1,66.5,83,43,1015.5,1016.9,1014.5,0,1.1,W,17.7,1.9,102.8,80.1,23.4
14-Feb-11,13.1,16.9,8.8,68,86,50,1010.7,1014.9,1007.3,0,1.7,S,17.7,1.9,138.6,75.1,24
15-Feb-11,11.5,14.3,8.7,69.6,83,60,1008.2,1011.9,1006.5,0,8,NNE,33.8,1.7,48.6,62.7,26.9
16-Feb-11,11.3,15.1,9.3,63.1,70,50,1015.3,1017.3,1011.9,0,6.6,NNW,29,1.2,32.1,57,34.4
17-Feb-11,14.3,17.4,10.2,75.5,85,61,1015.5,1016.6,1014.5,0,5.9,S,32.2,1.2,45.1,61.2,29.7
18-Feb-11,15.1,19,10.6,73.1,85,50,1006,1014.9,995.9,6.6,7.1,E,59.5,1.2,39.7,52.7,43.3
19-Feb-11,12.9,15.6,10.9,75.8,89,62,997.9,1007.1,992.6,5,4.9,N,38.6,0.9,24.3,52,40.8
20-Feb-11,12,14.2,10.3,72.5,82,62,1011.4,1014.6,1006.8,0.8,4.1,NNE,24.1,1,27.9,46.3,25.7
21-Feb-11,12.3,14.3,10.1,75.8,88,63,1012.5,1014.6,1007.8,5,3.5,S,29,1,45.1,50,31.4
22-Feb-11,13.1,16.1,11.2,79,89,60,1007.2,1008,1006.3,2.2,2.6,SSW,22.5,1.2,76.7,67.7,26.3
23-Feb-11,12.7,16.1,11.3,74.6,84,62,1008.7,1011.3,1006.3,0,10.8,NNE,37,1.4,23,43,34.3
24-Feb-11,12.3,15.5,10.6,81.3,88,72,1008.5,1010.6,1007.5,11.2,10,NNE,37,1.5,66.7,57,21.9
25-Feb-11,10.2,12.4,8.8,72.3,87,61,1010.8,1014.7,1007.8,0.8,11.2,NNE,45.1,1.6,79.2,49.8,16.8
26-Feb-11,7.7,9.1,6.9,75.1,79,72,1015.8,1017.2,1014.4,0,13.4,NNE,41.8,1.3,58.9,49.2,24.5
27-Feb-11,7.3,8.2,6.3,71.8,75,67,1015.8,1017.8,1014.6,0,8.4,NNE,33.8,1,29.2,44.7,33
28-Feb-11,8.6,9.7,7.5,69.5,73,64,1021.7,1024.6,1017.7,0,2.7,NNW,17.7,1.5,33.3,56.5,22.4
1-Mar-11,9.2,10.5,8.6,68.1,73,61,1025,1026.5,1023.6,0,9.3,NNE,29,1.6,45.3,53.6,25.5
2-Mar-11,9,9.8,8.2,80.7,87,72,1026.3,1027.7,1025,4.8,9.1,NNE,37,1.3,43.2,51.5,20.7
3-Mar-11,10.8,13.6,9.3,76.8,83,70,1027.1,1028.8,1026,0.2,9,NNW,33.8,1.6,45.8,50.1,19.5
4-Mar-11,10,11.8,8.7,69,77,61,1027.7,1029.4,1025.6,0,12,NNE,43.5,1.6,43.5,56,32.4
5-Mar-11,10,12.5,8.6,69.3,74,62,1019.4,1025.7,1013.2,0,9.3,NNW,40.2,1.4,38.4,58.6,31.8
6-Mar-11,11.6,15.1,9.3,75.6,84,67,1010.3,1013.2,1008.6,2.2,2.2,NNW,19.3,1.1,31.5,57.3,25.2
7-Mar-11,7.3,11.2,2.9,72.7,88,59,1014,1015.3,1010.9,7.2,7.5,NNW,51.5,1,29.6,46.4,37
8-Mar-11,3.4,5.2,1.3,76.6,92,62,1020.4,1023.5,1015.3,2.8,14,NNW,56.3,1,21.1,52.3,37.7
9-Mar-11,3.2,6.4,0.4,60.3,84,42,1022.5,1023.6,1021.1,1,5.5,WSW,33.8,0.8,18.3,49.5,46.6
10-Mar-11,6.5,10.5,0.8,41.4,64,18,1022.2,1023.6,1020.7,0,2.4,NNW,25.7,1.6,57.9,76.4,29
11-Mar-11,9.5,15.1,2.9,48.6,70,26,1023,1025.4,1021.4,0,1.1,NNW,24.1,2.7,170.5,92,19.5
12-Mar-11,11.4,16.9,4.8,54.4,75,29,1026.5,1027.6,1024.9,0,1.5,SSE,17.7,2.9,195.8,90.8,26.4
13-Mar-11,12.7,17.6,6.4,60.5,79,33,1026.6,1027.4,1025.6,0,2,S,20.9,2.4,145,78,39.9
14-Mar-11,13.7,17.6,9.4,75.6,85,63,1026.8,1027.9,1025.7,0,2.3,S,22.5,1.8,112.8,75.8,31.5
15-Mar-11,15.5,18.6,11.7,72.9,88,32,1025.6,1026.8,1023.9,0,3.2,S,25.7,1,66,68.6,42.7
16-Mar-11,15.6,18.7,12.6,71,86,55,1022.9,1025.3,1020.7,0,3.1,S,27.4,1.4,106.9,77.2,29.3
17-Mar-11,15.5,17.4,12.8,75.3,86,67,1018.7,1020.8,1016.6,1.2,2.3,SSE,22.5,1.6,91.7,83.4,18.3
18-Mar-11,15.9,20,12.9,76.7,86,61,1014.4,1016.6,1012.9,0,2.8,S,25.7,1.4,88.6,68.1,28
19-Mar-11,15.4,20,11.3,68.3,84,48,1013.5,1014.1,1012.7,0.2,1.8,S,29,1.2,46,67.5,32.9
20-Mar-11,13.7,16.2,11.1,70.6,76,61,1015.7,1018.7,1013.3,0,10,NNE,37,1,29.1,46.8,34.4
21-Mar-11,10.6,12.4,9.3,67.9,76,55,1021.9,1025.9,1018.1,0,17.4,NNW,54.7,1.1,23.6,43.6,48.8
22-Mar-11,10,12.8,8.3,52.2,65,42,1027.7,1028.8,1026,0,14,NNW,57.9,1.2,28.8,51.5,48.1
23-Mar-11,11.2,14.7,8.6,46.1,61,34,1026.2,1028.1,1024.5,0,8.2,N,33.8,1.3,30.7,57.6,44.7
24-Mar-11,13.9,17.7,10.8,51.5,64,42,1025.7,1026.9,1024.5,0,5.4,N,32.2,1.5,43.3,70.2,38.8
25-Mar-11,14.9,20.4,8.9,58.7,75,38,1024.3,1026.4,1021.9,0,2.5,S,25.7,1.8,108,72.6,46.5
26-Mar-11,15.7,20,10.9,57.5,78,36,1019.3,1021.8,1017.1,0,4,S,29,1,36.1,59.5,54.7
27-Mar-11,16.6,22.2,13.7,61.2,80,39,1018.5,1019.5,1017.7,0,4.2,SW,27.4,0.5,6.7,31.8,71.2
28-Mar-11,16.1,20.3,12.3,69.5,86,50,1018.6,1019.9,1017.5,0,3,S,27.4,0.9,30.2,53.6,42.2
29-Mar-11,16.1,19.7,12.6,69.5,85,50,1017.1,1018.3,1015.6,0,1.5,SW,19.3,1.4,59.7,66.8,24.1
30-Mar-11,17.3,20.5,13.3,70.2,82,49,1016.1,1017.1,1014.7,0,2.9,S,29,1.4,56.4,63.4,29.2
31-Mar-11,15.7,17.4,14.3,81,87,73,1015.8,1017.3,1014.1,6.2,8.4,NNW,35.4,1.3,86.1,69.4,18.8
1-Apr-11,15.3,16.9,13.6,74.9,83,62,1014.6,1016.3,1012.8,1,12.3,NNE,48.3,1.2,67.5,55.3,26.2
2-Apr-11,13.5,14.6,12.3,68.1,76,61,1013.2,1014.3,1011.3,0,6,N,32.2,1.2,28.8,54,33
3-Apr-11,15.1,19.8,11.3,60.6,76,36,1012.9,1015,1011.2,0,4.8,NNW,30.6,0.9,17,45.5,44.8
4-Apr-11,15.1,19.7,11.4,59.9,83,35,1015.5,1016.6,1014.2,0,2.8,NNW,24.1,1,48.5,58.8,40
5-Apr-11,15.5,19.4,10.8,69.7,82,52,1016.3,1017.3,1015.1,0,2.2,N,22.5,1.2,56.2,57.8,38.4
6-Apr-11,15.9,18.6,13.8,59.5,66,51,1017.2,1018.9,1015.9,0,12.3,NNE,48.3,1.4,32.3,55.8,38.3
7-Apr-11,15.3,18.2,12.4,50.8,69,38,1017.6,1018.8,1015.9,0,11.3,NNW,48.3,1.3,28,52,42.8
8-Apr-11,17.2,21.2,10.9,54.7,70,38,1013,1015.8,1011.2,0,3.1,S,25.7,1.3,62.2,64.8,39.9
9-Apr-11,20.3,24.1,15.7,57.9,76,41,1008.3,1011.1,1005.9,0,3.2,S,27.4,1.1,30.5,57.4,48.3
10-Apr-11,19.2,23.7,15.8,38.9,70,28,1010,1012,1007.7,0,6.5,NNW,41.8,1,21.6,52,56.3
11-Apr-11,15.5,19.4,11.5,43.8,61,27,1013.4,1018.2,1010.2,0,10.2,NNW,46.7,1,101.3,76.1,37.9
12-Apr-11,14.5,17.3,10.1,59.9,74,45,1016.2,1018.5,1013.5,0,5.2,S,33.8,0.9,44.5,52.9,52.4
13-Apr-11,17.7,21.1,13.5,60.6,80,43,1010.9,1013.5,1006.5,0,4.6,S,37,0.8,28,53.2,53
14-Apr-11,16.9,20.5,13.7,49.9,79,25,1009.3,1012.8,1004.6,0,5.8,WSW,35.4,0.7,8.5,34,72.4
15-Apr-11,15.6,18.9,12.6,58.1,65,51,1012.6,1014.3,1011.4,0,3.6,NNW,29,1.2,28.2,63.6,44.8
16-Apr-11,14.6,17.7,12,60.3,74,41,1015.1,1017.4,1013,2.2,7.9,NNW,30.6,1.3,26.9,59.9,39.6
17-Apr-11,11.2,12.2,10.1,78.8,86,72,1015.3,1017.6,1013.3,11.8,8,NNE,33.8,0.8,19.7,45.5,43.3
18-Apr-11,11.8,15.2,10,65,77,54,1014.4,1015.5,1012.9,0.2,3.7,W,33.8,0.9,13,44.7,53
19-Apr-11,12.3,15.2,9.4,60.9,73,47,1013.1,1014.4,1011.9,0,4.4,NNW,24.1,1.2,20,51.6,46.4
20-Apr-11,14,16.6,10.2,59.5,72,49,1016.1,1019.8,1013.2,0,3.6,NE,32.2,1.5,36.8,70,28.8
21-Apr-11,14.4,17.6,11.9,43.4,57,31,1019.8,1020.6,1018.3,0,12.4,NNE,49.9,1.4,32.1,63.3,48
22-Apr-11,15.7,21.2,10.1,37.9,60,22,1016.5,1019.2,1014.4,0,6.3,NNE,30.6,1.1,21.1,54.5,56
23-Apr-11,15.6,20.3,9.9,41.3,53,26,1017.2,1019.6,1015.9,0,7.7,NNE,33.8,0.8,18.9,47.7,57
24-Apr-11,16.2,20.6,12.2,41.7,55,28,1019.2,1020.5,1017.7,0,7.4,NNE,33.8,0.5,6.8,27.1,78.2
25-Apr-11,15.9,20.2,13.2,52.6,65,37,1017.4,1019.4,1014.6,0,10,NNE,35.4,0.5,8,27.6,70.4
26-Apr-11,14.9,18.7,12,66.2,86,52,1013.5,1016,1011.5,8.6,6.6,NNE,27.4,0.9,16.8,39.8,46.7
27-Apr-11,13.6,15.7,11.5,83.4,90,77,1010.8,1012.2,1009,16,6.6,NNE,35.4,1.1,26.4,57.5,32.5
28-Apr-11,16,19.1,13.6,72.9,82,62,1008.4,1009.1,1007.3,0,7.7,NNE,30.6,1.3,27.5,50.3,37.4
29-Apr-11,17,21.9,12.3,68.1,83,49,1008.8,1010,1007.7,0,3,NE,25.7,1.2,27.1,56.5,39.2
30-Apr-11,18,21.4,13.3,69,86,52,1010,1010.9,1009.1,0,2.7,S,24.1,1.1,37.8,51.3,40.9
1-May-11,19.1,23.9,16.1,72.1,87,46,1006.3,1009.7,1003.5,0.2,3.2,S,32.2,0.8,11.5,41.9,47.8
2-May-11,20.3,24.3,15.9,67.1,86,53,1009.2,1011.3,1006.3,0,3.7,S,29,0.9,23.3,50.5,38.1
3-May-11,20.2,23.8,17.6,72.7,89,50,1006.4,1012,1002.9,1.2,4.8,S,38.6,0.9,18.7,47.9,38.5
4-May-11,20.6,24.1,17.1,64.5,79,52,1006.3,1009.6,1004.1,0,2.9,S,24.1,0.7,12.1,47,46.1
5-May-11,17.8,19.7,15.8,72.4,85,55,1013.8,1018.3,1009.3,6.6,3.1,NNE,27.4,1.1,22.8,51.2,28.2
6-May-11,15.6,18.3,13.6,55.2,68,44,1023.3,1025.9,1018.3,0,7.9,NNW,40.2,1.2,26.1,52.3,38.8
7-May-11,16.8,20.8,12.7,54.4,70,44,1021.6,1025.3,1017,0,4.2,NNW,30.6,0.9,18,49,57.8
8-May-11,18.5,23,13.2,58.7,80,46,1015.5,1016.9,1014.3,0,3.2,S,24.1,0.8,20.9,50.9,56.5
9-May-11,17.3,21.4,14.6,59.2,74,46,1016.6,1018.3,1014.8,0,12.4,NNW,40.2,1.3,29.4,58.9,44.3
10-May-11,16.8,20,14,54.2,66,45,1016.1,1018.1,1012.8,0,15.6,NNW,53.1,1.1,24.5,46,52
11-May-11,18.5,22.1,15.2,47.1,62,35,1011.4,1012.8,1010.2,0,11.7,NNW,49.9,1.2,17,44.3,64
12-May-11,17.1,19.8,14,57,67,45,1012.8,1015,1010.5,0,5.3,N,33.8,1.2,20.6,49.5,47.8
13-May-11,19.3,24.1,14.1,50.8,70,30,1016.8,1018.8,1014.2,0,3,N,29,1.3,29.1,67,36.6
14-May-11,20.6,25.8,14.8,49.1,65,35,1017.2,1018.4,1015.7,0,2.6,S,22.5,1.2,47.7,69.1,45.1
15-May-11,21.4,26.8,15.3,45.4,67,31,1016.1,1017.2,1015,0,2.6,S,27.4,1.3,49.4,62.3,56.3
16-May-11,21.5,26,16.1,55.6,77,40,1014.6,1015.6,1013.3,0,2.3,S,24.1,1.1,43.2,69,49
17-May-11,19.9,24.4,16.7,62.7,80,42,1014,1014.9,1012.9,0,4.4,S,33.8,0.7,17.8,45.2,52.3
18-May-11,19,21.9,16.3,66.1,77,50,1014.6,1015.6,1013.7,0.4,3.9,S,29,0.8,12.5,44,55.3
19-May-11,17.1,19.4,15.4,70.4,78,58,1015.9,1018,1013.9,2,3.2,NNW,29,1.2,26.8,63.9,31
20-May-11,19.8,24.1,14.2,62.9,83,45,1017.7,1018.6,1016.4,0,1.7,S,22.5,1.2,29.7,68.3,40.2
21-May-11,22.4,27.4,16.2,54.4,77,41,1017,1018.1,1015.7,0,3.9,S,30.6,1.6,69.7,76.6,35.3
22-May-11,23.8,27.8,18.5,46.3,65,32,1016.5,1017.6,1014.7,0,6,N,37,1,22.5,60.3,46.7
23-May-11,24.8,28.8,21.3,42.9,55,31,1016.8,1017.9,1015.7,0,8.4,NNE,35.4,1.3,27.7,65.4,44.5
24-May-11,24.1,29.4,19.2,52.1,72,34,1016.8,1018,1015.5,0,2.9,S,29,0.9,17.2,57.7,49.6
25-May-11,24.5,28.9,20.4,48.3,71,34,1015.1,1016.3,1014.1,0,5,NNW,33.8,1.5,31.5,72.4,29.2
26-May-11,22.7,27,19.8,60.7,78,46,1013.6,1014.7,1012.4,9.6,8,NNE,45.1,1.5,32,65.5,32
27-May-11,20.7,25.9,18.8,71.3,86,51,1013.4,1014.4,1012.3,9.2,4.6,NNW,29,1.2,22.3,55.3,39.8
28-May-11,21.7,26.8,17.9,67.3,81,47,1011.8,1013,1010.6,0,1.7,SSW,20.9,0.9,16.3,48.9,46.9
29-May-11,22.4,27.2,17.4,62,81,47,1012.8,1014.8,1010.6,0,2,SW,20.9,1.1,32.6,52.5,45.8
30-May-11,0,0,0,64.3,81,40,1016.2,1017.3,1014.7,11.6,2.1,NNW,27.4,1.4,44.2,68.1,28.2
31-May-11,22.6,26.8,17.6,59.8,81,46,1015.9,1016.8,1015,0,2.3,SSE,25.7,1.4,52.3,62.8,39.1
1-Jun-11,23.4,27.9,18.6,63,80,48,1014.6,1015.2,1013.8,0,2.2,S,20.9,1.1,35.1,60.3,38
2-Jun-11,23.9,27.6,19.5,62.1,77,51,1015,1016.2,1014.2,0,2.2,S,25.7,1.3,42,61.2,42
3-Jun-11,24.5,28.8,20.9,62.2,74,47,1015.7,1016.9,1014.8,0,2.3,S,20.9,1.2,33.3,67.3,45.7
4-Jun-11,24.5,28.6,21.3,67.3,81,50,1015.8,1016.6,1014.7,7,3.4,NNW,25.7,1,19.9,53.8,38.5
5-Jun-11,25.2,29.3,20.3,56.3,80,42,1014.6,1015.6,1013.3,0,3,NNW,22.5,1,21.4,46.3,53.3
6-Jun-11,26.6,30.8,22.1,44,65,34,1012.6,1013.5,1010.8,0,4.2,NNW,25.7,1.4,41.7,74.2,47.3
7-Jun-11,26.4,30.9,22.3,49.7,62,36,1013.2,1014.3,1011.6,0,3,NNW,24.1,1.2,26.4,67.4,48.4
8-Jun-11,26.1,29.2,23.1,49.8,62,37,1012.7,1014.5,1010.4,0,1.7,NW,24.1,1.2,34,75.8,37.3
9-Jun-11,27.3,32.8,21.4,49.7,63,33,1008.3,1010.7,1006.3,0,2.4,S,27.4,1.2,34,69.9,37.5
10-Jun-11,28.2,33.1,23.8,41.1,56,26,1005.8,1007,1004.3,0,4.9,W,37,0.7,10.3,42.8,59.5
11-Jun-11,26,29.5,23.2,48.5,62,38,1008,1009.2,1006.8,0,4.3,S,30.6,0.6,9,40.1,66.8
12-Jun-11,22.6,28.2,18.6,67,85,47,1009.8,1011.4,1008.4,17,2,WSW,32.2,0.6,8.7,39.9,53.8
13-Jun-11,23.6,28.8,20.4,63.6,76,40,1011.6,1012.7,1010.4,0,3.5,SW,25.7,0.7,12.3,41.2,48.7
14-Jun-11,23.3,26.8,20.3,67,78,52,1012.5,1013.5,1011.2,0.2,2.2,NW,24.1,1.2,32.9,67.5,33.2
15-Jun-11,24,27,20.3,59.3,77,47,1014.1,1015.4,1013,0,3.5,W,25.7,1.3,24.5,46.6,44.2
16-Jun-11,22.7,27.6,19.3,66.5,85,46,1015.9,1016.9,1014.4,6.2,2.7,SE,29,1.3,26.1,61.2,40
17-Jun-11,24.4,29.4,18.1,59.7,84,38,1016.3,1017.1,1015.5,0,2.2,S,25.7,1.3,45.6,64.9,46.1
18-Jun-11,25.9,30.9,19.7,56,75,41,1014.6,1015.6,1013.3,0,2.4,S,19.3,1.2,49.3,62.6,47.3
19-Jun-11,26.8,31.1,21.3,54.1,70,43,1011.8,1013.3,1010.3,0,2.7,S,27.4,1,30,54.5,52
20-Jun-11,27.7,32.8,22.3,55.3,70,35,1011.4,1013.9,1009.8,0,2.1,S,20.9,0.9,22.1,64,46
21-Jun-11,27.8,31.5,24.8,45.3,63,36,1017.1,1019,1013.7,0,9.6,NNE,41.8,1.4,30,63.7,33.5
22-Jun-11,27,30.7,23.9,39.2,49,30,1017.8,1019.4,1016,0,9.8,N,40.2,1.2,26.9,57.6,40.6
23-Jun-11,28.5,32.9,23.2,35.2,50,25,1014.5,1016,1013.1,0,6.3,N,35.4,1.3,27.4,62.9,39.5
24-Jun-11,29.2,33.8,22.7,36.8,51,30,1011.5,1013.3,1009.9,0,6.8,NNE,38.6,1,34.1,70.6,25.3
25-Jun-11,29.1,33.4,23.4,46.1,62,33,1008.7,1010.7,1007,0,4,NNE,41.8,0,0,0,0
26-Jun-11,23.2,25.7,20.7,49.8,74,36,1013.7,1015.5,1010.7,0,12.5,N,49.9,0,0,0,0
27-Jun-11,23.6,26.9,20.1,41.8,67,30,1013.6,1014.8,1012.3,0,8.6,N,38.6,1,18,52.9,55.7
28-Jun-11,24.1,28.2,19.6,45.1,60,29,1010.3,1013.2,1008.2,0,4.4,S,32.2,0.8,15.7,42.1,65.8
29-Jun-11,24,27.1,20,47.7,63,34,1009.4,1011.5,1008.3,0,2.6,S,22.5,0.8,15.4,44.4,64.2
30-Jun-11,24.8,28.5,19.8,60.3,74,48,1010.6,1011.6,1009.7,0,4.1,S,33.8,1,25.4,52.5,44.5
1-Jul-11,27.2,31.1,23,54.6,71,42,1008.8,1010,1007.5,0,3.2,S,24.1,1,21.8,62.3,46
2-Jul-11,26.5,29.8,23.6,57.3,71,46,1010.2,1010.8,1009.2,0,3.8,S,27.4,0.8,19.2,51.5,53.5
3-Jul-11,27.2,32.6,23.4,54.8,81,32,1008.6,1009.7,1007.5,0,4.2,S,32.2,0.5,5.9,30.5,64
4-Jul-11,27.4,31.1,24.4,52.6,67,35,1011.7,1014.3,1008.7,0,3.2,S,30.6,0.8,15.9,52.2,46.5
5-Jul-11,27.4,31.6,22.6,48.3,69,32,1011.5,1013.6,1008.6,0,3.7,S,27.4,0.9,17.9,52.4,54.1
6-Jul-11,29.1,35.1,23.8,45.9,63,28,1008.5,1010.2,1007.3,0,4.5,S,30.6,0.9,15,48.1,59.5
7-Jul-11,28.5,32.1,24.8,46.3,62,37,1012.3,1013.7,1010.2,0,3.7,NNW,24.1,1.3,24.3,65.8,44.2
8-Jul-11,29.4,33.9,23.9,40,56,31,1014.9,1016,1013.6,0,8.1,NNE,37,1.5,40.5,71.5,35.2
9-Jul-11,30.6,35,25.6,36.1,51,25,1015.9,1016.6,1014.9,0,9,NNE,41.8,1,25.9,61.6,46.8
10-Jul-11,31.3,36.1,25.1,32.3,51,20,1013.2,1014.8,1011,0,7.6,NNE,37,0.7,20,50.9,56.4
11-Jul-11,31.4,35.2,27.4,34.4,42,21,1010.8,1011.6,1010,0,10.2,NNE,43.5,1.2,27.5,65.9,46.6
12-Jul-11,30.9,34.4,27,37.4,47,29,1010.3,1010.9,1009.4,0,9.8,NNW,41.8,1.3,25.9,61.3,48.7
13-Jul-11,30.9,34.3,27.9,40.7,47,33,1010.6,1011.8,1009.6,0,11.2,NNE,46.7,1.2,23.6,56,51.6
14-Jul-11,30.8,34.8,27.3,41.5,51,33,1012,1013.5,1011,0,7.7,NNE,35.4,1.2,23.3,59.7,49.5
15-Jul-11,31.4,35.4,27.1,38.9,51,31,1012.9,1013.8,1011.9,0,7.6,NNE,30.6,1.3,25.1,63,45.4
16-Jul-11,31.4,35.7,27.2,40.8,55,31,1010.7,1012.7,1008.4,0,3,S,20.9,0.8,21.6,61.5,62.5
17-Jul-11,30.9,35.2,27.3,43.7,54,34,1006.3,1008.4,1004.2,0,2.5,S,25.7,0.8,23.8,60.1,71.4
18-Jul-11,31.5,35.7,26.7,43.6,55,33,1005.3,1007.1,1003.9,0,2.8,S,24.1,1,22.3,64.3,52.8
19-Jul-11,31.5,36.6,27.4,45.5,56,32,1007.2,1008,1006.2,0,2.5,S,20.9,1,19.5,56.3,74.6
20-Jul-11,31.8,36.3,27.6,42.3,55,27,1004.5,1007.1,1001.5,0,3.7,S,29,1.1,25.1,58.9,54.5
21-Jul-11,30.8,35.1,26.9,38.1,52,22,1003.5,1005.9,1001.7,0,4.3,WSW,32.2,0.5,4.7,29.2,71
22-Jul-11,29.4,33.7,25.4,44.1,59,28,1007.1,1008.5,1005.8,0,4.4,S,37,0.6,7.4,37.1,69.1
23-Jul-11,29.3,34.1,24.7,46.2,68,29,1008,1009.8,1005.2,0,2.9,S,27.4,0.7,8.8,39.5,69.5
24-Jul-11,29.2,33.3,24.3,46,59,32,1003,1005,1001.5,0,2.8,S,22.5,0.8,7.8,40.1,79.2
25-Jul-11,29.1,34,25.2,42.5,56,27,1004.4,1007.5,1001.9,0,3.4,S,25.7,0.6,9.2,36.3,68.5
26-Jul-11,28.5,32.1,24.9,49.1,61,37,1011.5,1014.8,1007.4,0,4,S,35.4,0.6,6.1,26,60.6
27-Jul-11,28.3,33.3,24.7,49.8,62,29,1016,1016.8,1014.4,0,2.4,S,24.1,0.7,8.2,35,57.7
28-Jul-11,30.5,35.1,24.8,40.3,57,29,1012.5,1015.5,1009.7,0,4,NNW,27.4,1.3,26.7,54.3,54.3
29-Jul-11,30.1,34.3,25.5,44.7,55,37,1007.2,1009.5,1005.7,0,3.2,S,25.7,0.9,16.8,52.3,65
30-Jul-11,30,34.2,26.1,43,57,27,1006.8,1008.4,1006,0,3.7,S,27.4,0.6,5.3,31,73.6
31-Jul-11,29.1,33.2,25.7,53,77,36,1008.2,1009.1,1007.5,0,3.2,S,22.5,0.5,4.7,30.1,78.4
1-Aug-11,28.8,32.8,25.1,53.8,73,43,1008.2,1009.7,1007.2,0,2.5,S,24.1,0.7,11,43.6,61.4
2-Aug-11,28.6,32.8,25,51.8,64,36,1010.9,1012.9,1009.4,0.6,3.2,N,27.4,1,7.7,40.3,63.4
3-Aug-11,28.8,32.2,25.4,47.2,62,35,1013.6,1014.4,1012.3,0,5.8,NNW,33.8,1.1,10.9,39.9,56.8
4-Aug-11,29.4,33.4,25.7,44.8,55,37,1012.5,1014.1,1010.6,0,3.2,N,29,1.1,10,42.4,61
5-Aug-11,30,34.5,24.7,38.5,56,29,1011.6,1013.1,1009.9,0,7.1,NNE,32.2,1.4,30.8,58.9,38.5
6-Aug-11,28.7,32.9,25.7,48.5,61,37,1012.4,1013.2,1011.3,0,7.2,NNE,30.6,0.8,17,43.3,47.2
7-Aug-11,29,33.4,24.8,46.2,56,38,1012.2,1012.9,1011,0,4.9,NNE,27.4,0.6,12.9,36.3,53.5
8-Aug-11,30.1,35.4,24.4,44.2,57,33,1011.8,1013,1010.3,0,4.7,NNW,29,1,25,56.6,42.3
9-Aug-11,30,34.9,26,51.8,69,35,1009.1,1010.8,1007.4,0,2.3,NNW,24.1,0.8,20.6,53.1,64
10-Aug-11,31,36.3,26.8,47,69,31,1006.3,1007.8,1004.2,0,3.1,NNW,25.7,0.9,27.8,65.1,45
11-Aug-11,26.1,29.1,23.4,47.6,67,31,1011.2,1013.3,1007.9,0,10.5,NNE,38.6,0.8,17.8,39,48.9
12-Aug-11,26.6,32.1,22.2,46.6,68,29,1011,1013,1008.9,0,4.5,NNW,40.2,0.7,12.7,38,55.5
13-Aug-11,27.4,31.3,22.9,46.1,63,36,1008.5,1009.6,1007,0,3.3,NNW,22.5,0.6,11.2,43.1,62
14-Aug-11,28.4,32.5,23.2,45,64,30,1009.6,1011.1,1008.3,0,2.8,NNW,29,0.5,9.4,41.3,64.6
15-Aug-11,29,33.2,24.7,47.6,63,33,1011.2,1012.2,1010.1,0,2.8,NNW,20.9,0.5,10.3,40.5,64.6
16-Aug-11,30.2,34.6,25.1,41.8,59,30,1011.2,1012.3,1010.1,0,3.9,NNW,27.4,0.9,26.9,57.9,48.3
17-Aug-11,30.3,34.2,25.2,41,53,31,1011.5,1012.3,1010.6,0,7.7,NNW,48.3,0.9,25.8,57.7,39.8
18-Aug-11,30.8,34.5,27,38.4,49,30,1013.6,1015.5,1011.5,0,13,NNE,45.1,0.8,16.8,44.5,56.5
19-Aug-11,28.9,31.6,25.6,40.2,50,36,1015.8,1017.3,1014.9,0,11.1,NNE,38.6,0.8,17.9,44.8,53.9
20-Aug-11,28.6,32.5,25.1,38,51,29,1014.3,1015.5,1013.5,0,10.1,NNW,45.1,0.6,11.8,42.7,67.7
21-Aug-11,29.9,33.4,26.9,40.8,48,32,1013.8,1014.4,1013.1,0,12.4,NNW,48.3,0.5,10.2,36.3,70
22-Aug-11,29.3,33.3,26.6,34.6,49,18,1014.8,1015.9,1013.8,0,13.1,NNE,45.1,0.8,18.6,42.9,58
23-Aug-11,29.6,33.4,25.5,35.8,46,28,1015.4,1016.2,1014.7,0,10.5,NNE,48.3,1,26.4,52,46.6
24-Aug-11,30.5,34.6,26.6,34.9,46,26,1013.3,1014.8,1012.1,0,12.5,NNW,48.3,1,23.1,50.3,51.1
25-Aug-11,30.4,33.6,27.8,39,47,26,1012,1012.6,1011.1,0,14.6,NNE,54.7,0.9,19,49.4,61.7
26-Aug-11,28.5,31.7,25.2,38.3,53,21,1012.8,1013.9,1011.3,0,14.3,NNE,46.7,1,20.5,46.8,58.8
27-Aug-11,26.8,30.7,23.9,47.5,59,36,1013.3,1014.3,1012.5,0,8.1,NNE,37,0.8,17.8,45.3,56.7
28-Aug-11,26.4,30.6,23.2,48,64,29,1012.7,1013.4,1011.7,0,6.1,NNE,41.8,0.6,11,36.3,63
29-Aug-11,27,31.6,23.3,39.1,60,22,1010.9,1011.8,1010,0,2.4,W,32.2,0.8,14,48.5,61.7
30-Aug-11,27,31.4,22.4,45.5,61,34,1010.8,1012,1009.4,0,2.9,S,25.7,0.9,27.2,58,59.3
31-Aug-11,27.4,32.3,23.9,63.7,75,49,1011.2,1013,1010,0,1.6,S,20.9,1,29.2,56.4,34.9
1-Sep-11,28.8,33.7,24.6,49.7,64,34,1013.2,1014.3,1012.1,0,1.8,SW,20.9,1,24.1,72.4,48.5
2-Sep-11,29.1,34.1,23.6,47.5,62,33,1011.7,1013,1010.2,0,1.7,SSW,20.9,1.6,69.7,89.4,39.6
3-Sep-11,29.4,34.1,24.5,43.2,54,33,1012.1,1014.2,1010.8,0,3.3,SSW,32.2,1.5,58.3,78.9,46.6
4-Sep-11,28.1,31.8,25,39.7,56,28,1015.7,1017.1,1013.8,0,9.2,NNE,38.6,0.8,20,52.9,54.8
5-Sep-11,28.4,32.9,23.3,36.4,52,26,1016.6,1017.4,1015.5,0,6.4,NNE,33.8,1.3,31.1,69.9,37.4
6-Sep-11,29,34.2,23.9,39.9,51,30,1014.7,1016.5,1012.6,0,4,NNW,22.5,1.4,51.4,75.5,48
7-Sep-11,27.5,31.7,24.6,50.5,63,41,1010.7,1013.7,1008.6,0,4.2,N,33.8,1.1,20.1,56.4,48.2
8-Sep-11,28,32.7,23.9,50,67,37,1008.1,1009.1,1006.9,0,4.6,N,32.2,1.4,13.7,51.4,48.1
9-Sep-11,28,32.1,23.7,58.3,68,44,1010.7,1013.7,1008.1,0,1.7,SW,20.9,1.1,39.6,62.6,38
10-Sep-11,28.4,33.3,24.2,47.5,63,39,1016.2,1017.9,1013.5,0,5.8,NNE,32.2,1.5,39,56.7,43.7
11-Sep-11,28.6,33.3,23.6,40.7,55,29,1016,1018.1,1014.1,0,6.4,NNE,30.6,1,18.8,56.1,41.4
12-Sep-11,28.5,33.2,23.7,39.3,52,31,1012.6,1014,1010.9,0,6.3,NNW,30.6,1.2,18.6,52.2,47
13-Sep-11,28.9,33.7,23.9,32.9,50,21,1011.9,1013,1010.7,0,4.6,NE,35.4,1.5,23.3,52.8,35.5
14-Sep-11,29.3,35.6,22.6,27.6,42,19,1012.5,1013.4,1011.4,0,3.3,NNW,29,1.7,74.9,71.7,19.9
15-Sep-11,28.5,34.8,21.9,39.4,65,23,1012.6,1013.6,1011.7,0,2.5,NNW,25.7,1.7,85.7,75.8,37.4
16-Sep-11,28.1,32.8,22.2,38.3,49,28,1012.2,1013,1011.3,0,7.5,NNE,45.1,1.7,67.8,78.9,26.4
17-Sep-11,29.1,33.9,23.6,37.2,52,27,1011.8,1012.6,1010.9,0,6.3,NNE,33.8,1.3,32.5,71,39.1
18-Sep-11,28.3,32.3,23.4,36.9,48,27,1010.8,1012.2,1009.2,0,5.9,N,40.2,1,25,61.6,44.3
19-Sep-11,26.4,31.1,22.5,47.9,69,30,1013.3,1014.5,1012.2,0,1.9,S,25.7,1.1,45.6,69.8,39.8
20-Sep-11,24.9,29.2,22.2,66.6,84,45,1011.9,1014.4,1008,3.2,2.2,S,32.2,1.1,40.1,62.3,21.2
21-Sep-11,23.7,27.7,20.2,60,84,40,1007.8,1009.1,1006.8,0,3,W,29,0.6,15.8,41.9,42.4
22-Sep-11,22.5,26,19.2,62.6,75,47,1010.4,1012.9,1008.2,0.2,4.2,W,30.6,1.1,8.6,34.8,59.8
23-Sep-11,24.5,28.6,20.3,42.9,69,27,1012.9,1014.2,1011.8,0,5.3,NNE,33.8,1.7,41.8,67.7,31
24-Sep-11,24.8,29.8,18.5,39,51,28,1014.5,1016.9,1013.3,0,4.3,NNE,29,1.7,64.3,85.4,31.2
25-Sep-11,24.8,28.7,19.3,45.6,60,32,1018.2,1020.1,1016.5,0,7.8,N,41.8,1.1,24.2,66,48.7
26-Sep-11,23.9,27.6,20.8,49.1,60,37,1020.2,1021.7,1018.5,0,11.3,N,43.5,1.3,23.8,56.1,47
27-Sep-11,22.4,25.4,20.6,49.9,60,40,1021.1,1022.2,1020.1,0,10.4,NNE,38.6,1.4,24.9,48.1,43.6
28-Sep-11,22.1,25.6,19.4,53.9,61,45,1019.3,1020.5,1018.1,0,12.5,NNE,40.2,1.3,15.3,36.3,53
29-Sep-11,22.6,26.1,18.8,47.9,61,38,1018.2,1018.9,1017,0,7.9,N,41.8,1.5,19.5,42.8,49.3
30-Sep-11,21.8,25.6,18,50.2,61,40,1020.5,1022.9,1018.1,0,8.5,NNE,38.6,1.9,50.9,68,26.5
1-Oct-11,20.9,23.9,18.3,51.6,62,43,1021.3,1022.8,1019,0,9.3,N,43.5,1.3,35.7,48.5,26.9
2-Oct-11,22,25.2,18.4,54.3,66,42,1017.4,1019,1015.9,0,7.5,NNE,38.6,1,24.7,47.9,30.7
3-Oct-11,22.5,26.4,20,50.5,65,30,1020,1021.8,1017.8,0,10.8,NNE,41.8,1.3,26.2,48.5,42.1
4-Oct-11,21.6,25.8,17.6,53.6,71,40,1020.2,1021.6,1018.8,0,4.7,N,32.2,1.6,38.6,65.4,29.8
5-Oct-11,21.4,26.3,16.7,57.9,71,40,1019.8,1020.7,1018.8,0,1.6,NNW,22.5,1.8,60.6,69.3,36.3
6-Oct-11,21.4,27,15.8,50.2,68,28,1019.4,1021.1,1017.5,0,2,S,24.1,1.6,71,70.4,45.5
7-Oct-11,21.9,25.6,17.2,62.5,72,49,1014.3,1017.4,1011.4,0,2,SSW,24.1,1.8,82.5,68.8,33.2
8-Oct-11,22.4,26.8,18.6,70.6,83,46,1008.6,1011.4,1003.8,0.2,7,S,41.8,0.9,29.3,42,37.3
9-Oct-11,20.8,24.3,17.6,70.4,84,54,1003.4,1004.7,1001.4,5,5.1,S,40.2,0.5,11.9,28.2,48
10-Oct-11,14.7,17.9,12.8,76.9,87,68,1004.5,1007.9,1001,25.4,5.2,N,38.6,1,24.6,34.3,23.7
11-Oct-11,15.5,19.1,13.1,65.8,74,55,1012,1014.2,1007.7,0,4.1,N,37,0.9,18.2,32.1,26.9
12-Oct-11,19,23.8,15.2,56.1,73,36,1015.5,1017.1,1013.5,0,1.6,SSE,24.1,1.7,61.3,57.5,24.8
13-Oct-11,20.3,26.2,14.6,64.4,80,42,1016.6,1017.7,1016,0,1.1,S,20.9,2.5,113.7,68.3,25
14-Oct-11,19.3,23.9,16.7,71.6,87,53,1018.4,1020.8,1015.7,0,8.4,NNE,38.6,2.4,63.4,49.3,16.9
15-Oct-11,16.5,18.2,14.5,74.8,82,71,1019.3,1020.5,1018.2,2.4,11.2,NNE,35.4,1.2,31.2,35.6,25.1
16-Oct-11,12.4,14.5,10.2,76.4,84,69,1019,1021,1016.8,5.4,11.5,NNE,38.6,0.8,25.8,31.8,29.6
17-Oct-11,11.3,13.4,9.4,59.8,71,46,1019.8,1021.6,1018.5,0,6,N,33.8,1,29.5,36,25.8
18-Oct-11,12.8,17.9,7.2,56.7,79,34,1023.6,1025.8,1021,0,1.3,S,20.9,1.6,88.3,56.5,20.8
19-Oct-11,14.5,20.1,8.7,65.1,82,39,1025.1,1027.1,1023.2,0,1.1,S,19.3,2.5,83.8,47.5,28.4
20-Oct-11,15.7,21.7,9.7,63.4,84,38,1022.3,1023.6,1021,0,0.6,SSW,12.9,3.2,87.7,59,26.8
21-Oct-11,16.7,22.3,11.6,68.8,86,46,1021.2,1022.2,1020.2,0,0.6,SSW,14.5,3,141.5,76.4,20.5
22-Oct-11,17.7,24.2,11.5,62.5,85,42,1021.2,1022.2,1019.9,0,1,NE,16.1,2.5,129,68.3,20.5
23-Oct-11,16.8,20.2,13.3,62.9,75,52,1020.3,1021.8,1018.9,0,9.3,NNE,33.8,1.1,37.3,49,32.2
24-Oct-11,17.1,20.3,14.7,62.6,70,53,1019.3,1020.8,1018.3,0,6.8,NNE,32.2,1.6,36,49.5,28.7
25-Oct-11,16.9,19.8,14.8,64.9,76,50,1020.1,1021.2,1018.6,0,9.6,NNW,41.8,1.8,36.1,49.6,25.8
26-Oct-11,16.5,19,15.1,59.7,73,46,1021.2,1021.9,1019.9,0,13.7,NNE,45.1,1.4,32.4,43.5,32.2
27-Oct-11,15,17.3,13.4,57.4,64,50,1022.9,1024.6,1021.4,0,13.7,NNE,49.9,1.4,36.6,42,32.9
28-Oct-11,15.3,19.2,13.2,57.6,66,46,1025.7,1026.6,1024.6,0,7.1,N,40.2,0.8,21.6,35.3,38.5
29-Oct-11,15,17.8,13.1,56.7,66,44,1025,1026,1024,0,6.6,NNW,33.8,1.2,34,49,29.1
30-Oct-11,14.7,16.5,12.6,57.2,63,49,1023.9,1024.9,1023,0,7.5,N,32.2,0.9,26,41.1,34.1
31-Oct-11,14.3,18.3,10.9,56.4,67,46,1022.5,1023.8,1021.3,0,4.1,N,29,1.5,38.5,52.3,23.4
1-Nov-11,13.8,18.9,9.4,59.7,72,42,1021.6,1023.1,1020.2,0,1.9,NNW,17.7,1.8,79.3,61.5,25.8
2-Nov-11,13.9,18.9,9.2,61.5,80,42,1021,1022.2,1019.5,0,4.8,NNW,32.2,1.8,55.9,60.6,20.7
3-Nov-11,13.9,17.4,10.9,61,72,47,1020.2,1021.1,1018.9,0,6.7,NNE,35.4,1.7,44.3,62.8,22.9
4-Nov-11,14.2,17.7,11.2,61.8,70,49,1021.9,1022.9,1020.6,0,5.6,NNE,27.4,2,45,59.5,19.7
5-Nov-11,14.3,19.7,9.6,63.5,77,46,1022.9,1023.8,1021.6,0,2.3,N,20.9,1.8,56.8,63.3,16.7
6-Nov-11,15.1,20.6,10.6,65.3,78,45,1024.6,1026.4,1023.3,0,2.3,N,17.7,1.5,50.3,56.5,25
7-Nov-11,15.6,19.7,12.2,65.8,76,53,1027.5,1029,1026.2,0,4.9,NNW,25.7,1.9,62.7,60.5,12.9
8-Nov-11,15.5,20.2,12.2,65.9,78,50,1027.8,1029.3,1026.3,0,3.8,NNW,20.9,1.8,62.1,56.8,11.4
9-Nov-11,15.3,19.2,12.6,73.7,83,62,1022.7,1026.2,1018.2,0,1.1,NNW,16.1,1.8,73.1,59.8,10.5
10-Nov-11,16.5,20.7,13,74.6,86,57,1017.3,1018.5,1016,0,2.4,NW,24.1,2.5,114.1,59,9.1
11-Nov-11,14.4,17.2,11.2,67.8,74,60,1021.8,1026.5,1017.9,0,14.5,NNE,54.7,1.5,36.3,42.5,23.9
12-Nov-11,10.6,12.1,8.8,59.6,73,47,1026.6,1028,1025.3,0.4,15.9,N,53.1,1.1,35.3,37.5,24.6
13-Nov-11,9.2,10.3,7.8,70.2,80,58,1024.4,1026.2,1022.2,0.8,16.1,NNW,62.8,0.7,21.2,29.5,33.8
14-Nov-11,9.7,10.6,8.9,70.5,78,63,1019.2,1022.2,1016.9,0.8,14.4,NNW,57.9,1.3,36.5,39.8,27.5
15-Nov-11,10.3,12.1,8.9,64.5,78,57,1018.4,1020.4,1016.6,0.2,4.1,N,25.7,1.2,29.2,42,21.9
16-Nov-11,10.4,12.8,7.3,58.9,69,48,1021.7,1023.2,1020.5,0,2.1,N,19.3,1.3,37.9,51.4,21.3
17-Nov-11,9.9,12.3,5.9,65.4,76,57,1024.6,1026,1023.1,0,5.6,NNW,33.8,1.7,52.1,54.8,17.1
18-Nov-11,10.3,12.7,7.6,60.9,72,47,1024.6,1025.5,1023.7,0,3.3,NNW,29,2,58.8,60.3,14
19-Nov-11,10.7,15.7,5.6,64.7,80,45,1023.8,1025.2,1022.4,0,0.8,N,12.9,2.4,112.7,73.3,14.7
20-Nov-11,10.7,15.7,6,67.6,81,49,1023.8,1024.9,1022.5,0,1.4,NNW,19.3,2.5,116,71.4,11.6
21-Nov-11,10.8,17.2,6.1,66.8,84,47,1024.6,1025.6,1023.6,0,1.4,NNE,12.9,2.5,115,74,11.6
22-Nov-11,11.4,15.2,7.2,68.6,78,54,1024.9,1025.9,1023.6,0,0.9,NNW,12.9,2.8,145.9,80.5,10.7
23-Nov-11,13.1,16.3,10.7,68.8,77,57,1025.9,1027.3,1024.8,0,4.5,NNW,22.5,2.2,64.3,66,12.5
24-Nov-11,12.4,14.9,10.8,62.2,73,50,1027.8,1029,1026.8,0,9.5,NNE,33.8,1.6,45.4,53.6,21.5
25-Nov-11,11.1,13.1,9.3,60.6,66,51,1028.2,1029.3,1027,0,10.9,NNE,37,1.5,39.5,46.3,25.3
26-Nov-11,10.2,12.4,7.4,66.3,77,55,1026.1,1027.4,1025,0,2.3,NNW,17.7,1.5,54.8,54.6,13
27-Nov-11,10.1,14.8,6.4,66.2,80,47,1026.5,1027.9,1025.6,0,1.5,N,22.5,1.7,81.8,56.2,15.8
28-Nov-11,10.3,15.5,5.3,70,81,47,1025.1,1026.1,1023.7,0,1,SSW,11.3,3.4,212.1,84,7.4
29-Nov-11,12.5,16.9,6.9,61.1,84,46,1026.5,1027.7,1025.7,0,4.4,NE,33.8,2.8,127.2,71.7,9.3
30-Nov-11,11.9,17.5,7.8,66.7,82,46,1026,1027,1024.7,0,0.8,N,11.3,2.4,129.1,75.3,9.5
1-Dec-11,11.1,16.7,6.3,68.6,86,44,1026.2,1027.4,1025,0,0.8,N,11.3,4.1,218.3,92.7,9.1
2-Dec-11,11.3,16.6,6.2,72.3,86,53,1025,1026.6,1023.8,0,0.7,N,9.7,4.8,279,96.8,6.6
3-Dec-11,12.4,16.6,7.9,78.7,90,64,1024.7,1026,1024,0,1,N,12.9,3.6,201.7,83,12.5
4-Dec-11,13,17.2,9.2,80.2,91,63,1023.6,1024.9,1022.7,0,1.4,SSW,16.1,3.4,173.8,72.2,15.5
5-Dec-11,15,19.2,9.3,73.9,91,57,1020,1022.7,1017.2,0,2.4,SSW,19.3,2.4,143.3,56.1,17.3
6-Dec-11,17.1,19.5,14.1,65.3,78,53,1015.8,1017.1,1014.5,0,4.6,SSW,32.2,0.7,16.5,34.8,38.2
7-Dec-11,14,18.6,11.3,72.6,86,60,1014.6,1018.4,1012.5,1,1.9,WSW,40.2,1.7,76.5,58,11.8
8-Dec-11,13.1,17.3,8.2,52.3,70,37,1019.6,1024.6,1017,0,4,N,29,1.4,67,56.7,19.6
9-Dec-11,11,14.8,7.1,48.9,71,32,1027.7,1029.4,1024.6,0,2.2,N,22.5,1.9,99.3,61.7,19.5
10-Dec-11,11.6,15.9,6.3,70.7,83,59,1026.1,1027.4,1025,0,1.3,NNE,14.5,3.3,206.2,77.5,10.2
11-Dec-11,13.9,18.3,9.6,77.3,89,63,1025.4,1026.6,1024.5,0,1.3,NNE,14.5,3.3,179.1,73.4,10.5
12-Dec-11,14.6,19.2,11.2,77.2,89,59,1023.8,1025.6,1021.6,0,1,SSW,14.5,3.9,224.9,69.5,6.8
13-Dec-11,14.5,18.7,10.6,78.6,89,55,1020.5,1021.9,1019.3,0,0.8,SSW,12.9,3.3,184.7,68,6.3
14-Dec-11,13.6,17.7,9.7,76.1,90,56,1022.1,1023.3,1020.3,0,0.9,SSW,11.3,2.6,149.8,69.5,6.2
15-Dec-11,13.8,18.4,9,75,90,53,1021.7,1024,1017.1,0,1.9,S,19.3,2.2,107.5,65,10.5
16-Dec-11,14.8,18.7,11.1,62.3,89,39,1014.6,1017.1,1012.4,4.2,4.2,SW,45.1,1.5,75.1,56.8,16.5
17-Dec-11,16.9,19.2,11.7,62.8,70,51,1006.6,1012.6,1003.8,0,7.1,S,37,0.7,20.5,33.2,39.5
18-Dec-11,14.9,16.4,12.6,58.1,81,45,1012.4,1015.1,1007,0.8,2.4,NE,19.3,1.3,35.3,55.1,17.3
19-Dec-11,13.9,16.4,11.4,86.5,92,79,1013,1014.3,1011.4,29,4.5,S,29,0.8,25.3,42.7,22.1
20-Dec-11,11.7,16,9.4,72.3,94,49,1011.5,1014.9,1009,0.2,4.3,WSW,35.4,1,44.5,45.3,21.5
21-Dec-11,11.7,13.9,7.6,68.9,90,50,1013.6,1016.8,1007.6,21.6,3.7,S,29,1.1,30.1,45.5,27.9
22-Dec-11,11.2,14.8,6.4,81.2,89,69,1002.8,1007.4,999.2,32.6,7.8,SSE,51.5,0.9,25.5,38.4,31.9
23-Dec-11,7.6,9.2,6.3,78.5,85,69,1011.6,1017.9,1004.7,8.2,8.7,N,35.4,1.2,34,36.8,19.6
24-Dec-11,8.4,11,7.3,69.5,75,59,1019.3,1021.4,1018,0,6.8,N,32.2,1.4,40,44,16.3
25-Dec-11,7.7,9.4,6.7,65.9,79,52,1025.6,1029.1,1021.4,0,11.1,NNE,35.4,0.8,22,32,32.7
26-Dec-11,8,10.1,7.1,58.6,64,50,1031.6,1034.5,1028.9,0,12.8,NNE,45.1,0.8,22.3,33,36.7
27-Dec-11,8.3,11.7,4.6,65.9,85,51,1034.4,1035.6,1033.1,0,4.4,W,29,1.5,46.3,46.8,16.2
28-Dec-11,8.1,12.6,4.2,71.3,86,56,1030.9,1033.2,1028.1,0,1.8,N,27.4,2.2,103.5,59,5.6
29-Dec-11,8.7,12.6,4.6,69.3,82,53,1023.1,1028.1,1018.4,0,1.1,NNW,9.7,2.6,144.7,67.2,9.4
30-Dec-11,11.3,13.2,9.2,73.5,90,62,1013.1,1018.3,1007.4,3,0.7,N,11.3,2.8,125,70.9,5.3
31-Dec-11,10.5,14.9,8.4,77.1,94,62,1007.4,1012.5,1004.8,0.2,2.9,N,32.2,2.3,113,54.5,9.5
1-Jan-12,9.4,12.7,7.7,60.6,67,49,1020.2,1026.1,1012.7,0,4.1,NNE,24.1,0.9,22.7,38,22
2-Jan-12,8.4,13.1,4.4,63.5,82,43,1026.1,1027.6,1024.8,0,1,N,12.9,2.1,119.2,59.1,16.2
3-Jan-12,8.7,14,4.2,69.9,89,47,1025.7,1026.9,1024.8,0,0.6,NW,11.3,4.1,252.5,74.5,8
4-Jan-12,10.2,13.9,5.8,77.6,92,64,1021.9,1026,1018.1,0,1.5,NNW,14.5,2.9,149.7,66.9,10.8
5-Jan-12,10.5,14.4,6.2,80.8,91,66,1013.2,1018.1,1004.9,0,1.5,SSW,16.1,2.8,158.8,68.2,9.7
6-Jan-12,13.4,15.4,9.8,75.1,85,62,992.3,1004.7,985,4,12.5,S,53.1,0.5,15.7,18.5,45.4
7-Jan-12,9.7,11.3,7.8,64.5,77,59,1001.1,1007.5,992.2,0,4.4,N,27.4,0.9,24.7,33.6,21
8-Jan-12,8,10.3,6,62.7,79,51,1010.4,1013.1,1007.4,1.4,3.1,N,20.9,0.9,22.5,35.5,14.4
9-Jan-12,8,12.3,3.3,56.5,71,38,1014.9,1017.4,1012.4,0,2.4,N,20.9,1.8,98.7,58.4,8.8
10-Jan-12,6.7,8.4,4.7,70.5,81,59,1018.8,1020.7,1017,0.6,6,N,32.2,1.4,40.8,45.5,14.2
11-Jan-12,5.3,6.4,4.2,81.7,88,74,1022.8,1024.6,1020.7,11.8,4.6,N,29,1.2,40,46.5,13.9
12-Jan-12,6.9,9.3,4.2,66.8,81,51,1025.9,1027.2,1024.6,0,4.2,N,35.4,1.3,37.9,45.9,16.7
13-Jan-12,8.3,12.1,2.6,68.6,83,58,1019.6,1024.4,1016.5,0,2.7,NE,20.9,2.1,120.5,64.4,11.2
14-Jan-12,9.7,16.1,5.8,72.5,87,53,1014.6,1016.8,1012.3,4.4,3.3,NE,22.5,2.5,136.6,62.7,11.3
15-Jan-12,6.2,8,4.9,67.3,83,53,1014.9,1016.4,1013.2,1.4,1.6,W,17.7,1,30.5,45.4,16.8
16-Jan-12,4.5,6.8,2.7,47,63,36,1019.3,1022.9,1016.5,0,5.9,N,27.4,1.1,25.5,40.7,24.5
17-Jan-12,4.4,8,0.3,52.2,68,37,1024.9,1026.8,1023,0,2.8,N,16.1,1.6,53.7,51.7,13.6
18-Jan-12,5.3,8.6,2.2,54,68,41,1029.2,1032.3,1026.5,0,3.2,N,24.1,1.8,75.6,60.2,9.2
19-Jan-12,6,10.6,2.1,56.9,77,30,1030.5,1033.7,1026.2,0,1.2,NE,14.5,2.3,134.8,65.7,10.8
20-Jan-12,11,15.5,4.6,65.5,83,51,1019.8,1026.1,1014.6,0,4.2,WSW,32.2,1.3,45.7,53.6,22.8
21-Jan-12,11.3,14.8,6.8,62,81,41,1011.6,1015.2,1009.4,0,3.8,N,40.2,1.2,39.8,53.1,21.4
22-Jan-12,9.2,14.2,4.5,51.9,78,33,1016.2,1017.7,1014.7,0,3.4,SSW,33.8,1.4,66.7,49.8,29.2
23-Jan-12,10.9,15.5,5.6,72,85,53,1017.2,1018.5,1015.9,0,1,NNE,12.9,3.3,195.2,77.3,7.8
24-Jan-12,11.9,14.2,9.5,85.7,92,75,1011.3,1016.2,1004.8,7.8,0.6,W,11.3,2.6,152,70.4,2.8
25-Jan-12,10.7,15.4,7.2,76.2,93,56,1002.5,1004.8,1000.6,3,2.5,WSW,29,1.3,58.4,52.9,14.5
26-Jan-12,6.9,11.3,4.6,69.4,82,47,1007.2,1015.1,1002.3,3.8,2.3,WSW,27.4,1.4,63.6,52.4,11.1
27-Jan-12,7.1,9.7,3.5,64.7,81,53,1021.9,1027.2,1015.4,0,5.5,NE,32.2,1.7,55.1,52.7,12.8
28-Jan-12,6.5,6.9,5.7,73.1,84,64,1026.9,1028.9,1024.6,0,8.9,N,35.4,1.4,38,49.2,21
29-Jan-12,6.7,8.3,5.6,63.3,73,55,1022.3,1024.5,1021,0,12.6,N,40.2,1,27.8,41,31
30-Jan-12,3.6,5.7,1.3,63.7,71,59,1021,1021.8,1019.9,0,16.8,N,51.5,1.1,28.2,39.7,37.8
31-Jan-12,2,3.4,0.3,65.8,77,57,1021.2,1023.3,1020,0,15.4,N,46.7,1.1,30.5,42.5,38.2
1-Feb-12,3.2,5.1,1.5,65.3,78,55,1023.2,1025.2,1020.1,0,10.5,N,35.4,1.3,36.5,48.2,28.5
2-Feb-12,6.7,10.1,3.8,80.4,88,65,1018.7,1021.6,1016.6,2.4,4.7,N,19.3,2.1,75.2,62.4,8
3-Feb-12,11.8,15.3,8.1,77.1,83,68,1021.6,1022.8,1020.4,0.4,2.7,SSE,37,2.3,89.8,67.7,6.5
4-Feb-12,14,16.7,9.3,77.5,89,67,1021.1,1022.7,1019.8,0,6.9,S,33.8,1.2,34.2,48.6,32.2
5-Feb-12,14.8,16.5,13.7,77.2,87,60,1017.9,1020.2,1015.1,0,8.8,SSE,35.4,0.8,16,37.6,50.3
6-Feb-12,13.3,15.6,9.3,75.7,89,62,1002.7,1015.1,990.8,46.8,9.6,NE,61.2,1,19.2,44.2,43.8
7-Feb-12,10.4,12.8,7.1,79.5,88,69,997.2,1007,991.6,4.8,7.9,SSE,46.7,1,18.8,37.8,40.1
8-Feb-12,5.6,7.2,4.4,70.2,76,63,1015.4,1018.9,1007.3,0,10.6,NNE,46.7,1.2,34.3,39.5,28.5
9-Feb-12,4.3,5.4,3.2,74.9,81,69,1019.6,1020.8,1018.4,0,10.9,N,33.8,1.4,34.2,45,27.8
10-Feb-12,6.5,7.8,4.6,70.6,76,64,1023.6,1025.3,1020.4,0,9.2,NNE,27.4,1.6,28.9,43.5,29.7
11-Feb-12,10.4,13.8,7.6,74.3,92,64,1022.8,1024.5,1021.2,17,3,NNE,22.5,1.3,25.7,50.6,29.8
12-Feb-12,10.6,12.8,8.9,84.8,91,73,1018,1021.1,1015.5,21,2.6,N,17.7,2.2,35.1,62.5,20.3
13-Feb-12,11.2,15.4,8.5,75.8,93,55,1012.8,1015.5,1010.7,0,2,SW,24.1,2.3,74,61.4,15.3
14-Feb-12,9.2,12.1,5.8,74.5,83,59,1010.6,1012.9,1008.2,1.2,2.4,NNE,30.6,1.6,62.2,67.1,18.4
15-Feb-12,8.3,11.3,5.2,65.4,81,52,1010.1,1012,1008.2,0.8,4.4,W,35.4,1.2,52.4,54.9,37.8
16-Feb-12,7.8,10.3,6,67.1,81,47,1006.8,1010.7,1004.5,1.6,4.1,N,37,1.2,25.2,55,36.2
17-Feb-12,5.6,7.9,3.8,49.4,60,43,1015.9,1020.1,1010.4,0,6.5,N,48.3,1.3,23.6,45.5,40
18-Feb-12,8.2,13.2,1.9,45.3,62,33,1021,1023.5,1019.7,0,2.7,N,25.7,1.5,50.8,66.7,22.3
19-Feb-12,9.8,13.2,4.2,61.5,81,45,1026.2,1028.7,1023.5,0,3.1,SSW,22.5,1.4,55.1,57,30
20-Feb-12,10.1,12.8,6.1,78.8,88,69,1029.2,1030.4,1028.4,0,1.1,NNE,19.3,2.7,147.4,78,10
21-Feb-12,11.4,14.6,6.7,67.8,90,50,1028.7,1030.5,1026,0,5.5,NE,22.5,2,72.4,68.4,24.8
22-Feb-12,11,11.7,10.4,76,84,68,1024.4,1026.2,1023,7.8,7.2,NNE,25.7,1.6,42.3,61.8,23
23-Feb-12,11.5,14.1,8.5,67.5,75,58,1020.5,1023.2,1019,0.6,4.7,NE,25.7,1.7,43.8,64.8,21.3
24-Feb-12,11.8,17.1,5.5,63.8,85,42,1018.2,1019.3,1016.4,0,2.3,SSW,19.3,2.1,96.5,74.8,14.2
25-Feb-12,13.4,17.6,9,63.5,80,49,1015.7,1018.3,1012.7,0,2.5,SSW,20.9,2.2,111,72.8,18.1
26-Feb-12,13.4,18,8.8,75.1,84,55,1008,1012.7,1003.1,0,1.1,W,19.3,2.3,106.3,66.3,13.9
27-Feb-12,9.1,12.9,6,76.8,82,74,1004.2,1007.6,1001.9,2.4,13.1,NNE,66,0.8,20.1,35.4,38.8
28-Feb-12,4.7,7.9,1.8,63.4,87,42,1013.5,1016.3,1007.7,3,11.7,N,64.4,0.9,18.9,36.5,45.4
29-Feb-12,6.5,11.7,1.9,56.5,83,42,1009.5,1014.5,1003.9,3.8,5.5,N,48.3,1.1,26.8,49.9,30.8
1-Mar-12,5.3,7.3,4.1,69.9,82,57,1019.9,1025.4,1013.8,0.2,9,N,43.5,1.4,37.4,53.2,28.3
2-Mar-12,8.5,13.2,2.2,66.4,86,45,1022.5,1025.3,1019.8,0,2.3,SSW,19.3,1.5,62.3,68,21.2
3-Mar-12,13.2,18.2,6.1,64.4,89,35,1017.7,1019.7,1015.2,0,3.5,SSW,25.7,1.7,69.4,63.3,23.5
4-Mar-12,12.1,14.9,8.6,60.1,82,47,1020.5,1021.9,1019,0,5.2,S,24.1,0.9,22.5,45.8,41.7
5-Mar-12,11.4,15.2,8.8,81.6,88,69,1015.3,1019.2,1012.4,12.4,2.2,S,27.4,2,89.4,72.8,10.6
6-Mar-12,11.7,15.1,8.9,69.4,88,51,1019.2,1022.4,1014.7,0.2,6.1,N,30.6,1.7,44.9,68,15.9
7-Mar-12,12.6,16,10.1,67.8,76,55,1023.5,1024.8,1022.2,0,3,NNW,19.3,1.4,42,61.8,26.4
8-Mar-12,13.8,16.7,11.1,71.8,82,60,1022.3,1023.8,1020.5,0,3.2,S,24.1,1.4,42.6,61.5,31
9-Mar-12,13.7,19,11,74.3,84,55,1026.5,1029.9,1023.5,0,8.1,NE,40.2,2.3,94.9,63,21.2
10-Mar-12,10.5,12.2,9.2,61.5,77,47,1025.2,1028.6,1019.5,0,15.7,NNE,51.5,1.1,25.1,41.4,47
11-Mar-12,8.6,10,6.8,67.4,81,51,1012,1020.7,1005.3,3,8.4,NNE,48.3,0.9,19,39.3,48.3
12-Mar-12,7.5,9.3,6.4,73.7,80,65,1007.8,1011.8,1003.9,0.4,9.6,N,43.5,1.1,21.4,41.9,45
13-Mar-12,7.8,8.7,6.2,65.4,80,52,1014.8,1018.1,1010.9,0,11.8,N,53.1,1.1,22.6,40.9,47
14-Mar-12,10.3,14.3,7,56.1,73,38,1020.7,1023,1017.8,0,3.8,N,29,1.6,54.2,58,31.3
15-Mar-12,11.7,16.7,4.8,55.5,80,40,1023.1,1025.7,1021.4,0,2.9,N,27.4,2.4,117,65,18.5
16-Mar-12,10.6,13.1,7.8,64.5,77,46,1030.3,1032.4,1025.6,0,4.9,N,25.7,1.5,37.6,56,26.3
17-Mar-12,12.1,16.5,6.7,73.4,85,59,1030.6,1032,1029.4,0,2.1,SSW,17.7,1.8,86.6,60.1,31.4
18-Mar-12,13.6,18.1,8.7,76.5,90,57,1029.1,1030.3,1028,0,2.2,SSW,19.3,1.6,66.5,50.5,35.2
19-Mar-12,14.1,18.7,9.7,77.6,91,59,1028.4,1029.2,1027.4,0,2,SSW,17.7,1.2,53.3,55.5,30.8
20-Mar-12,14.9,19.9,9.2,74.2,88,53,1029.7,1030.9,1028.2,0,1.8,SSW,17.7,1.8,74,65.5,25.9
21-Mar-12,17.4,23.2,11.2,53.3,78,31,1029.4,1031.4,1027.7,0,2.5,SSW,19.3,2.2,97.2,84.7,27.9
22-Mar-12,17.9,22.8,11.6,43.6,74,30,1027.9,1028.9,1026.8,0,5.5,NE,29,2.3,97.5,82.2,25.8
23-Mar-12,17.5,21,13.3,40.7,55,33,1026,1028.3,1023.6,0,7.2,N,33.8,1.8,35,68.5,41
24-Mar-12,16.3,21.4,10.4,53.5,73,34,1021.5,1023.4,1020.2,0,2.4,SSW,19.3,1.5,56.8,70.7,41.5
25-Mar-12,16.1,21.7,11.3,55.7,73,34,1019.1,1020.5,1017.9,0,2,NNW,19.3,1.6,59.9,64.1,39.5
26-Mar-12,17.4,23.4,10.7,47.2,73,27,1017.3,1018.8,1015.6,0,3.1,N,24.1,1.7,60.5,79.4,31.4
27-Mar-12,15.2,18.1,11.2,54.3,73,39,1020.6,1023.5,1017.8,0,7.4,NE,35.4,1.5,39.5,58.1,35.3
28-Mar-12,14.4,18.8,10.4,55.9,80,32,1018.6,1020.9,1016.8,0,5,NNW,32.2,1.5,53.2,59.7,31.5
29-Mar-12,14.8,18,9.5,61.9,72,51,1017.2,1020.8,1012.9,0,4.9,SSW,30.6,1.2,56.7,56.5,44.2
30-Mar-12,18,22.7,13.9,48.4,72,28,1009.6,1012.9,1006.8,0,7,SW,37,0.6,7.7,34.5,80
31-Mar-12,16.4,19.8,12,59.9,86,42,1010.8,1012.9,1009,0,3.5,S,24.1,1,35.5,51.9,51.8
1-Apr-12,16.8,20,12.1,60.4,87,45,1008.1,1010.7,1006.6,0,4.1,SSW,27.4,0.7,14.2,41,65.4
2-Apr-12,14.8,18.6,11.6,60.8,75,49,1016.4,1018.9,1010.7,0,5.4,NNE,37,1.2,22.1,51.4,40.9
3-Apr-12,15.8,19.3,11.1,68.8,84,58,1019,1020.3,1017.4,1.6,3.2,SSW,24.1,0.9,25.5,44.1,51
4-Apr-12,18.2,22.3,14.9,68.7,84,48,1017.7,1019.2,1015.6,0,2.9,SSW,30.6,1.1,34.3,53.4,37.7
5-Apr-12,17.6,20.9,14.1,68,80,56,1013.2,1015.9,1010.3,0.2,2.6,NNW,22.5,1.7,45.9,69.6,19
6-Apr-12,19,24.4,13,62.3,83,40,1009.6,1010.9,1008.2,0,3.2,SSW,27.4,1.4,45.3,60.8,27.3
7-Apr-12,19.5,24,15.4,62,82,43,1006.8,1009.2,1003.2,0,2.7,SSW,22.5,1,22.8,50,40.7
8-Apr-12,18.2,23.1,13.4,55.6,82,40,1001.1,1003.2,998.7,0,6.9,WSW,40.2,0.7,11.2,29.8,63
9-Apr-12,13.1,17.9,9,67.8,85,49,1000.7,1004.3,998.3,9,4.6,WSW,49.9,0.7,8.4,31.3,70
10-Apr-12,10.9,12.6,9.6,65.3,74,57,1010.6,1014.8,1004.4,0,6,N,35.4,1.2,24.3,40.1,43.9
11-Apr-12,13.1,16.9,7.8,62,76,47,1012.7,1014.6,1009.9,0,3.6,SSW,22.5,0.9,23.1,40.8,48.1
12-Apr-12,15.9,18.9,12,65.6,81,52,1009.4,1010.7,1007.8,0,3.4,SSW,27.4,1,25,45.6,46.1
13-Apr-12,16.7,20.4,11.5,76.1,88,59,1006.1,1009.2,1001.8,0,4.2,S,27.4,1,37.6,47,38.3
14-Apr-12,18.1,21.1,15.9,67.9,85,56,999.8,1001.7,997.9,1.8,7.8,S,43.5,0.6,8.2,22.3,70.3
15-Apr-12,17.7,21.8,13.3,54.4,77,35,1005.3,1009.5,1001.3,0,4.8,W,38.6,0.4,3.5,17.1,78.3
16-Apr-12,18.3,22,15.5,55.9,68,41,1010.6,1011.6,1009.1,0,5.3,S,46.7,0.4,5.5,20.4,76.3
17-Apr-12,19.2,22.8,17.1,56.6,68,40,1005.1,1010.3,993.4,0,6.6,NE,30.6,0.9,14.9,39.5,56.4
18-Apr-12,15.4,18,11.6,68.7,89,53,993.8,1004,983.4,24.4,11.1,W,51.5,0.4,7.3,23.6,73.5
19-Apr-12,17.7,21.8,14.4,58.8,78,44,1007.6,1010.1,1004,0,5.5,SSW,29,0.6,8.3,31,76.8
20-Apr-12,17.8,20.4,13.2,63.6,82,53,1007.8,1009.5,1006,0,7.4,S,46.7,0.9,19.8,46.5,55.1
21-Apr-12,18.1,22.1,13.2,50.9,77,34,1011.9,1016,1007.7,0,5.7,W,43.5,0.7,11.5,37.3,64.4
22-Apr-12,17.9,22.2,13.4,50.9,69,29,1016.8,1017.7,1015.8,0,4.1,SSW,27.4,0.7,10.5,36.7,64.4
23-Apr-12,18.6,24,13.3,54.8,76,35,1016,1016.9,1014.9,0,2.8,SSW,24.1,0.9,24.9,50.7,50
24-Apr-12,18.7,22.7,14.8,58.2,81,39,1015.2,1016.8,1013.9,0,1.9,SSW,19.3,1.1,27.3,59.6,37.8
25-Apr-12,19.9,23.9,13.8,55.5,71,40,1013.7,1014.9,1012.3,0,3.8,SSW,37,0.9,26.3,49.9,51.9
26-Apr-12,20.3,25.7,16.2,54.5,71,31,1017,1018.1,1014.5,0,2.8,WSW,20.9,1.1,27.1,63.2,43.8
27-Apr-12,20.7,26.4,14.2,46.2,65,32,1016.6,1017.8,1015.1,0,5.3,NNW,32.2,1.5,60.3,72.5,39.3
28-Apr-12,19.8,23.4,15.9,53.8,64,43,1017.2,1018,1016.4,0,3.6,W,27.4,0.9,14.5,45.6,65
29-Apr-12,22.2,27.8,15.1,47.6,73,31,1015.3,1016.5,1013.4,0,3.1,SW,22.5,1,17.3,51.8,63
30-Apr-12,25.1,28.8,21.1,32,40,27,1013.9,1014.7,1013,0,6.8,NE,35.4,1.4,25.7,65.1,55.6
1-May-12,24.7,30.2,18.4,33,50,19,1013.4,1014.4,1012.5,0,4.8,NNE,32.2,1,22.6,55.3,56.1
2-May-12,25.2,31.1,18.8,34.8,51,17,1011,1013,1008.7,0,3.6,NNE,29,1.2,22,60,46.8
3-May-12,23.6,29.6,18.1,43.7,56,27,1007.4,1008.7,1005.8,0,2.9,NE,22.5,1.3,40.5,68.1,59.8
4-May-12,22.9,27.6,18.2,51.7,62,36,1006.9,1008.5,1005.5,0,2.6,SSW,24.1,1.1,31.2,67.6,52.2
5-May-12,22.9,27.3,18.9,50.1,66,37,1010.3,1012.4,1008.3,0,3.7,SSW,24.1,0.7,12.7,48.3,67.1
6-May-12,23,27.6,17.9,45.9,56,34,1013.3,1015.2,1011.4,0,3.3,S,22.5,0.7,11.4,44.9,75.8
7-May-12,23.7,28.6,18.1,47.6,62,36,1014.8,1015.7,1013.5,0,2.4,SSW,19.3,1.1,32.4,62.4,52
8-May-12,25.4,30.4,19.4,40.6,58,25,1012.9,1013.6,1011.8,0,2.7,SSW,27.4,1,37,60.8,37.2
9-May-12,24.2,27.8,20.4,46.1,56,38,1014.9,1017.2,1012.9,0,7.7,NNE,33.8,1.3,34.6,57.9,41.3
10-May-12,22.7,25.8,20.1,54.6,63,45,1017.7,1019.1,1016.5,0,8.6,N,41.8,1.2,21.5,47.7,51
11-May-12,22.1,24.3,19.7,60.5,68,55,1018.5,1019.4,1017.2,0,6.4,N,35.4,1.3,23.1,47.5,47.6
12-May-12,24.9,29,20.6,47.1,64,33,1014,1017.1,1011.4,0,5.9,N,30.6,1,17.7,50.1,53.5
13-May-12,24.5,29.8,20.4,49.6,74,34,1010.3,1011.5,1008.7,1,3.5,W,24.1,0.7,12.1,45.3,65.5
14-May-12,23.3,27.6,19.5,56.1,74,40,1008.6,1010.7,1004.9,0,4.5,S,29,0.8,17,47.6,62
15-May-12,21,24.6,17.2,49.9,77,38,1006.9,1008.8,1004.4,0,7.8,W,35.4,0.5,6.5,25.6,80.5
16-May-12,20.2,24.9,16.4,50.2,64,35,1009,1009.6,1007.8,0,5.5,W,35.4,0.5,7.7,25,77.9
17-May-12,17.7,22.8,14,60.9,77,44,1004.8,1007.7,1002.8,2.8,4.2,W,29,0.7,9.8,39.8,72
18-May-12,14.8,16.7,12.6,76.1,85,65,1008.5,1011.9,1004.4,11.4,3.6,W,24.1,0.6,11.3,34.1,51
19-May-12,18.9,23.4,16.1,66.5,81,47,1013.7,1015.6,1011.6,0,4.3,NNE,24.1,0.8,13.7,35.5,51.7
20-May-12,20.5,24.6,15.1,67.6,86,49,1014.3,1015.3,1013.4,0,2.8,SSW,20.9,1.1,31,41.9,51.8
21-May-12,20.2,23.3,17.5,68.5,79,54,1013.2,1015,1010.4,0,2,SSW,24.1,1.1,33,55.8,31.3
22-May-12,21.7,26.7,17.2,53.5,74,30,1009,1011.1,1007.2,0,5.1,SSW,32.2,0.8,26.6,45.8,50.7
23-May-12,21.5,25.7,17.9,51.5,67,37,1011.4,1012.2,1010.6,0,5.6,W,37,0.5,7.1,28,74.2
24-May-12,19.9,22.4,17.2,61.3,75,47,1009.2,1010.8,1008.1,0,3.4,W,22.5,0.6,12.3,37.4,61.1
25-May-12,20.5,24.7,16.6,63.2,77,49,1012.3,1014.6,1009.9,0,3.3,S,24.1,0.7,16.2,41.3,49.2
26-May-12,21.6,25.3,17.4,61.6,76,46,1014.8,1015.6,1013.9,0,3.8,SSW,27.4,1,34,47.2,49.4
27-May-12,21,25.2,17.9,71.2,79,55,1013.2,1014.8,1011.3,0.6,2.9,SSW,24.1,0.8,18.3,39.3,52.1
28-May-12,21.7,26.3,16.9,58.5,84,35,1010.9,1012.1,1009.8,0,4.5,S,27.4,0.6,8.3,36.1,68.1
29-May-12,21,24.9,17.9,55.6,72,36,1011.5,1012.8,1010.8,0,3.1,W,30.6,0.6,8.3,41.1,66.6
30-May-12,19.9,25.5,15.8,63.9,82,42,1014.4,1016.4,1012.1,6,3.2,N,35.4,0.9,19,50.9,52.5
31-May-12,21.2,25.8,15.8,62,83,46,1017,1017.9,1015.6,0,2.9,SSW,22.5,0.9,30.5,47.2,57.3
1-Jun-12,22.4,26.6,17.2,59.4,76,46,1016.4,1017,1015.4,0,3,SSW,27.4,1.1,31,57.1,53.8
2-Jun-12,23.4,27.6,18.9,58.1,81,45,1017.6,1018.6,1016,0,2.5,SSW,22.5,0.9,22.9,53.8,53.2
3-Jun-12,24.2,29,19,56.5,70,38,1017.2,1018.7,1015.4,0,2.6,SSW,22.5,0.9,24.9,51,61.8
4-Jun-12,25.1,29.2,19.3,51.3,76,34,1012.8,1015.4,1010.1,0,2.9,SSW,24.1,0.9,26,58.3,53
5-Jun-12,25.7,29.5,20.8,44.4,58,28,1008.6,1010.1,1006.6,0,4.4,SSW,25.7,0.7,13.9,46.3,63.4
6-Jun-12,24.2,28.4,20.8,50.4,62,38,1010,1011.8,1008.3,0,4.7,SSW,33.8,0.6,22.1,42.6,66.6
7-Jun-12,25.1,29.8,20.5,53.8,72,30,1012.6,1014,1011.6,0,3.3,SSW,24.1,0.8,21,52.5,63.8
8-Jun-12,26.6,31.3,21.6,46.6,67,32,1014.6,1015.9,1013.2,0,3.4,SSW,17.7,0.9,22.3,62,57.8
9-Jun-12,28.9,33.6,23.9,42.7,50,35,1014.4,1015.9,1012.6,0,6.5,NNE,30.6,1,21.3,56.8,48.8
10-Jun-12,28.3,33,24,49.6,71,31,1010.6,1012.6,1008.5,0,5.6,SSW,33.8,0.6,10.3,40.4,68.8
11-Jun-12,27.1,30.3,22.9,50.3,70,35,1008.5,1009.5,1007.7,0,3.2,SSW,24.1,0.8,26.7,55.2,50
12-Jun-12,28.2,33.6,22.6,49.5,65,32,1008.6,1009.6,1007.5,0,2.8,SSW,20.9,0.8,21.3,54.6,54.1
13-Jun-12,30.5,35.7,23.7,42.6,64,29,1009,1009.7,1008.2,0,2.8,SSW,19.3,1.1,38.6,63.8,44.5
14-Jun-12,30.8,36.7,25.1,39.9,65,22,1009.8,1013.1,1007.8,0,3.6,W,22.5,0.9,20.8,61.8,53.2
15-Jun-12,29.7,33.4,24.3,45.2,65,36,1014.4,1015.6,1012.6,0,9.2,NNE,40.2,1.4,32.8,64.6,36.1
16-Jun-12,29,32.6,26.4,39.4,50,31,1015.3,1016,1014.4,0,15.6,N,53.1,0.8,18.3,42.3,61.3
17-Jun-12,28.6,32.5,25.6,33,41,24,1015,1016,1014,0,10.3,N,41.8,0.5,8,28.3,81.9
18-Jun-12,28.9,33.6,24.8,31.2,41,21,1013.4,1014.6,1011.7,0,5.9,N,41.8,0.8,12.7,44.1,73.4
19-Jun-12,29.4,34.1,24.8,37.7,45,29,1010.9,1011.9,1009.7,0,5.9,N,33.8,0.8,13.7,42.3,67.1
20-Jun-12,29.9,34.3,26.1,39.9,51,27,1009,1009.8,1007.5,0,11.1,N,48.3,1,19.2,46.5,57
21-Jun-12,30.8,35.4,26.2,26.3,41,17,1008,1009.4,1007.1,0,7.8,N,33.8,1.3,28.8,57,48.3
22-Jun-12,31.2,35.2,25.8,32,38,25,1009.7,1011.8,1008.4,0,8.4,N,37,1.2,26.9,60.3,46.3
23-Jun-12,31.7,35.8,26.3,32.6,44,25,1012.8,1014,1011.1,0,8.8,N,43.5,1,25,58,49.3
24-Jun-12,31.6,35.4,28.3,35.5,48,25,1012.2,1013.5,1010.7,0,8.2,N,35.4,0.8,18.9,46.3,61.2
25-Jun-12,30.6,35.4,27.2,46.2,60,30,1010.7,1011.6,1009.3,0,5.1,NE,32.2,0.9,14.2,47.5,58.4
26-Jun-12,29.9,34.4,26.7,47.1,60,35,1010.8,1011.6,1009.9,0,2.7,SSW,20.9,0.8,17.1,55.5,55.6
27-Jun-12,28.6,32.7,25.6,50.3,54,45,1012.4,1014.2,1011,0,8.8,NNE,38.6,1,22.6,53.1,40.8
28-Jun-12,27.5,30.8,24.2,42.7,58,36,1013.8,1015.2,1012.7,0,10.3,N,33.8,1.2,20.8,47.5,55.1
29-Jun-12,28.1,31.7,23.9,38,48,31,1013.3,1013.9,1012.4,0,8.8,NNE,40.2,1.3,23.4,55.9,53
30-Jun-12,28.8,32.3,25.9,37,45,26,1013.9,1014.6,1012.8,0,13.1,N,48.3,1,22.7,51,52.9
1-Jul-12,28,31.2,25.2,37.9,52,28,1013.7,1014.4,1012.9,0,13.5,NNE,48.3,0.6,13.6,37.5,68
2-Jul-12,27.1,29.9,24.5,40.3,51,31,1014.8,1016.1,1013.1,0,15.4,N,51.5,1,17.8,44,63.3
3-Jul-12,27.4,31.2,23.6,39.4,49,30,1014.8,1015.8,1013.7,0,10,NNE,40.2,1.1,20.8,46.5,58.2
4-Jul-12,28.2,33.3,23.1,40.1,60,24,1011.8,1013.5,1010.2,0,5.1,NNW,30.6,1,19.9,57.5,57.2
5-Jul-12,29.5,34.7,22.8,40.6,59,26,1010.4,1011.1,1009.6,0,2.7,SSW,22.5,1,26.3,63,63.4
6-Jul-12,31,35.6,24.5,40.5,54,30,1010.1,1011.3,1009.1,0,3.3,SSW,22.5,1.4,54.2,76.6,47.4
7-Jul-12,30.4,35.1,26.1,48,60,37,1009.8,1010.8,1008.3,0,2.6,SSW,19.3,0.9,21.9,57,60
8-Jul-12,31.7,36.4,25.6,42.8,59,31,1008.9,1009.6,1008.1,0,3.2,N,25.7,0.9,23.7,55.7,56.8
9-Jul-12,32.5,36.4,27.6,39.3,50,34,1009.3,1010.2,1008.7,0,7.2,NNE,37,1.3,28.1,63.7,46.4
10-Jul-12,32.6,37.4,28.6,42.5,58,30,1010.2,1011.1,1009.4,0,3.9,N,22.5,1,19.3,59.6,59.5
11-Jul-12,31.7,36.3,28.1,45.1,58,34,1011.5,1012.1,1010.6,0,3.8,SSW,22.5,0.9,14.6,56.9,65.5
12-Jul-12,32.3,37.9,26.7,40.7,52,27,1010.7,1012.2,1008.9,0,2.6,SSW,22.5,1.3,50.2,75.7,58.6
13-Jul-12,32.5,36.5,26.9,39.6,48,31,1008.4,1009,1007.4,0,2.1,WSW,20.9,1.2,44.5,76.7,52.8
14-Jul-12,33.3,37.6,27.8,37.4,62,26,1010,1011.4,1008.5,0,4.7,NNW,29,1,29,63.3,50.7
15-Jul-12,34.1,39.1,27.9,31.7,43,22,1010.3,1011.4,1009.1,0,5.1,NNE,33.8,0.8,17.5,55.3,56
16-Jul-12,33.2,39.6,27.9,41.2,50,27,1008.1,1009.3,1006.5,0,2.5,SSW,19.3,1.1,45.5,68.6,60.5
17-Jul-12,30.4,33.6,27.4,49.8,58,38,1011.3,1012.4,1008.4,0,14,NNE,56.3,1.2,22.7,48.3,48.4
18-Jul-12,29.3,32.1,26.4,43,63,33,1012.8,1013.8,1011.8,0,10.9,N,43.5,1,18.4,45.3,53.8
19-Jul-12,29.4,33.1,26.7,36.4,49,28,1012.4,1013.3,1011.6,0,11,N,43.5,1.2,22,50.3,55.6
20-Jul-12,30.7,35.8,25.2,33.2,50,24,1011.1,1012.2,1009.9,0,4.3,N,30.6,1.1,20,53.7,55.5
21-Jul-12,31.7,38.3,24.6,30.4,56,13,1009.2,1010.4,1008,0,2.6,NNW,22.5,0.9,34.8,58.2,44.5
22-Jul-12,30.8,35.4,23.6,36.5,51,21,1007.9,1009,1006.2,0,3.2,N,20.9,0.9,36.1,47.3,52.9
23-Jul-12,31.2,35.3,27.8,42.4,57,29,1009.7,1011.4,1008.4,0,9.2,N,37,1,22.3,50.7,46.8
24-Jul-12,29.8,34.7,27.3,58.6,76,39,1010.9,1011.8,1009.9,0,5.6,SSW,32.2,0.8,11.8,38.5,52.8
25-Jul-12,30.1,34.8,26.9,56.1,71,42,1009.5,1010.9,1008.2,0,3.2,SSW,22.5,0.6,9.8,40.2,33.5
26-Jul-12,30.2,35,26.7,52.8,65,41,1007.6,1008.5,1006.5,0,3.1,SSW,22.5,0.7,12.3,51,42
27-Jul-12,31.7,36.1,26.8,43.8,66,24,1006.4,1007.3,1005,0,4,W,32.2,1.2,28.7,58,30.6
28-Jul-12,32.3,36.4,26.9,36.2,47,28,1007.3,1008.3,1006.4,0,6.8,N,37,1.1,33.9,59.5,38
29-Jul-12,33.7,37.4,28.5,33,43,25,1008.6,1009.5,1007.9,0,7.2,NNE,38.6,0.9,24.7,54.8,49.7
30-Jul-12,33.2,37.5,27.5,35.5,46,27,1007.5,1008.9,1005.9,0,3.4,NNW,25.7,1.1,35.3,68.4,49
31-Jul-12,32.2,36.1,27.8,39.2,46,31,1008.2,1009.3,1006.5,0,9,N,38.6,1.3,29.4,58.7,40.7
1-Aug-12,30,33.2,27.3,37.9,49,27,1010.1,1011.6,1008.4,0,9.6,N,38.6,1.1,17.9,44.9,57.8
2-Aug-12,29.1,33.3,25.4,47.1,59,31,1011.7,1012.4,1010.6,0,3.9,S,30.6,0.9,12.3,46.3,62.3
3-Aug-12,30.2,35.8,24.8,42.8,58,26,1012,1012.8,1010.9,0,3.2,WSW,29,1.2,22.8,64.9,51.8
4-Aug-12,30.2,35.2,25,48.7,62,32,1012,1012.7,1011.1,0,2.3,N,20.9,0.8,25.3,56.6,58.8
5-Aug-12,32.4,37.4,25.1,35.6,57,26,1012.6,1013.7,1011.8,0,5.4,N,32.2,1,29.9,56.6,49.1
6-Aug-12,33.4,38.8,26.6,32.6,44,26,1013.2,1014.3,1011.8,0,4.8,N,27.4,1.4,53.9,73.4,40.7
7-Aug-12,34.4,39.1,28.4,30.2,42,23,1012.1,1012.9,1011.1,0,6.9,NNW,43.5,1.3,38.9,72,44
8-Aug-12,34.9,39.6,28.9,28.1,41,20,1011.7,1012.6,1010.7,0,5.8,NNE,29,1.3,44.8,73,36.3
9-Aug-12,33.5,36.7,30.1,34.9,50,30,1011.9,1013,1010.6,0,8,NNE,33.8,1,21.4,58.5,53.6
10-Aug-12,31.7,35.9,28.6,39.2,52,24,1010.2,1011.5,1008.3,0,8.2,NNE,35.4,1,16.6,48.5,58
11-Aug-12,28.5,33,24.3,51.9,70,39,1008.9,1010.5,1007,0.2,5,W,30.6,0.8,9.3,37.4,64.2
12-Aug-12,27.5,32.2,24.3,56.7,69,38,1010.1,1012.1,1008.2,0,2.7,N,40.2,0.5,4.7,27.1,67.7
13-Aug-12,27.6,30.3,25.1,58.8,72,40,1012.2,1013,1011.3,0,3.4,SSW,22.5,0.6,6.1,31.8,58.5
14-Aug-12,28.6,33.1,24.9,52.6,73,38,1012.3,1013.2,1010.9,0,2.9,SSW,25.7,0.7,10.9,40.6,67
15-Aug-12,28.8,32.6,24.9,54.2,65,44,1011.7,1012.4,1010.9,0,2.5,SW,22.5,0.5,5.1,32.7,68.9
16-Aug-12,29.8,34.5,24.4,50.9,68,33,1011.6,1012.5,1010.6,0,2.5,SSW,24.1,0.8,18.4,51.2,61.7
17-Aug-12,30.2,34.7,25.3,38.3,60,29,1012.5,1014.1,1011,0,5.6,NNW,32.2,0.9,22.4,56.3,56.4
18-Aug-12,28.9,32.2,25.6,39.3,49,34,1014.8,1016.5,1013.5,0,10.1,NNW,38.6,0.7,10.9,41.5,69.3
19-Aug-12,28.1,30.9,26.1,39.5,48,30,1017.5,1018.3,1016.2,0,11.8,N,45.1,0.6,9.1,30.5,68.6
20-Aug-12,27.6,30.4,24.9,39.7,50,30,1017.6,1019.1,1016.2,0,14,N,48.3,0.8,13.7,32.4,61.8
21-Aug-12,29,32.8,25.5,37.2,48,26,1015.1,1016.2,1013.8,0,8.9,NNE,37,1,19.9,42.8,49.1
22-Aug-12,32.1,37.4,24.3,32.1,51,21,1014.4,1015.3,1013.4,0,6.1,NNE,32.2,1.2,36,57.3,30.3
23-Aug-12,33.2,37.6,27.9,30.4,41,24,1013.1,1014.1,1011.7,0,6.4,NNE,32.2,1.2,29.8,61.8,42.8
24-Aug-12,32.8,38,26,28.5,41,21,1011.5,1012.1,1010.8,0,6.9,NNE,32.2,1.5,61.2,67.4,27.9
25-Aug-12,32.7,37.7,26.7,30,46,22,1010.3,1011.6,1009.1,0,5.3,NNE,30.6,1.2,42.8,65.5,34.4
26-Aug-12,30.6,38.4,25.6,44.5,71,19,1007.9,1009.4,1006.4,0,2.7,NNE,24.1,1,38.5,49.3,41.9
27-Aug-12,31.5,39.6,26,41.9,61,18,1006.3,1010,1004.4,0,3.6,S,29,1,26,62.5,50
28-Aug-12,26.8,30.4,24.1,42.7,56,33,1014.6,1017.4,1010.1,0,10.1,N,33.8,1,17.5,41.3,53.6
29-Aug-12,26.9,30.5,23.6,35.7,51,23,1017.1,1018.5,1015.6,0,9,N,35.4,1.2,20.5,49.2,51.2
30-Aug-12,27.3,31.7,23.3,31.7,46,19,1015.2,1016.7,1014,0,8.2,NNE,37,1.3,23,52.6,51.1
31-Aug-12,27.8,32.7,22.9,33.1,46,24,1014.2,1015,1013.2,0,8.2,N,37,1.4,27.6,60.8,44.3
1-Sep-12,27.6,31.7,23.5,37.5,52,26,1015.5,1017.3,1014.2,0,9.5,NNE,40.2,1.1,23.2,50.7,50.3
2-Sep-12,26.7,31,22.2,47.2,64,36,1017.6,1018.5,1016.7,0,6.2,NNE,30.6,0.8,13.7,37.2,51.5
3-Sep-12,27.2,31.9,22.2,43.4,63,29,1015.1,1017.2,1013.4,0,3.8,NNE,25.7,1.1,22,51.4,44.5
4-Sep-12,26.9,33.6,21.7,47.4,64,26,1013.4,1014.8,1012.1,0,2.1,SSW,20.9,0.9,17.1,46.6,61
5-Sep-12,26.9,32.6,23.5,55.9,81,37,1012.9,1013.9,1011.7,0,2.7,SSW,20.9,1.1,30.4,58.7,50
6-Sep-12,26.7,30.3,23.4,66.3,81,54,1011.9,1012.7,1011.1,0,2.6,SSW,20.9,0.9,11.4,40.1,55.9
7-Sep-12,27.8,31.4,24,47.3,66,36,1014.2,1015.5,1011.9,0,8.2,NE,32.2,1.4,27.1,61.2,42.2
8-Sep-12,26.3,29.1,24.2,45.9,58,39,1015,1016.1,1014,0,9.1,NNE,41.8,1.3,24.6,55.4,48.7
9-Sep-12,27.1,31.4,23.2,39.5,62,26,1015,1016.3,1014.1,0,8,N,35.4,1.1,19.2,48,56.8
10-Sep-12,26.1,29.2,23.7,43.1,54,34,1017.4,1018.6,1015.9,0,10.6,N,38.6,1.2,22.6,49.6,48.9
11-Sep-12,25,29,21.7,47.9,62,34,1015.6,1017.3,1014.2,0,6.7,N,35.4,1.2,27.2,46.6,38
12-Sep-12,23.8,27.7,21.3,62,73,45,1012.5,1014.4,1010.5,0,3.3,S,27.4,0.9,11.8,38.2,54.9
13-Sep-12,24.9,28.3,21.6,67.9,77,52,1009.6,1010.5,1008.6,0,3.9,S,32.2,1.1,27.8,46.8,46.3
14-Sep-12,26.2,29.1,23.9,69.2,83,49,1011.7,1013.7,1009.6,0,4.8,S,30.6,0.9,14.9,38,44.5
15-Sep-12,25.2,30.4,21.7,58.3,77,46,1010.6,1011.9,1007.8,0,3.8,W,32.2,1.1,31.5,48.2,32.7
16-Sep-12,22.1,24.4,19.9,71.6,83,60,1009.8,1012,1008.3,8.6,2.4,NNW,20.9,0.9,24.3,48.2,26
17-Sep-12,23.3,29.3,19.2,70.5,83,46,1012.1,1014.6,1009.9,0.2,2.4,NNW,27.4,1.1,31.4,50.4,29.4
18-Sep-12,24.2,29.3,20.3,66.5,82,45,1013.6,1014.5,1012.5,0.2,2.9,N,19.3,1.2,26.7,50.3,31.8
19-Sep-12,24.4,28.4,21.4,67.5,79,49,1013.1,1013.8,1012.2,0,2.6,S,24.1,1.1,18.7,43.4,53.3
20-Sep-12,25.2,29.4,20.9,62.6,83,45,1012.6,1014,1011.8,0,2.5,S,22.5,1.1,30.8,51.9,39.1
21-Sep-12,23.6,27.8,20.2,53.9,68,37,1015.7,1018,1013.7,0,2.7,NNW,22.5,1.1,25.7,48.2,36.7
22-Sep-12,22.3,27.1,19.3,53.5,64,40,1017.7,1018.8,1016.6,0,3.6,S,24.1,1,16.5,41.4,55.2
23-Sep-12,23.3,27.4,17.8,57.5,76,45,1018,1019.7,1017,0,1.7,N,16.1,1.4,46.1,54.9,40.9
24-Sep-12,23.9,29.2,17.9,52.1,65,32,1014.8,1016.9,1012.2,0,1.6,S,16.1,1.8,86.5,69.5,41.6
25-Sep-12,25.2,31.3,19.4,62.9,74,42,1012.4,1013.4,1011.5,0,1.4,SSW,17.7,2,86,74.8,29
26-Sep-12,27.5,35.1,20.6,52.5,78,25,1014.3,1016.1,1013.1,0,1.9,NNW,17.7,2.5,105.6,71,22.3
27-Sep-12,27,32.2,21.8,57,77,38,1016.2,1017.4,1015.1,0,2,NNW,22.5,2,94.1,66,26
28-Sep-12,28,33.6,21.6,44.4,71,32,1016.6,1017.8,1015.1,0,4.1,NE,29,2.5,96.8,85.4,18.8
29-Sep-12,28.4,33.9,22.9,34.8,51,23,1016.7,1017.8,1015.5,0,5.7,NNE,43.5,2,81,80.8,17.5
30-Sep-12,28.5,35.1,22.4,35.7,49,24,1016.8,1017.9,1015.3,0,2.3,N,17.7,1.7,66.5,70.5,26.7
1-Oct-12,26.7,32.9,21,47.2,72,24,1017.7,1019.2,1016.5,0,2.2,NNE,22.5,1.5,65,62.5,38.4
2-Oct-12,25.1,29.4,21.3,61.7,77,44,1016.8,1018.7,1015.2,0,1.6,SW,17.7,1.1,32.7,52.1,42.6
3-Oct-12,25.8,30.4,21.3,59.5,75,40,1014,1015.1,1012.6,0,2.8,S,20.9,1.1,39.7,49.6,28.9
4-Oct-12,24.9,28.4,22.1,57.7,73,41,1013.7,1014.7,1012.4,0,1.5,NNE,19.3,1.4,35.3,59.3,29.3
5-Oct-12,24.6,29,20,56.5,74,40,1016.6,1019,1014.3,0,2.4,NNE,19.3,1.7,55,61.5,34.5
6-Oct-12,24.5,28.9,19.9,47.3,64,35,1018.7,1019.8,1017.7,0,5.6,NNE,30.6,1.6,50.6,67,23.1
7-Oct-12,24,28.3,18.8,50.8,67,35,1015.1,1017.9,1012.4,0,2.8,S,20.9,1.3,50,53.3,45.1
8-Oct-12,24.4,29.6,20.2,57.9,77,30,1011.2,1012.6,1009.9,0,2,SSW,20.9,1,19.8,49.9,42.9
9-Oct-12,22.2,25.4,20.3,62,72,52,1012.2,1013.8,1010.9,0,7.1,N,30.6,0.9,16.8,36.9,37.4
10-Oct-12,21.2,23.8,19.9,66.5,71,56,1010.6,1011.3,1009.8,0.2,5,N,24.1,0,0,0,0
11-Oct-12,22,25.3,19.6,64.4,73,52,1012.5,1015.7,1010.4,0.2,2.5,SSW,19.3,0.9,11,40.3,66.7
12-Oct-12,22.4,25,19.1,73.7,84,61,1016.4,1017.4,1015.3,0,3.1,SSW,22.5,1.3,46.8,50.6,33.8
13-Oct-12,23.5,27.5,21.1,72,85,50,1015.5,1017.1,1014.3,0,2.1,SSW,19.3,1.1,30.3,42.9,28.5
14-Oct-12,23,26.9,19.9,72.6,85,58,1014.3,1016.6,1012.5,0.4,3.8,S,38.6,1.3,47.8,43.4,22.4
15-Oct-12,23.2,26.8,19.2,78.2,86,59,1016.1,1018.3,1014.2,0.2,2.4,SSW,24.1,1,36,36.5,23.9
16-Oct-12,24.4,28.8,21.2,77.9,88,54,1019,1020.4,1017.6,0,1.7,ESE,19.3,1.2,40.5,42,19
17-Oct-12,25.3,29.1,22,70.7,86,54,1019.9,1020.8,1019.1,0,1.2,SSW,16.1,1.4,48,58.5,14
18-Oct-12,24.6,29.4,21.1,55.6,69,39,1020.5,1021.4,1019.2,0,4,NNW,24.1,1.7,47.5,45.5,24.9
19-Oct-12,23.4,28.2,18.2,51.8,71,35,1020.1,1021.4,1018.9,0,3.3,NNE,29,1.6,33,57.9,29.5
20-Oct-12,21.9,26.3,17.2,49.3,62,33,1018.1,1019.7,1016.8,0,5.4,NNW,27.4,1.5,43.3,63.9,26.2
21-Oct-12,20.5,23.5,18.2,54.6,64,41,1016.7,1017.6,1015.8,0,6.2,N,33.8,1,21.2,43.1,37.8
22-Oct-12,18.5,21,16.6,73.7,85,59,1015.9,1016.6,1015.3,2,1.9,W,22.5,0.9,21.7,43,25.6
23-Oct-12,17.9,20.6,16.1,79.1,88,69,1015.8,1016.7,1014.8,4,2.2,NE,24.1,1.3,41.7,50.6,15.5
24-Oct-12,18.1,20.8,16.1,77.9,89,65,1015.8,1016.6,1014.9,2.4,3.3,NNE,27.4,1.5,42.4,50.7,14.6
25-Oct-12,18.6,23.4,14.7,67.7,85,47,1014.2,1015.8,1012.5,0,0.9,ENE,14.5,1.7,55.3,55.9,21.1
26-Oct-12,18.8,23.2,13.9,71.5,86,57,1012.5,1013.6,1011.3,0,1.3,SSW,17.7,2.5,136.1,61.2,19.5
27-Oct-12,20.9,24.4,15.3,76.6,88,61,1010.4,1011.8,1008.8,0,5,S,38.6,2,97.9,47.6,26.1
28-Oct-12,23.7,25.3,22.4,71.9,85,59,1009.8,1011.6,1008.6,0,11.1,SSE,41.8,0.5,9.5,21,50.3
29-Oct-12,22.3,25.6,19.3,68.9,79,49,1007.1,1008.8,1005,2.2,5,WSW,37,0.8,17.5,35.1,33.3
30-Oct-12,19.3,22.6,16.8,51.6,68,40,1011.6,1014.6,1008.3,0,3,WSW,35.4,0.9,22.3,41.3,37.9
31-Oct-12,19.1,23.2,14.1,54.1,72,34,1014.6,1015.8,1013.3,0,1.3,N,14.5,1.4,56,56.4,24
1-Nov-12,21.5,23.9,16.8,73.9,88,67,1010.4,1014.4,1007.7,0,4,S,25.7,1.4,40.9,50.8,23.3
2-Nov-12,22.3,26.9,18.8,65,92,38,1010.5,1013.9,1007.7,0,1.7,WSW,25.7,1.3,54.6,52.2,17.5
3-Nov-12,20.7,25.3,16.3,63.4,76,45,1016.7,1018.5,1013.8,0,1.3,N,14.5,1.8,80.5,58.8,20.3
4-Nov-12,20,23,16.6,70.3,79,60,1017.9,1019.1,1016.6,0,1.1,SSW,14.5,1.7,72.1,48.5,24.1
5-Nov-12,20.1,22.9,16.1,70.8,81,58,1015.4,1017.1,1013.8,0,1.9,SSW,22.5,1.3,48.7,46.3,24.5
6-Nov-12,22.9,27.5,19.6,65,85,46,1013.9,1015.5,1012.6,0,2.7,SSW,27.4,1.1,15.5,31.7,35.1
7-Nov-12,20.6,25.4,16.1,65.8,91,48,1016,1017.6,1014.7,31,2.7,WSW,24.1,1.2,14.3,34.5,29.8
8-Nov-12,14.6,16.3,13,66.8,85,54,1019.3,1020.9,1014.9,5,5.3,N,33.8,1.1,18.7,32.7,29.1
9-Nov-12,15.2,19.7,11.3,61.2,72,46,1017.1,1019.8,1014.9,0,1.5,N,14.5,1.6,52.7,50.6,22.2
10-Nov-12,14.9,18.7,11.3,66,77,52,1020.6,1024.4,1016.7,0,5.4,NNE,29,1.6,54.2,50.7,14.9
11-Nov-12,15.3,18.7,11.2,64,78,50,1025.4,1026.7,1024.3,0,5.8,NNE,32.2,1.2,32.8,42.1,21.3
12-Nov-12,15.3,18.9,10.6,66.2,78,56,1025,1026.5,1023.8,0,3.4,NNE,29,1.8,66.3,55.7,11.6
13-Nov-12,15.7,21.6,11.4,67.2,81,48,1022.5,1024.1,1020.9,0,0.8,NE,11.3,2.2,104.3,63.9,10.5
14-Nov-12,15.1,18.9,10.1,67.7,82,55,1023.1,1024.1,1022,0,9.1,NNE,40.2,1.9,76.3,51.2,16.3
15-Nov-12,15.6,18.2,14,67.7,75,54,1022.1,1023.6,1020.6,0,9.1,NNE,40.2,1.6,42.9,42.1,19.6
16-Nov-12,16.4,18.9,14.6,71.2,77,64,1020.2,1021.2,1019.1,0,3.6,N,20.9,1.7,56,55,9
17-Nov-12,16.5,18,15.6,74.7,78,70,1018.3,1019.2,1017.6,0,9.4,NNE,38.6,1.3,27.7,35.2,25.5
18-Nov-12,16.3,18.9,14.2,70.9,79,60,1018.8,1019.9,1017.7,0,8.6,NNE,32.2,1.1,25.5,36.4,29.7
19-Nov-12,16.2,18.6,13.4,75.4,87,66,1018.2,1019.7,1016.8,4.4,4.4,N,19.3,1.7,45.8,51.1,11.9
20-Nov-12,17.2,20.1,15.5,84.9,92,71,1016.3,1017.4,1015.1,14.2,2.4,S,19.3,1.3,43.4,48.7,19.8
21-Nov-12,15.9,16.6,15.3,88.9,93,80,1017.7,1019.3,1016.5,18,3.3,S,32.2,1.4,51.7,51.7,7.7
22-Nov-12,15.6,17.7,14.7,68.2,81,56,1021.6,1023.5,1019.1,0,11.1,NNE,48.3,1.5,41.7,37.7,18.3
23-Nov-12,15,16.9,13.6,68.5,78,58,1023.4,1024.6,1022.8,0,5.8,N,24.1,1.8,44.2,43,16
24-Nov-12,14.6,18.2,12.8,73.4,83,60,1023.1,1024.7,1022,0,4,NNE,22.5,1.5,46,43.6,12.1
25-Nov-12,14.1,17.3,11.3,68.4,79,56,1023.4,1024.9,1021.9,0,4.1,N,22.5,1.4,41.5,45,17.5
26-Nov-12,14.4,18,11.4,70.5,83,51,1022.3,1023.9,1021.1,0,3.4,NNW,19.3,1.9,57.3,49.9,12.8
27-Nov-12,15,18,11.4,77.3,89,67,1020.2,1021.5,1019,0,1.7,NNW,19.3,2.1,90.4,52.4,12.5
28-Nov-12,17.5,20.1,13.2,81.5,91,72,1017.2,1019.1,1015.1,0,5.7,S,38.6,1.9,87.4,42.6,23.1
29-Nov-12,19.2,21.1,17.7,76.6,89,63,1010.4,1015,1007.4,16,12.7,S,49.9,0.6,10.3,22.7,47.9
30-Nov-12,18.6,20.2,15.6,81.3,89,74,1010.5,1013.4,1008.6,6.6,7.2,S,43.5,0.7,14.7,28.4,41.1
1-Dec-12,16.2,20.2,13.7,82.9,92,67,1013.8,1017,1011.7,16.2,1,SW,14.5,2,84.7,56,11.5
2-Dec-12,16.3,20.5,11.9,78.9,90,63,1011.5,1017.3,1005.6,0.2,3,SW,25.7,2.4,107.1,42.1,17.7
3-Dec-12,14.8,19.7,11.4,61.2,79,45,1006.6,1010.8,1002.8,0,7.3,W,51.5,0.7,25,32.3,44
4-Dec-12,10.7,13.9,7.2,49.1,79,28,1010.9,1012.8,1005.4,0,3.4,W,32.2,1.6,67.1,41.6,27.8
5-Dec-12,12,16.4,7,70.1,82,57,1005.5,1010.6,1002.5,1.4,2.9,SSW,30.6,1.7,95.8,46.5,19.2
6-Dec-12,12.7,15.8,9.7,65.6,80,46,1007.2,1009.1,1005.6,1,2.3,W,30.6,1,31.5,44.9,26.4
7-Dec-12,11,14.3,7.4,63.1,80,43,1013.3,1017.6,1008.8,0,1.9,N,19.3,1.8,70.6,48.3,21.2
8-Dec-12,12.1,15.4,6.7,71.5,88,48,1013.3,1017.3,1005.8,6.2,6.3,S,38.6,2.4,114.5,47.6,19.4
9-Dec-12,13,15.7,8.7,73.8,85,53,1005,1005.9,1003.5,5.8,3,SSW,40.2,0.9,34.5,39.1,29.9
10-Dec-12,9.2,12.3,6.3,68.5,88,47,1008.5,1012.8,1004.4,0.2,2.1,N,22.5,1.8,77.8,49,12.2
11-Dec-12,11.7,17.1,7.1,68.6,84,53,1010.2,1012.9,1006.4,0,2.9,SSW,38.6,1.5,75.5,50.1,18
12-Dec-12,11,15.3,7.4,57.9,73,38,1016.6,1021,1012.5,0,3.6,N,22.5,1.4,55.3,49.4,21.5
13-Dec-12,9.2,12.4,6.7,62.5,77,43,1025.7,1028.8,1021.2,0,3.9,N,17.7,1.5,36.1,45.5,21.5
14-Dec-12,9.8,12.4,8,61,69,50,1028.8,1029.8,1027.9,0,5.5,N,19.3,2,51.2,54.6,13.3
15-Dec-12,11.3,13.2,9.2,68.8,78,59,1027.6,1029.7,1024,0,1.5,NNW,12.9,2.1,79.9,58.6,14.3
16-Dec-12,13.5,17.9,9.2,78.8,89,61,1019,1024,1014.2,0,0.4,WSW,9.7,3.7,172.8,64.1,7.9
17-Dec-12,15.1,19.7,10.5,78,92,58,1011.9,1014.4,1009.5,11,1.8,WSW,19.3,3.1,143.7,52.4,7
18-Dec-12,13,15.9,10.6,79.9,91,63,1005.9,1009.4,1003.7,19.6,3.4,W,19.3,1.2,38.3,44.7,12.4
19-Dec-12,10.9,13.8,8.4,70.6,84,60,1006.9,1009.9,1004.8,0,3.4,N,33.8,1.6,50.3,45.5,11.4
20-Dec-12,8.9,10.4,7.9,64.6,70,59,1013,1016.3,1009.3,0,6.4,N,33.8,1.2,26.2,33.3,22.5
21-Dec-12,9.5,12.4,5.3,66.8,80,50,1015,1016.5,1013.3,0,1.8,WSW,14.5,1.8,65.5,50.9,12.8
22-Dec-12,9.6,10.8,7.9,74.8,83,68,1014.1,1018,1012,0.8,12.6,NNE,45.1,1.3,39.9,38.4,19
23-Dec-12,8.6,10.5,6.7,61.6,71,52,1019.9,1022.5,1017.5,0,8.7,NNE,35.4,1.3,33.2,38.6,23.8
24-Dec-12,8.9,12.9,4.7,67.3,80,54,1024.7,1026.8,1022.1,0,1,N,19.3,2.4,106.9,53.3,13.9
25-Dec-12,10.4,16.7,5.3,73,89,47,1026,1027.2,1024.9,0,0.4,SSW,11.3,4.2,221.4,54.4,11.9
26-Dec-12,11.7,17.4,7,81.3,92,55,1023.6,1025.5,1021.8,0.2,0.6,SW,12.9,3.7,191.5,51.8,9.2
27-Dec-12,13.2,18.7,8.6,80.5,92,60,1021,1022.2,1019.7,0.2,1,SW,16.1,2.3,95.2,60.2,6.7
28-Dec-12,13.3,17.8,9.7,82.2,92,65,1016.8,1019.9,1013.7,0.2,0.9,WNW,14.5,2.8,136.6,55.6,8.5
29-Dec-12,12.1,14.5,9.9,86.4,90,76,1015,1018,1012.5,27.2,3.4,N,25.7,2.3,115.9,56.1,5
30-Dec-12,10.3,11.5,8.9,88.2,93,81,1020.1,1022.4,1017.4,50,2.8,N,24.1,1.2,46.2,43.8,7.8
31-Dec-12,10.8,12.1,9.7,80.5,86,75,1021.7,1022.8,1021,2.6,0.8,W,16.1,1.4,48.2,47.1,9
1-Jan-13,11.3,14.6,8.1,78.3,88,66,1021.2,1022.7,1020.1,0,1,NNW,17.7,2,84.3,42.1,9.8
2-Jan-13,10.9,15.3,6.6,82.7,92,65,1025.4,1028.8,1022.7,0,0.6,SSW,14.5,3,152.8,47.4,8.3
3-Jan-13,11.6,16.2,7.7,78.5,93,65,1030,1031.6,1028.6,0.2,0.6,SSW,16.1,3.7,196.5,57.1,6
4-Jan-13,11.2,16.3,6.9,64,83,38,1023.2,1028.5,1018.9,0,0.6,N,12.9,2.5,135.4,61.6,8.8
5-Jan-13,11.3,15,8.1,57.4,76,40,1014.2,1018.9,1009.2,0,1.2,W,19.3,2.1,98.5,56.7,11.3
6-Jan-13,8.6,11.3,6.3,65.5,76,57,1011.6,1014.7,1007.7,0,6.8,N,48.3,1.2,45.2,34.6,21.1
7-Jan-13,8.2,12.7,4.9,49.2,64,35,1014.8,1018.6,1012.5,0,7,N,43.5,0.9,24.4,37.5,24.5
8-Jan-13,3.1,6.7,1.4,70.6,88,51,1023.2,1024.9,1018.9,2.4,7.4,N,37,1,30.4,37.8,23.6
9-Jan-13,5,8.6,0.9,60.5,74,47,1024.3,1026.1,1023.2,0,0.9,SSW,14.5,1.7,76,41.7,18.7
10-Jan-13,7.6,11.2,2,64.2,79,39,1021.4,1024.1,1017.3,0,1.3,S,17.7,3.9,204.2,51.9,9.6
11-Jan-13,13.2,16.7,8.3,79.3,90,63,1013,1017.2,1011.2,2.2,1.9,SW,29,2.7,129.2,44.3,13.8
12-Jan-13,11.5,15.7,7.5,74.9,92,58,1014.3,1019.5,1011.3,0,1.4,N,19.3,2.6,134.6,43.7,12.7
13-Jan-13,10.4,15.3,5.9,73.1,88,46,1023.2,1025.3,1019.6,0,0.8,N,14.5,2.9,138.6,44,13.1
14-Jan-13,11.9,15.4,7.7,77.5,87,64,1026.1,1027.2,1025.2,0,1.7,SSE,27.4,2.5,110.8,47.6,10.1
15-Jan-13,13.3,16.2,8.6,80.3,90,67,1022.5,1025.9,1017.2,0.8,5.4,S,33.8,1.8,83,40.4,20.5
16-Jan-13,13.6,15.9,10.1,76.3,92,59,1010.9,1016.9,1006.6,37,9.9,S,51.5,0.6,0,0,49.8
17-Jan-13,13.5,15.9,9.3,73.6,82,60,1008,1010.2,1004.9,0.8,6.5,S,43.5,0.9,0,0,35.2
18-Jan-13,12.3,15.3,8.6,74.8,88,59,1001.2,1004.7,999.3,3.8,7.7,S,46.7,0.7,0,0,43.5
19-Jan-13,11.1,14.3,7.2,65.4,82,51,1008,1013.1,1002.4,0.2,3.7,WSW,35.4,1.1,20.3,31.8,30.1
20-Jan-13,14,18.4,8.8,73.1,84,54,1014.4,1015.9,1012.5,0,2.7,SSE,20.9,1.6,58.9,41.2,19.1
21-Jan-13,15.2,18.7,10.9,75.7,90,51,1009.3,1013.6,1006,0.2,5.3,SSE,45.1,1.5,50,38.1,24.6
22-Jan-13,14.4,17.4,10.4,71.1,85,55,1009.1,1011,1006.7,0,2.5,SSW,29,1.1,34.6,32.2,26.3
23-Jan-13,13.7,16.5,11.3,62.1,77,47,1014.6,1016.1,1010.9,0,2.3,W,32.2,1.4,57,38.6,25.5
24-Jan-13,13,17.3,7.9,79.5,90,67,1008.3,1014.7,1003.6,15.2,6.8,S,51.5,1.5,53,35.7,26.7
25-Jan-13,11.6,14.9,7.7,78.7,90,61,1003.2,1005.8,1000.2,14.4,6.5,S,53.1,1.5,52.9,34.8,32.3
26-Jan-13,10.8,14.3,8.7,79.8,88,66,1001.3,1006.9,998.5,11.4,2.1,N,20.9,1.5,31.8,40.8,20.1
27-Jan-13,9.8,12.2,8.4,73.9,80,63,1012.2,1015.7,1007,0,4,N,20.9,1,12.1,21.3,19.9
28-Jan-13,10.5,13,8.4,71.5,82,62,1015.7,1017.7,1014.2,0,2.4,NNW,20.9,1.3,30.2,27.9,22.2
29-Jan-13,8.9,11.3,6,77.2,88,65,1019.7,1021,1017.6,0,3.8,NE,22.5,2,50.4,39.5,11.1
30-Jan-13,11,15.5,5.5,53.6,83,27,1017.9,1020.4,1015.7,0,1.3,NE,16.1,1.6,53.5,48.6,18.8
31-Jan-13,12.1,16.3,6.7,59.5,75,39,1015.4,1018.7,1011.9,0,4.5,N,37,1.6,47.9,38.8,23.6
1-Feb-13,12,14.9,6.9,56.1,80,36,1017.1,1019.6,1013.1,0,3.2,SSW,48.3,1.6,54.8,40.5,26.7
2-Feb-13,14,17.8,8.3,75.1,87,57,1011.2,1013.2,1009.5,0,4.1,SSW,29,1.3,35.5,34,24
3-Feb-13,16.2,18.3,14.9,79.3,89,66,1012,1015.3,1010.1,0,13.8,S,51.5,0.5,4.5,12.3,47.5
4-Feb-13,16,18.9,13.7,78.1,87,58,1016,1017,1014.7,0,1.7,S,25.7,1.4,38.1,32.8,23.2
5-Feb-13,14.6,17.7,10.6,73.5,91,58,1014.8,1017.3,1011.6,0,4.5,NNE,24.1,2,48.6,46.3,11.8
6-Feb-13,13.3,16.6,9.3,75.2,87,62,1008.5,1011.7,1006.4,0,2.1,SSW,19.3,1.5,52.7,38.8,20.6
7-Feb-13,13.9,16,11.4,74.1,84,62,1003.9,1007.2,1001.4,8.8,9.9,S,53.1,0.6,8.5,18.5,52.5
8-Feb-13,11.8,14.5,7.6,66,82,57,1004.8,1009.5,1001.6,0.6,2.8,SW,27.4,0.9,17.5,32.3,37.8
9-Feb-13,11.7,15.4,6.6,65.7,87,47,1012,1013.2,1009.3,0,3.2,SSW,29,1.2,46,35.7,30.3
10-Feb-13,11.7,15.3,8,60.9,78,47,1011.8,1013.3,1010.1,0,1.8,SW,22.5,0.8,15.7,33,37.5
11-Feb-13,10.3,13.8,7.3,59.7,78,42,1014.8,1019.6,1010,0,3.4,W,30.6,1,22.1,34.1,33.9
12-Feb-13,11.7,15.4,5.8,69,78,47,1018.5,1019.9,1017.1,0,4.6,S,30.6,1.7,71.3,41.5,26.2
13-Feb-13,12.4,14.2,8.3,77.2,91,62,1014.6,1017.3,1013.8,42.2,6,S,43.5,0.8,16.2,31.8,40.3
14-Feb-13,10,12.3,8.8,84.3,89,75,1009.6,1013.9,1006.8,11.6,2.5,N,19.3,1.1,26.6,42.4,22.7
15-Feb-13,9.8,12.2,8.1,80.2,87,70,1013.2,1018.8,1007,4.4,3.5,N,32.2,1.5,43,40.4,14
16-Feb-13,11,14.6,8.5,75.9,87,58,1018.4,1019.5,1017.1,9.2,2.9,NNW,24.1,1.6,56.9,36.9,17.1
17-Feb-13,8.4,9.9,5.7,81,88,72,1017.8,1019.9,1015.8,8.6,6.2,NNE,40.2,1.2,28.1,36.1,22.7
18-Feb-13,9.3,12.7,5.8,71,83,53,1019.5,1020.4,1018.5,0,2.9,NNW,19.3,1.7,52.5,46.3,14.9
19-Feb-13,11,14.3,7.9,78.9,90,65,1012.9,1018.5,1009.7,4.2,2,WSW,29,1.5,50.5,43.7,18.3
20-Feb-13,11.2,15.6,7,62.7,80,41,1017.2,1019.4,1012.6,0,2.3,NNW,29,0.6,7,29.3,33
21-Feb-13,11.9,15.1,8.9,73.7,82,60,1014.5,1019,1005.7,0.8,3.3,NNW,33.8,0,0,0,0
22-Feb-13,12,15,10.2,85.3,92,74,1004.9,1009.4,1002.8,97,3.7,NNW,25.7,2,65.5,54.5,5.4
23-Feb-13,13.2,17.8,8.6,79.6,93,57,1014.3,1018.9,1009.5,0,1.1,SSW,17.7,2.8,123.5,41.9,15.7
24-Feb-13,15.4,19.4,9.6,72.4,92,54,1019.5,1020.6,1018.2,0.2,4.2,S,33.8,2.1,87.4,34.8,24.1
25-Feb-13,16.3,20.5,12.3,73.9,90,53,1018.2,1019.9,1016.5,0,6,SSE,30.6,1.3,47,36.8,25.2
26-Feb-13,15.3,19.2,9.7,67.7,89,43,1017.5,1019,1016.1,0,3.1,SSW,22.5,0.8,15.3,31.6,39.9
27-Feb-13,12.6,15.8,9.1,61.6,81,43,1017.6,1020.4,1015.6,0,3.6,W,30.6,0.8,16.1,35.1,39
28-Feb-13,10.2,12.3,8.7,68.8,75,62,1023,1024.6,1020.1,0,8.1,NNE,33.8,1.2,25.3,31.4,29.2
1-Mar-13,10.6,14.4,6.8,63.8,79,47,1020.4,1023.7,1017.5,0,2.1,SSW,20.9,1.4,35.8,40.3,31.3
2-Mar-13,11.7,15,7.1,71.4,84,62,1015.1,1017.6,1012.2,0,3.1,SSW,27.4,1.6,65.6,41.5,29.2
3-Mar-13,11.4,13.6,8.4,70.7,86,54,1012.6,1017,1009.7,5.6,11.8,NNE,56.3,0.8,14.4,27.6,42.7
4-Mar-13,11.4,16.8,5.8,66,84,45,1019.9,1024.2,1017,0,1.6,N,22.5,1.6,61.5,45.1,22.9
5-Mar-13,11,13.9,8.1,61.6,81,51,1029,1031.6,1024.3,0,8.7,N,32.2,1.7,44.6,43.4,28.5
6-Mar-13,11.4,14.4,7.9,57.2,68,42,1026.5,1030.6,1021.7,0,3.3,N,25.7,1.2,30,50.1,30.8
7-Mar-13,12.7,14.8,11.3,78.2,87,68,1017.7,1021.3,1014.2,5.4,1.4,NE,17.7,1.9,53.1,63,11.9
8-Mar-13,13.5,17.1,10.7,82.4,91,63,1013.3,1014.3,1011.8,0.2,1.3,SSW,16.1,2,73.7,53.8,14.7
9-Mar-13,15.9,20.4,11.1,74.3,92,58,1010.1,1011.9,1008.1,0.4,2.4,SSW,19.3,2,72.4,42.1,27.3
10-Mar-13,16.2,19.9,12.9,68.7,87,48,1009.5,1011.3,1007.3,0,1.9,SSW,19.3,1.4,36.5,41,32.8
11-Mar-13,16.6,20.7,12.3,72.4,89,55,1004.8,1007.1,1003.1,0,2.7,SSW,20.9,1.8,64.5,43.4,26.7
12-Mar-13,16.8,21.2,12.8,55.5,72,38,1005.1,1008.3,1003.3,0,3.9,WSW,32.2,0.8,16,35.9,42.1
13-Mar-13,15.7,19.2,10.7,68.7,86,51,1007.8,1008.8,1006.7,0,5.5,S,38.6,1,24.1,35.4,42.4
14-Mar-13,17.2,20.9,14.4,63.1,80,41,999.2,1006.7,993.7,0,11.1,SSW,43.5,1,11.4,25,59.8
15-Mar-13,13.8,16.5,10.5,58.3,65,47,1000.5,1004.4,996.6,0,5.8,SSW,38.6,0.6,6.5,22.7,62.6
16-Mar-13,10.9,14.8,8.3,59.6,75,45,1011.4,1018.6,1004.1,0,3.1,W,30.6,0.9,14.2,35.6,43.9
17-Mar-13,10.1,14.2,7.2,58.8,72,40,1021,1023.9,1018.6,0,2.1,WSW,19.3,1.1,18.5,35.7,44.6
18-Mar-13,11.5,13.8,7.3,70.7,82,56,1019.5,1023.1,1014.9,0.2,4.2,SSW,29,1.2,27.7,35.2,43.5
19-Mar-13,15.1,17.6,12.1,76.1,89,68,1011.9,1014.8,1009.7,0,8,S,37,0.8,8.6,26.1,63
20-Mar-13,16,19.8,10.6,71.4,90,51,1012.6,1014.2,1009.8,0,1.6,SW,24.1,1.9,68.2,55.5,19.2
21-Mar-13,17.5,20.5,13.8,66.3,85,48,1004.7,1009.6,1001.6,0,4.6,S,41.8,1.4,28.6,48.8,29.3
22-Mar-13,14.8,18.6,11.9,47.9,68,34,1005.3,1010,1002.3,0,9.1,W,48.3,0.7,5.8,22.3,67.1
23-Mar-13,13.8,18.8,8.8,42.1,67,20,1014.3,1016.5,1010.1,0,3.5,S,25.7,0.9,14.8,39.9,57.4
24-Mar-13,14.5,18.4,9,69.8,82,52,1016.1,1017.6,1014.6,0,4.6,S,30.6,1.2,31.8,41.8,52.8
25-Mar-13,16.3,19.3,12.2,73,85,57,1008.6,1014.5,1003,0,7.3,S,38.6,0.7,7.8,27.6,58.4
26-Mar-13,16.6,20.2,14.1,62.6,82,49,1002.9,1006.1,1001.4,0.2,5.1,SW,35.4,0.6,5.9,23,62.7
27-Mar-13,16.7,20.5,12.5,63.2,74,52,1008.4,1012.2,1005.9,0,3.3,SW,30.6,0.8,11.4,31.8,48.4
28-Mar-13,15.4,19.4,13.3,74.2,84,58,1016.2,1019.4,1012.1,2.6,1.6,SSW,17.7,1.2,32.2,45.9,28.3
29-Mar-13,15.8,19.6,12,75.9,87,60,1018.2,1019.3,1016.6,0,1.4,WSW,16.1,1.1,27.4,44.3,27.9
30-Mar-13,18.5,22.9,13.7,65.3,84,46,1013.7,1016.6,1011.4,0,2.6,SW,27.4,1.5,47.1,48.6,26.3
31-Mar-13,17.7,21.2,14.3,72.9,88,62,1009.7,1011.7,1008.1,0,3.5,SSW,27.4,0.8,12.9,30,43.3
1-Apr-13,18.2,23.2,12.5,53.1,86,30,1011.3,1013.3,1009.8,0,4,W,40.2,0.7,12.4,35.9,43.8
2-Apr-13,18.8,22.1,13.6,56.6,74,39,1008,1013,1000.4,0,5,S,30.6,1.1,29.3,40.1,40.1
3-Apr-13,17.9,22.1,14.8,58.8,84,37,1002.8,1006.8,999.1,0,5.9,W,38.6,0.6,7.4,25,53.8
4-Apr-13,17.9,22.7,12.2,51.5,73,34,1011.3,1015.3,1006.7,0,4.6,WSW,43.5,0.8,13.2,34.7,51.3
5-Apr-13,17.7,22,13.7,58.3,70,32,1012.7,1015.7,1010,0,6,S,46.7,1.1,26.5,41.2,43.5
6-Apr-13,19.2,22.6,14,59.8,78,45,1009,1010.8,1004.4,0,2,NNW,25.7,1.7,56,56.8,22.1
7-Apr-13,18.6,21.3,16.2,62.5,82,49,997.7,1004.8,994.1,0,7.2,SSW,41.8,0.7,8.6,25.7,64
8-Apr-13,15.2,16.8,13.4,69.5,83,60,1006.5,1013.9,997.2,1,3.1,W,25.7,0.8,9.9,30.2,37.8
9-Apr-13,16.1,19.6,11.2,64.4,84,47,1015.4,1017.4,1013.5,0,3.8,SSW,25.7,0.9,14.3,31.6,52.3
10-Apr-13,16.6,21.2,11.9,63.7,83,45,1015.7,1017.1,1014.3,0,3.4,SSW,25.7,0.9,16.6,39,48.3
11-Apr-13,17.7,22.9,12.1,62,79,39,1015.9,1018.2,1014.5,0,2.4,SW,22.5,1.1,27,46.9,42.5
12-Apr-13,17.9,21.8,13.1,58.9,77,41,1018.5,1019.8,1017,0,2.8,SSW,25.7,1.4,47.4,51.7,35.8
13-Apr-13,19.1,23.6,13.2,57.2,76,43,1019.9,1020.7,1019.2,0,3.1,SSW,24.1,1.2,35.3,46.3,44.8
14-Apr-13,19.5,25.8,15.8,54.6,74,36,1019.5,1020.6,1018.3,0,5.4,NNE,43.5,0.9,17,38.5,43.9
15-Apr-13,15.7,18.6,12.9,56.3,70,42,1018.8,1019.8,1017.5,0.2,10.3,N,48.3,1,15.2,34.4,52.6
16-Apr-13,15.1,18.8,11.8,56.3,77,39,1018.7,1020.3,1017.7,0.8,8.8,N,46.7,1,15,30.9,48.6
17-Apr-13,16.4,19.6,12.6,39.1,62,24,1019.8,1020.6,1018.8,0,9.3,N,41.8,1.2,18.8,41,49.5
18-Apr-13,15.4,18.2,13.1,39.9,58,26,1018.9,1020.4,1016.8,0,11.4,N,41.8,1.2,18.8,39.2,54.4
19-Apr-13,14.5,17.6,11.8,50,69,40,1016.1,1017,1015.3,0.6,5.5,N,33.8,1.2,19.9,40.9,47.3
20-Apr-13,15.6,19,11.2,50.7,67,38,1017.2,1018.8,1015.3,0,5.4,N,30.6,1.2,24.8,41.5,36
21-Apr-13,17.4,22.1,12,50.2,68,33,1016.8,1017.6,1015.2,0,3.5,SW,30.6,1,16.6,39.6,45.7
22-Apr-13,18.4,22.4,13,48.5,70,33,1018.2,1020.3,1016.8,0,3.8,N,22.5,1.4,40,54.9,39.9
23-Apr-13,18.5,22.5,12.7,53.3,68,43,1022.9,1025.4,1020.1,0,3.6,N,24.1,1.6,34.3,56.8,33.8
24-Apr-13,20.2,25.1,14,49.3,69,27,1026.4,1028,1024.7,0,3.2,NNW,22.5,1.3,34.3,59.3,40
25-Apr-13,22.4,27.8,15.6,43.5,60,32,1024.5,1026.7,1022.1,0,3.3,N,24.1,1.5,33.4,63.5,39.3
26-Apr-13,22,28.1,15.2,45.9,64,28,1019.3,1022.1,1016.2,0,2.3,SSW,20.9,1.5,51.7,67.4,43.3
27-Apr-13,22.1,27.2,15.9,42.9,63,29,1015.4,1016.3,1014.2,0,3,SSW,25.7,1.4,49.6,57.5,52.7
28-Apr-13,21.5,26.6,16.1,45.9,76,26,1017.6,1019.5,1015.4,0,2.6,SSW,24.1,1,13,45.5,61.2
29-Apr-13,21.8,27.6,15.4,47.4,65,30,1020.2,1021.2,1018.8,0,2,SSW,17.7,1.3,43.5,64.7,46
30-Apr-13,25,30.7,16.1,38,60,26,1019.6,1020.8,1018,0,5.8,NNE,32.2,1.7,52.1,68.2,29.8
1-May-13,25.9,30.9,18.8,36.8,56,28,1017.1,1019,1015.2,0,6.2,NNE,33.8,1.6,30.3,58.6,34.1
2-May-13,26.1,31.2,19.4,31.7,46,22,1014.6,1015.3,1013.6,0,7.6,NNE,33.8,1.4,25.2,56.9,42.4
3-May-13,24,29.7,18.2,48.2,64,32,1012.8,1013.9,1011.5,0,2.5,W,22.5,0.9,13,47.8,59.7
4-May-13,24,29.2,18.7,55,68,38,1014,1016,1012,0,1.9,W,19.3,0.8,11,48.1,59.3
5-May-13,25,29.8,19.4,50.3,66,35,1017,1019,1015.1,0,2.1,SSW,17.7,0.8,12.3,39.9,66.6
6-May-13,25.9,30.1,22.1,45.4,56,33,1018,1019.6,1016.5,0,10.3,NNE,37,0.6,7.1,26.6,59.7
7-May-13,24.8,28.7,20.9,45.9,74,34,1014.6,1016.5,1012.1,0,6.7,NNE,32.2,0.7,7.2,27.2,63.8
8-May-13,21.2,25,18.7,65.8,75,46,1012.5,1014.1,1010.7,0,4.2,NNE,27.4,0.8,11.5,39.8,41.5
9-May-13,19.9,23.6,17.6,65.3,76,54,1012.5,1014,1011.4,0,8,NNE,37,1,14,34.3,48.8
10-May-13,20,23.2,16.4,64.5,84,51,1012.9,1014.1,1011.8,0.4,4.1,W,29,1,12.2,33.3,46.1
11-May-13,21.5,25.3,16.6,61.3,78,48,1010.5,1012.7,1008,0,3.5,S,32.2,0.7,10.2,34.7,52.8
12-May-13,22.7,26.9,19.7,57.3,73,42,1006.6,1007.9,1005.4,0,3.7,WSW,25.7,0.6,6.8,27.3,61.3
13-May-13,20.2,24.4,17.1,59.3,75,43,1006.1,1007.3,1005.1,1.2,3,W,24.1,0.7,8.1,32.8,49.7
14-May-13,19.2,23.5,16,64.3,82,49,1009.8,1012.4,1006.4,4.2,2.6,N,20.9,0.9,16.2,34.2,37.4
15-May-13,21.1,25.4,15.4,60.9,80,42,1012.5,1013.5,1011.6,0,3.5,SSW,27.4,1.2,38.6,40.8,42.1
16-May-13,21,24.9,16.9,62.9,83,43,1013.2,1014.3,1011.7,0,2.8,SSW,24.1,1.2,33.8,47.3,34.3
17-May-13,22,26.7,17.8,67.8,84,45,1012.9,1015.3,1011.4,0.4,1.7,SW,24.1,1.2,30.7,53.3,27.5
18-May-13,24.3,29.5,18.2,60.6,83,47,1016,1017.1,1014.5,0,1.8,SW,19.3,1.4,44.6,55.1,33.8
19-May-13,26.3,31.8,20.3,52.9,74,36,1014.8,1016.1,1013.6,0,2,SSW,20.9,1.5,47.8,53.5,39.3
20-May-13,0,0,0,55.7,72,43,1013.8,1014.7,1012.6,0,2.2,SSW,22.5,1,25.4,50,29.5
21-May-13,26,31.1,21.4,51.7,66,31,1013.7,1015,1012.3,0,2.3,S,20.9,1.1,23.5,50.8,41.5
22-May-13,25.3,30,20.9,50.1,67,28,1010.2,1012.2,1004.9,0,3.3,SSW,30.6,0.9,19.3,47.1,37.9
23-May-13,25.1,29.2,20.1,49.3,69,33,1005,1008.2,1002.9,0,7.9,W,33.8,0.5,5.3,20.1,65.6
24-May-13,22.8,26.6,19.4,49.1,58,42,1011.5,1014.5,1007.6,0,4.8,W,32.2,0.6,5.1,24.9,70.3
25-May-13,23,27.2,19.2,49.4,57,34,1014.6,1015.7,1013.5,0,4.5,SSW,38.6,0.6,6.9,28.4,64.6
26-May-13,23.8,28.4,17.9,45.4,66,31,1013.8,1014.9,1011.8,0,4.4,SSW,29,0.6,9.3,31.8,59.5
27-May-13,22.3,26.4,18.8,42.3,72,26,1015.4,1016.3,1014.3,0,3.7,SSW,24.1,0.6,6.9,29.7,73.2
28-May-13,21.9,24.7,18,57.2,74,42,1012.8,1015.3,1006.5,0,2.1,SSW,22.5,0.8,12.4,44.6,50.7
29-May-13,25.3,29.2,21.3,51.2,69,34,1004.2,1006.4,1002.5,0,5,NNE,27.4,1,10,39.1,59
30-May-13,25.1,29.7,21.6,49.1,66,32,1007.1,1008.3,1005.7,0,4,SSW,30.6,0.7,7.4,30.9,58.5
31-May-13,23.8,28.3,19.6,42.5,62,30,1007.7,1010.8,1005.7,0,5.3,W,38.6,0.7,7.6,30.2,57.1
1-Jun-13,20.6,23.9,18.2,55.5,76,38,1011,1012.7,1007.5,0.8,3.6,SSW,29,0.6,7.2,27.7,55.9
2-Jun-13,21.6,25.6,17.4,54,76,38,1008.6,1012,1006.2,0.4,4.4,W,45.1,0.5,7,25.1,61.8
3-Jun-13,22.3,26.7,17.6,52.4,67,33,1012.6,1013.3,1011.7,0,3.8,SSW,30.6,0.7,8.4,33.2,62.1
4-Jun-13,23.3,27.1,18.5,53.2,73,38,1012.3,1013.9,1011,0,3.9,W,32.2,0.8,10.4,33.7,60.3
5-Jun-13,23.5,27.2,19.7,51.4,67,31,1014.5,1015.6,1013,0,3.4,SSW,32.2,0.7,10.5,36.5,56
6-Jun-13,23.8,28.6,19.7,56.6,71,40,1016.5,1017.7,1014.9,0,3.3,SSW,25.7,0.8,12.6,40.3,54.6
7-Jun-13,23.8,26.7,21.4,54.2,70,36,1013.7,1016.3,1011.6,0,2.2,SSW,19.3,1,12.2,45.9,51.7
8-Jun-13,24.1,29.2,20.7,58.9,71,42,1011.4,1013.3,1010.3,0.4,5,N,29,1,16.5,48.2,45.6
9-Jun-13,23.9,28.1,19.4,59.4,74,45,1014.3,1015.6,1012.7,0,2.9,SSW,22.5,0.9,20.9,39.8,53.7
10-Jun-13,25.7,29.6,20.9,53.3,68,43,1013.2,1015.2,1010.8,0,3.2,SSW,24.1,0.9,20.9,48.2,55.4
11-Jun-13,26.6,31.1,22.7,48.8,69,33,1007,1010.8,1004,0,4.1,SSW,32.2,0.8,8.8,41.2,61.1
12-Jun-13,22.9,28.3,18.8,59.2,84,42,1007.6,1009.6,1005.5,9,3.8,W,37,0.7,7.1,35.5,66.9
13-Jun-13,21.7,24.9,18.8,65.7,81,53,1010.3,1012,1008.7,1.2,3.4,W,32.2,0.9,8.3,33.3,51.3
14-Jun-13,23.1,27.2,19.4,62.7,76,50,1013.3,1014.7,1011.6,0.2,2.5,W,25.7,1.1,16.3,43,42.1
15-Jun-13,24.8,29.3,19.8,58.9,75,46,1014.3,1015.2,1013.4,0,2.2,SSW,22.5,1.1,24,47.8,52.3
16-Jun-13,26.4,32.3,20.3,61.1,78,42,1015.2,1016.3,1014.3,0,2.3,SSW,19.3,1.1,31.3,45.7,49
17-Jun-13,29.1,33.7,22.2,44.9,67,33,1015.6,1016.5,1014.3,0,4.4,NNE,27.4,1.4,29.6,59.1,32.3
18-Jun-13,29.9,33.3,26.2,42.5,52,33,1015.2,1016.2,1014.2,0,11.3,NNE,46.7,1.1,16.7,44.5,43.8
19-Jun-13,29.7,33.3,26.2,40.3,49,33,1013.4,1014.9,1012,0,13.5,NNE,45.1,1,15.7,39.2,49.3
20-Jun-13,30.2,33.8,27.2,38.6,49,31,1014.1,1015.4,1011.8,0,14.1,NNE,48.3,1,16.5,37.9,53.9
21-Jun-13,28.3,31.6,24.1,42.8,51,37,1014.3,1015.2,1013.1,0,11.1,NNE,43.5,1.2,17.2,39.2,53.3
22-Jun-13,29.4,34.3,22.6,35.3,56,21,1012.6,1013.8,1011.2,0,6.6,NNE,38.6,1,22.2,46.9,44.9
23-Jun-13,29.5,35,23.7,44.2,56,32,1010.6,1012,1009.3,0,3.2,SSW,24.1,0.9,21.3,42,52.2
24-Jun-13,29.7,35,24.4,45,61,32,1009.2,1010.1,1008.3,0,2.8,SSW,25.7,0.9,21.5,48.9,52.7
25-Jun-13,29.6,34.7,24.9,43.4,59,30,1009.1,1010,1008.3,0,3.3,SSW,22.5,0.8,12.5,46,54.4
26-Jun-13,28.9,33.3,24.2,48.8,64,37,1010.7,1012.7,1009.3,0,3.4,SW,24.1,0.9,14.5,51.6,48.6
27-Jun-13,28.4,33.6,25,53.6,68,37,1012.6,1013.8,1011.6,0,2.7,NNW,22.5,0.9,13,41.6,44.5
28-Jun-13,27.3,32.4,24.2,57.8,70,40,1013.2,1014.2,1012.3,0,2.6,WSW,25.7,0.8,11,37.7,45.9
29-Jun-13,26.8,30.4,23.3,48.8,67,38,1010.8,1013.4,1008.5,0,4.3,SSW,25.7,0.7,6.6,34.4,63.8
30-Jun-13,26,31.1,22.5,46.8,58,30,1009.9,1013,1008.5,0,4.6,W,27.4,0.5,4,26,73.6
1-Jul-13,26,31.3,22.4,49.2,71,27,1015.1,1017.4,1012.7,0,3.9,SSW,30.6,0.8,7.5,31.9,65.1
2-Jul-13,26.4,31.7,22.1,52.3,71,32,1016.3,1017.8,1014.9,0,3.2,WSW,22.5,1,15.6,45.1,56.1
3-Jul-13,27,30.7,22.8,43,58,35,1014.4,1015.6,1012.6,0,5.9,NNE,24.1,1.1,15.7,43,54.2
4-Jul-13,27.2,31.1,22.1,41.5,54,34,1013.3,1014.1,1011.5,0,6.3,NNE,32.2,1.3,22.5,48.8,46
5-Jul-13,27.5,30.7,22.3,43.4,50,34,1013.1,1013.7,1011.8,0,6.8,N,33.8,1.4,27.2,54.2,36.8
6-Jul-13,27.8,30.4,24.8,48.3,61,40,1012.1,1012.8,1011.2,0,7.7,N,45.1,1,14.7,40.4,52
7-Jul-13,28.6,31.7,25.5,47.6,58,41,1013.5,1015.8,1011.4,0,11.8,N,38.6,0.7,9.6,32.8,64.8
8-Jul-13,29.7,34.1,26.2,39.9,52,29,1015.5,1016.2,1014.3,0,8,N,32.2,1.1,15.8,43,62.3
9-Jul-13,30,33.4,26.7,42,56,33,1012.8,1015,1010.9,0,8.4,NNE,41.8,1.1,14.2,41.3,61.9
10-Jul-13,29.1,32.6,25.9,44.3,58,35,1009.4,1011.1,1007.6,0,6.1,NNE,29,1,12.3,37.4,61.1
11-Jul-13,29.1,34.2,24.4,45.5,60,33,1009.5,1011.4,1008.4,0,2.9,N,25.7,0.9,11.1,39.7,61.9
12-Jul-13,29.1,33.2,25.2,48.5,63,39,1012,1013.7,1010.8,0,3.1,N,22.5,1,18,52.8,50.2
13-Jul-13,29.3,34,25.6,46,59,35,1013.1,1014,1011.9,0,4.1,N,24.1,1,13.8,46.5,52.9
14-Jul-13,29.3,33.6,25.5,42.7,57,32,1012.9,1014,1011.1,0,5.6,NNE,29,0.8,9.8,36.9,61.5
15-Jul-13,28.5,32.7,25.3,42.8,56,35,1012.7,1013.7,1011.1,0,5.8,NNE,32.2,1.1,12.9,42.3,59.7
16-Jul-13,28.1,31.3,24.3,43.2,57,36,1013.3,1014.8,1011.8,0,6.8,NNE,32.2,1.4,16.8,45,48.8
17-Jul-13,25.8,27.8,24.1,51.7,61,43,1015.4,1016.1,1014.4,0,9.5,N,37,1.2,16,37.5,51.7
18-Jul-13,26.9,29.9,24.3,44,58,33,1016.2,1017.4,1015.2,0,13.2,N,46.7,1.1,15.9,34.5,50.3
19-Jul-13,27.3,30.8,23.8,40.2,49,33,1014.8,1016.3,1012.9,0,10.7,NNE,41.8,1.3,22.6,40.8,47.5
20-Jul-13,28.2,32.8,23.1,38.7,50,29,1011.4,1012.7,1010.1,0,6.1,N,38.6,1,19.2,43.5,45.2
21-Jul-13,29.6,33.7,23.1,39.1,57,30,1011.5,1012.6,1010.3,0,8.2,NNE,33.8,0.8,15.9,39.4,54.3
22-Jul-13,26.7,29.8,24.4,50.3,64,39,1012.4,1013.3,1011.2,0,9.5,N,40.2,1,16.8,34.3,46.2
23-Jul-13,27.3,31.1,23.2,40.1,58,25,1012.1,1012.8,1011.1,0,7.1,N,38.6,1.2,24.6,40.2,39.2
24-Jul-13,29.6,34.4,23.2,32.1,44,24,1013,1014.1,1012.1,0,6.3,N,32.2,2,32.5,53.3,37.2
25-Jul-13,29.5,34.9,23.1,41,55,25,1013.2,1014.7,1011.6,0,2.4,N,25.7,1.4,53.8,56.6,55.2
26-Jul-13,30.5,36.1,23.9,39,50,26,1011.7,1012.7,1010.5,0,2.6,WSW,27.4,1.6,55.5,68.4,44.3
27-Jul-13,30.4,34,25.7,37.4,49,31,1012.4,1014.4,1011,0,7.5,NNE,35.4,1.3,34.8,59.2,46
28-Jul-13,30.2,33.6,27.2,39.1,50,33,1015.7,1016.8,1013.8,0,9.1,NNE,35.4,0.7,10.3,35.3,68.3
29-Jul-13,30.9,34.8,27.1,35.4,46,27,1015.3,1016.8,1013.3,0,8.6,NNE,41.8,1.1,17.5,43.6,59.5
30-Jul-13,31.3,36.8,25.5,41.9,57,30,1010.1,1013.1,1007.8,0,2.6,NNE,20.9,1.2,30.4,59.6,56
31-Jul-13,31.8,35.8,27.3,42.3,50,36,1008.2,1010.3,1006.8,0,9.7,NNE,33.8,1.3,27.9,56.4,43.5
1-Aug-13,29.1,31.6,26.9,48.2,65,39,1012.7,1014.7,1009.8,0,12.3,NNE,41.8,1.2,17.1,39.1,50.2
2-Aug-13,29.1,32,26.3,43.2,54,34,1014.6,1015.3,1014,0,10.5,N,40.2,1.2,20.7,43.6,0
3-Aug-13,29.8,33.2,26,39.4,50,31,1014.1,1014.9,1013.4,0,8.7,N,40.2,0.9,17.4,37.9,0
4-Aug-13,31.1,35.1,25.2,37.8,53,25,1013.9,1014.9,1013,0,9.8,N,40.2,0.8,16,37.2,0
5-Aug-13,28.6,31.6,26.2,38.6,53,27,1014.5,1015.7,1013.4,0,12.5,N,43.5,1,17.5,34.5,0
6-Aug-13,28.6,31.2,26.4,37.8,45,27,1012.8,1013.5,1012.2,0,14.2,N,49.9,1.1,18.8,38.3,0
7-Aug-13,29.1,32.2,26.8,37.8,45,30,1013.2,1014.4,1012.1,0,14.6,NNE,48.3,1,16.2,36,0
8-Aug-13,30,33.7,26.6,36.1,45,26,1014.2,1015.1,1013.4,0,12.4,NNE,41.8,1.1,18.7,39.5,0
9-Aug-13,30.1,34.2,26.7,37.8,50,28,1011.6,1013.8,1009.5,0,8.3,NNE,33.8,1.1,19,46.9,47.7
10-Aug-13,29,34.7,25.7,52.2,74,30,1006.7,1009.4,1004.7,0,2.7,W,24.1,0.7,5.2,30.8,65.4
11-Aug-13,29.3,32.4,26.4,39.6,60,27,1008.6,1011.7,1005.7,0,9.5,NNE,41.8,0.7,8.6,32.8,61.5
12-Aug-13,29.5,33.1,25.7,38.8,53,29,1013.1,1014.1,1011.6,0,8.1,NNE,35.4,0.9,15,40.4,60.9
13-Aug-13,30.2,34.1,25.7,35.7,45,28,1012.4,1013.5,1011.4,0,7.9,NNE,38.6,1.1,15.1,45.6,61.7
14-Aug-13,30.3,34.6,25.3,34.7,49,23,1010.7,1011.4,1010,0,7.1,N,45.1,1,17,49.6,56.8
15-Aug-13,30.1,34.8,24.8,39,52,26,1011.3,1012.4,1010,0,8.2,NNE,43.5,0.8,8.9,33.8,68.9
16-Aug-13,28.9,31.4,25.7,52,62,46,1011.9,1012.8,1011,0,12.9,N,41.8,0.8,9.3,29.1,60.8
17-Aug-13,28.7,32.4,25.7,51.4,64,39,1012.4,1014,1011.1,0,11.7,NNE,43.5,0.6,5.2,20,60
18-Aug-13,29.2,32.8,25.5,38,51,31,1014.5,1016,1013.3,0,8.1,NNE,38.6,0,0,0,0
19-Aug-13,29.4,33.9,23.8,37.9,48,28,1013.4,1014.5,1012.1,0,7,N,38.6,0,0,0,0
20-Aug-13,29.7,34.3,24.5,36.5,51,24,1011.8,1012.5,1010.6,0,7.9,NNE,38.6,1.1,20.9,42.7,61.1
21-Aug-13,28.3,31.5,25.9,44.7,53,35,1012.1,1012.9,1011.4,0,8.8,N,37,0.9,12.4,35.8,65.7
22-Aug-13,27.5,31.2,24.6,48.7,59,38,1011.5,1012.5,1010.5,0,5.4,NNE,38.6,0.9,12.2,34.2,63.6
23-Aug-13,28.1,31.8,24.3,41,56,30,1012.9,1014.7,1011.4,0,6.2,NNE,35.4,0.9,13.5,36.5,61.5
24-Aug-13,27.7,32.2,22.2,41.1,50,29,1013.5,1014.8,1012.1,0,2.5,S,22.5,1,25.5,47.2,65
25-Aug-13,27.8,32.1,23.7,47.7,58,35,1011.8,1012.5,1010.8,0,2,S,22.5,0.9,18.9,46.9,58
26-Aug-13,28.3,33.4,23.4,49.5,65,34,1012.2,1013.1,1010.9,0,2,SSW,20.9,1,30.8,54.8,49.1
27-Aug-13,29.4,34.6,24.1,49.2,66,33,1011.7,1013,1010.6,0,2,SSW,19.3,1.1,31.5,55.3,41.8
28-Aug-13,30.7,36.3,25.2,46.7,64,32,1011.1,1012.4,1010,0,3,SW,27.4,0.9,24.5,45,34.3
29-Aug-13,30,34.8,26.6,50.7,65,31,1012.1,1013.4,1011.1,0,3.1,W,29,0.8,0,0,44.5
30-Aug-13,29.3,34.1,25.2,47.6,61,34,1012.4,1014.5,1011.2,0,2.6,NNE,22.5,1.1,0,0,50.1
31-Aug-13,27.1,30.2,24.8,46.6,58,37,1014.7,1016.6,1013.2,0,8.7,NNE,32.2,1.1,0,0,53.6
1-Sep-13,26.5,29.9,23.3,42.9,66,30,1017.5,1018.9,1016.2,0,7.1,NNE,29,0.8,0,0,62.8
2-Sep-13,26.7,31.2,23.3,42.1,64,28,1018.3,1019.7,1016.7,0,5.2,N,30.6,1.1,0,0,57.2
3-Sep-13,26.6,31.3,22.2,55.1,67,39,1017.5,1019.2,1015.7,0,2.6,SSW,25.7,0.9,0,0,55.4
4-Sep-13,26,30.3,22.3,49.4,63,34,1018.9,1020.5,1016.8,0,8.5,NNE,35.4,1.2,0,0,33.3
5-Sep-13,24.9,28.8,20.9,45.8,59,31,1018,1020.3,1014.2,0,4.1,S,29,0.9,7.2,30.3,53.2
6-Sep-13,25.3,29.4,21.3,57.7,70,48,1013.8,1014.8,1012.9,0,2.5,S,29,1,27.2,47.4,44.5
7-Sep-13,25.2,27.7,22.6,63,75,54,1016.2,1017.5,1014.5,0,1.1,SSW,14.5,1.1,24.6,58.2,23.6
8-Sep-13,25.8,30.6,21.2,47.9,69,35,1018.9,1021,1017.1,0,5.8,NE,32.2,1.4,39.6,47.8,45.5
9-Sep-13,25.5,29.2,22,41.6,54,34,1020.5,1021.8,1019.2,0,7.4,NNE,35.4,1.4,22.9,50,43.4
10-Sep-13,25.5,29.7,21,55.1,73,39,1018.1,1019.6,1016.9,0,1.9,N,20.9,1.3,45.1,53.1,41.8
11-Sep-13,26.8,31.3,22.1,59.2,75,47,1015.9,1017.2,1014.7,0,1.8,SW,20.9,1.4,46.3,60.2,32.3
12-Sep-13,27.7,32.8,22.6,61,76,43,1014.5,1015.5,1013.7,0,1.7,WSW,19.3,1.7,65.8,57.8,25.6
13-Sep-13,27.9,33,23.5,58.2,79,42,1014.3,1015.2,1013.3,0,3.3,S,22.5,1.1,28.3,45.6,26.3
14-Sep-13,25.9,30.7,23,48.9,66,25,1016.2,1017.5,1014.5,0,4,SSW,29,0.7,7.1,30.1,60.8
15-Sep-13,25.3,29.8,20.2,46.1,68,21,1014.6,1016.5,1012.1,0,2.8,W,25.7,0.8,8.6,35.7,61.7
16-Sep-13,24.8,27.7,22.4,59.7,69,42,1008.3,1012,1004.6,0,2.9,WSW,27.4,0.9,10.2,33.9,50.4
17-Sep-13,24.8,28.3,20.2,59.2,76,44,1005.9,1007.3,1004.7,0,4.1,WSW,27.4,0.8,13.5,33.1,45.4
18-Sep-13,26.5,30.8,22.6,49.6,68,33,1004.9,1006,1003.7,0,4.4,WSW,33.8,0.6,7.5,24.2,49
19-Sep-13,25.2,29.7,20.3,56.5,70,40,1006.9,1008.7,1005.5,0,3,NW,25.7,0.8,18.9,36.3,41.3
20-Sep-13,24.6,29.2,20.9,62.4,73,41,1012.1,1015.4,1008.8,0,2.9,SW,24.1,1.1,24.9,41.8,33.9
21-Sep-13,23.4,27.1,21.7,61.5,75,51,1017,1018.4,1015.2,0,6.9,N,24.1,1.2,20.8,40.5,38.6
22-Sep-13,21.7,24.5,19.7,54.2,61,44,1018.5,1019.5,1017.9,0,8.1,NNE,30.6,0.9,15,34.3,48.3
23-Sep-13,21.6,25.4,18.2,50,64,38,1016.3,1018.4,1013.8,0,4.3,N,27.4,1.3,26.5,42,35.9
24-Sep-13,22.4,27.5,17.3,57.6,71,38,1014.4,1015.7,1013.2,0,2.6,SSW,22.5,1.4,46.1,47,42.1
25-Sep-13,23.5,27.8,18.6,65.5,78,45,1016.6,1017.5,1015.3,0,2.1,SSW,20.9,1.3,48.5,49,34
26-Sep-13,23.9,28.4,19.5,65.6,86,43,1015,1017.1,1012.8,0,2.4,SSW,20.9,1.1,34.9,45.7,35.1
27-Sep-13,24.6,29.9,19.8,59.9,77,37,1013.1,1014.3,1012,0,2.1,SSW,19.3,1.2,28,49,38.4
28-Sep-13,23.9,28.3,19.3,64,78,46,1014,1015,1013.1,0,1.9,SSW,19.3,1.2,35,46.8,36.2
29-Sep-13,24.2,28.5,20.6,67.2,84,52,1013.5,1014.8,1012.1,0,1.9,S,24.1,1.3,39.4,44.5,36
30-Sep-13,24.9,28.9,20.2,69.7,82,53,1008.1,1012,1003.5,0,4.9,S,32.2,1.2,34.6,42.8,25.6
1-Oct-13,23,26.9,19.6,70.8,88,50,1002.9,1004.9,1001.2,8.2,3.8,W,49.9,0.8,18.1,31.2,31.8
2-Oct-13,20.4,25.7,15.7,64.6,80,46,1010.3,1016.5,1004.8,3.8,7.8,NNE,37,1.2,24.7,35.5,23
3-Oct-13,16.1,18.1,15,65.6,81,56,1021.7,1025.8,1016.3,1,10.8,NNE,33.8,1.2,28.5,30.8,26.8
4-Oct-13,14.5,16,13.7,61.5,68,55,1027.7,1028.9,1025.7,0,10.7,NNE,32.2,1.4,29,32.2,30.6
5-Oct-13,14.8,17.9,12.8,57.3,64,48,1027.3,1028.8,1025.6,0,9.1,NNE,29,1.2,22.6,32.7,36.4
6-Oct-13,15.6,19.3,12.8,59.9,71,44,1026.8,1028.1,1025.5,0,6.6,N,25.7,0.9,16.4,33.5,44.6
7-Oct-13,17.3,21.2,13.6,57.4,71,41,1027.5,1028.6,1026.4,0,8.2,N,37,1.4,28.2,45.2,36.1
8-Oct-13,19.1,24.7,15.8,57.2,67,40,1026.5,1028.2,1025.1,0,3.1,N,19.3,1.4,29.1,50.9,35.8
9-Oct-13,19.7,24.7,15.5,60.7,78,35,1023.4,1025.5,1021.7,0,1.8,SSW,14.5,1.3,34.7,53.1,35
10-Oct-13,19.2,22.4,16.1,79,86,67,1020.3,1022.1,1018.9,0.6,0.7,S,12.9,1.8,76.8,57.2,10
11-Oct-13,22,27.7,16.3,72.6,88,47,1021.9,1023.4,1020.3,0,1.1,S,16.1,2.3,104,52.2,12.4
12-Oct-13,23.1,29.2,18,76.2,88,51,1022.8,1024.1,1021.6,0,1.3,SSW,12.9,2,86.7,49.5,17
13-Oct-13,23.6,28.6,18.9,64.4,86,45,1021.5,1022.7,1020.2,0,2.7,SSW,20.9,1.6,47.8,46.6,20
14-Oct-13,23,27.2,19.1,56.9,74,41,1021,1021.9,1019.5,0,2.9,N,25.7,1.4,31.8,57.9,29.9
15-Oct-13,21.7,25.9,17.8,72.3,87,57,1018.2,1021.1,1014.7,0,1.4,SSW,19.3,1.6,67.3,53,25.1
16-Oct-13,21.3,23.3,18.6,77.5,87,60,1008.8,1015.1,1000.9,7.4,1.6,S,32.2,1.2,36.3,43.8,12.8
17-Oct-13,19.1,22.9,15.8,57.7,81,36,1004.3,1009.7,1000.4,3.8,4.2,W,37,0.9,15.3,34.8,32.2
18-Oct-13,20.3,25.1,16.2,54.2,70,37,1014.1,1019.5,1009.4,0,2.9,W,24.1,1.3,29.5,39.6,30.8
19-Oct-13,19.9,24.4,16.4,46.9,60,32,1024.6,1029.1,1019.4,0,2.9,N,25.7,1.6,49.2,51.7,23.2
20-Oct-13,18.5,22.9,14.8,55.4,70,39,1029.1,1030.9,1027.4,0,5.7,N,24.1,1.3,32.3,46.2,28.5
21-Oct-13,18,23.3,12.6,61.1,77,39,1025.1,1027.4,1023.3,0,1.1,SSW,16.1,1.4,54.3,57.9,27.4
22-Oct-13,18.4,23.7,13.6,71.1,86,49,1022.4,1023.5,1021,0,0.9,SSW,12.9,2.2,98.2,61.3,27.9
23-Oct-13,20.6,25.9,14.1,57.3,83,45,1022.9,1024.1,1021.9,0,6.2,NNE,37,2.3,88.5,64.7,15.2
24-Oct-13,20.5,24.7,15.5,53.7,68,42,1023.1,1024.1,1022.1,0,3.8,NNE,32.2,1.7,38,52.6,25.2
25-Oct-13,19,24.9,13.3,52.8,68,35,1022,1023.1,1020.5,0,1.7,NNE,17.7,1.8,56,59,24.1
26-Oct-13,18.4,25.3,12.3,44.7,61,30,1022.4,1023.4,1021.2,0,1.6,NNE,17.7,2.2,112,67.5,17
27-Oct-13,18.2,25.1,11.7,52.5,76,29,1020.9,1022,1019.6,0,0.9,N,14.5,2.3,127.9,64.1,24.9
28-Oct-13,18.1,23.9,12.4,70.6,84,46,1019.7,1020.9,1018.7,0,0.8,SSW,12.9,1.6,64.8,49.1,28
29-Oct-13,18.6,24.4,13.1,71.5,87,45,1017.8,1018.9,1016.5,0,0.7,SSW,12.9,1.9,80.4,63.4,18.5
30-Oct-13,19.2,23.9,14.3,69,86,51,1018.3,1019.5,1017.3,0,0.9,WSW,12.9,2.2,95.8,70.8,14.3
31-Oct-13,19.7,25.1,14.3,58,79,46,1020.8,1022.6,1019.2,0,3.3,NNW,25.7,2.6,102.4,68,11.5
1-Nov-13,18.5,23.3,14.2,60.8,78,46,1022.4,1023.6,1021.5,0,1.8,ENE,19.3,1.6,46.6,54,21.2
2-Nov-13,17.5,22,13.2,68.1,79,51,1021.2,1022.7,1019.8,0,0.9,ENE,16.1,1.6,54.3,53.8,25.9
3-Nov-13,18.3,22.6,13.8,77.8,89,63,1019.4,1020.8,1018.1,0,1.3,W,16.1,1.9,73.7,47.3,25.8
4-Nov-13,19.3,23.3,15.2,77.6,90,60,1017,1019.1,1013.8,0,1.8,SE,19.3,1.7,74.9,47.5,19.1
5-Nov-13,20.6,23.4,16.8,74.1,87,55,1010.9,1013.8,1005.8,0,7.3,S,45.1,1.2,41.4,34,31.7
6-Nov-13,17.6,21.4,16,81.9,88,67,1004.6,1007,1002.9,25.4,5.3,N,46.7,1.1,28.3,32.5,32.8
7-Nov-13,17.8,20.9,14.1,63.4,85,41,1015.3,1021.2,1007.2,0,5.8,N,45.1,1.7,49.7,48.6,13.1
8-Nov-13,17.2,22.5,12.2,62.2,82,46,1021.4,1022.7,1020.4,0,1.1,N,12.9,2.3,102.1,64,14
9-Nov-13,17.3,22.7,12,71.6,85,51,1019.4,1021.1,1017.2,0,0.5,NW,9.7,2.5,119.5,60.3,16.9
10-Nov-13,17.6,21.7,13.1,79.1,89,64,1014.9,1017.1,1012,0,0.9,SSW,12.9,2.4,110.6,43.6,24.8
11-Nov-13,18.9,22.3,15.6,84.2,90,74,1013.5,1017,1011.2,36.4,4.3,S,40.2,1.4,51.9,39.1,17.5
12-Nov-13,19.5,22.4,17,80,91,68,1018.6,1019.7,1016.6,0,3.3,E,20.9,1.4,35.3,44.5,18.1
13-Nov-13,18.1,21.5,16.3,73,82,57,1017.6,1019.3,1015,2.2,7.7,N,29,1.5,29.1,43.4,26.6
14-Nov-13,16,18.4,14.5,79.3,92,69,1014.3,1016.8,1012.8,17.8,7.7,N,37,1.5,31.2,38.9,22.6
15-Nov-13,15.7,18.2,14.2,74.6,80,65,1018.1,1021.7,1014,0,6.1,N,37,1.3,32.8,35.1,19.4
16-Nov-13,15,16.9,14.1,72,80,65,1022.6,1023.8,1021.3,0,9.8,NNE,33.8,1.3,34.4,34.1,24.7
17-Nov-13,14.3,17.4,11.6,61.8,74,50,1022.4,1024,1021.2,0,2.7,NNE,25.7,1,16.2,30.3,32.6
18-Nov-13,13.6,17.2,9.8,68,80,54,1022,1022.9,1020.7,0,4.1,N,33.8,1.6,50.9,44.3,13.5
19-Nov-13,15.5,18.9,11.9,68.6,79,54,1020.1,1022,1017.3,0,1.7,N,16.1,1.6,44.3,46.1,17.9
20-Nov-13,18.6,21,16.2,80.3,92,74,1014.5,1017.5,1013,19.2,3.8,SSE,32.2,1.1,23.8,40,30.8
21-Nov-13,17.5,21.4,14,77.5,91,60,1011.1,1013.3,1008.6,8.8,3,WSW,35.4,1.4,50.4,40.8,26
22-Nov-13,16,20.4,13.4,76.2,92,52,1009,1011.1,1007.6,0,1.1,WSW,19.3,2,82.8,46,14.7
23-Nov-13,16.7,20.4,12.3,75.8,88,63,1010,1010.8,1008.7,0,3.4,NW,35.4,2.2,104.9,38.2,24.8
24-Nov-13,16.1,19.3,13.7,80.7,90,68,1008.1,1010.1,1006.5,25,3.3,S,48.3,1.1,37.6,33.7,33
25-Nov-13,15,18.7,11.8,74.2,90,53,1007.8,1008.7,1007.3,0.2,0.7,N,16.1,2,95.6,50.9,10.5
26-Nov-13,14.4,18.5,11.4,79.7,92,58,1008.3,1010.4,1007,1,1,NNE,20.9,2.7,131.4,51.9,9.5
27-Nov-13,13.6,17.5,9.5,61.6,90,38,1018.4,1025.4,1010.5,0,2,W,20.9,1.8,72.5,43,16.5
28-Nov-13,11.2,15.4,7.6,65.6,84,43,1026.4,1028.3,1024.9,0,2,NNE,19.3,2.1,91.9,46.8,8.5
29-Nov-13,11.3,16,6.4,69.9,82,54,1022.6,1024.9,1020.7,0,1.4,SW,14.5,3.5,189.7,54.1,7.5
30-Nov-13,13.1,14.6,10.8,73,80,66,1020.4,1021.9,1018.9,1.6,6.4,N,24.1,1.5,39.5,42.4,18
1-Dec-13,16.6,18.7,13.1,78,84,70,1017.4,1019.4,1014.8,3.4,7.2,NE,40.2,0.8,18,32.8,32
2-Dec-13,15.8,17.6,14.3,84,90,78,1018.1,1020.9,1016.3,27.6,9,NNE,35.4,1.4,40,34.8,15.8
3-Dec-13,10,14.4,7.4,71.7,82,63,1023.2,1024.7,1020.8,1.2,16.5,NNE,70.8,1,23.4,25.9,31
4-Dec-13,8,10.4,6.4,69.7,84,60,1021.3,1023.2,1020.1,1.4,3.4,W,29,0.9,19.6,31.3,27.4
5-Dec-13,9.1,15.7,4.6,63.9,83,35,1020.1,1021,1019,0,0.5,NW,11.3,3.4,169.9,59,9.6
6-Dec-13,10.7,15.8,4.3,67,82,44,1016.2,1020.3,1013.5,0,0.8,NW,14.5,3.4,185,58.1,8.6
7-Dec-13,11,14.9,8.8,65,87,46,1018.4,1026.5,1012.9,0,3.1,N,20.9,2.3,99.7,50.5,9.7
8-Dec-13,8.8,12.4,5.2,48.1,67,31,1029.7,1032.2,1026.6,0,2.1,NE,30.6,1.7,71.9,40.8,25.5
9-Dec-13,10.1,14.8,3.5,58.2,77,29,1029,1032.2,1024,0,1.2,NE,16.1,2.3,125.5,54.8,10.9
10-Dec-13,10.8,16.2,6.8,62.8,85,40,1024.4,1031.4,1021.6,0.6,8.8,NNE,51.5,1.7,74.8,43.9,14.8
11-Dec-13,6.3,8.3,4.7,48.6,57,34,1034,1035.8,1031.6,0,13.4,NNE,56.3,1.2,33.4,32,31.1
12-Dec-13,7.7,11.1,3.1,56.5,71,31,1028.1,1032.9,1025.7,0,4.5,NNE,29,1.6,48.3,43.3,14.7
13-Dec-13,8.8,10.3,6.9,74.9,83,69,1024.3,1025.8,1022.9,0,3.4,N,19.3,2.4,88.9,38.7,8.2
14-Dec-13,9.8,14.8,5.1,72.6,87,48,1028.2,1030.7,1025.4,0,0.6,N,16.1,3.9,207.1,57.3,10.3
15-Dec-13,12.3,16.6,8.3,76.5,85,59,1029.3,1030.5,1028.3,0,1.3,W,19.3,4.3,195,56.5,10.5
16-Dec-13,11.6,13.5,9.7,72.4,84,59,1029.6,1031.5,1028.2,0,10.2,NNE,40.2,1.9,48.8,41,13
17-Dec-13,9.4,10.3,7.7,68.7,75,60,1031,1032.8,1029,0,11.9,NNE,38.6,1.4,36.3,33.7,23.7
18-Dec-13,8.8,10.5,6.9,70.5,75,63,1027.1,1029,1026.1,0,4.2,N,27.4,1.3,34.5,39.1,18.8
19-Dec-13,9.6,12.8,7.2,66.8,77,52,1026.9,1028.2,1025.7,0,2.9,N,20.9,1.7,45.4,43.2,16.8
20-Dec-13,9.4,14.2,5.2,67.2,83,45,1031,1033.8,1028.1,0,0.6,W,9.7,3.1,167.9,61.4,10.1
21-Dec-13,9.6,15.2,4.9,73.2,89,55,1034.6,1035.8,1033.2,0,0.4,W,8,4.1,228.9,63.9,8
22-Dec-13,10.2,16.9,4.1,65.6,83,38,1033,1035,1030.9,0,2.2,N,20.9,3.5,162.4,60,8.1
23-Dec-13,10.1,14.7,4.8,72.1,85,53,1029.1,1030.8,1027.7,0,1.4,N,9.7,2.6,117,60.8,8.9
24-Dec-13,11.4,12.8,8.8,75.8,83,68,1026.8,1028.8,1023.5,0,4.8,N,30.6,2.2,73.8,55.4,5
25-Dec-13,13.6,16.7,11.6,77.9,84,65,1021.3,1023.9,1019.8,0,6.6,N,30.6,1.1,26,34.2,19.8
26-Dec-13,14.5,17.3,10.7,81.5,89,69,1016.6,1019.9,1012.5,0.8,3.6,NNW,37,1.6,59.2,41.1,23
27-Dec-13,13.9,16.2,12.1,85.5,90,78,1011.7,1013,1010.4,30,4.8,S,37,1.1,35.7,39.9,28.7
28-Dec-13,13.3,15.6,11.7,78,85,69,1013.4,1015.7,1011.2,0.8,7.5,NNE,33.8,1.5,40.3,44.7,22.7
29-Dec-13,13,16.9,8.8,67.6,81,51,1018,1020.8,1015.1,0,1.4,N,19.3,1.8,63.8,49.4,16.9
30-Dec-13,12.2,17.7,7.2,70.5,85,50,1021.4,1022.4,1020.1,0,1.1,N,16.1,2.7,133.3,55.9,10.2
31-Dec-13,10.4,11.4,9.3,71.7,76,68,1023.3,1024.6,1022.1,0,7.3,NNE,30.6,1.5,36.3,35.3,19.5
1-Jan-14,9.8,10.6,9.3,78.8,87,71,1021.9,1023.5,1020.6,8.4,4.1,N,24.1,1,29.8,29.3,14.8
2-Jan-14,11.3,13.8,9.4,76.4,88,65,1021.2,1022.3,1020.3,0.2,1.3,NNE,14.5,1.2,45.6,33.8,10.3
3-Jan-14,11.1,15.7,7.1,75.2,87,55,1023.2,1024.4,1022,0,0.7,NE,12.9,2.7,144.5,47.3,8
4-Jan-14,10.8,15.2,7.3,74.8,87,59,1025.5,1026.9,1023.9,0,1.4,N,14.5,2.8,133.1,48,7.2
5-Jan-14,11.8,15.5,6.5,81.3,89,69,1023.1,1025.3,1020.2,0,1.1,N,16.1,2.9,143.7,45.9,12.3
6-Jan-14,14.4,16,12.8,80.7,88,68,1020.6,1021.7,1019.4,4.6,4.3,SSE,25.7,1,24.7,33,26.3
7-Jan-14,13.7,16.1,10.4,77.3,85,66,1023.7,1025.3,1021.4,0,6.9,NNE,30.6,1.7,47.1,43.8,15.3
8-Jan-14,13.1,17.4,8.9,70.7,88,54,1023,1024.6,1021.6,0,1.5,N,22.5,1.6,67.7,45.8,11.6
9-Jan-14,13.2,19.3,8.7,68.6,87,46,1021.7,1022.8,1020.6,0,0.8,ENE,12.9,2.6,131.3,53.8,9.9
10-Jan-14,13,16.9,8.3,78.6,91,63,1020.5,1022.1,1018.8,0,1.3,S,16.1,2.3,125.3,46.7,11.5
11-Jan-14,13.2,17,8.8,79.2,89,66,1023,1024.4,1020.6,0,0.8,SSW,12.9,2.2,103.8,48.8,10.2
12-Jan-14,13.2,16.8,9.4,81.9,95,69,1022.3,1024.3,1020.5,0,1.1,SSW,19.3,2.3,105.5,48.6,13.7
13-Jan-14,13,15.4,10.8,75.9,88,62,1021.1,1022.8,1019.4,0,2.7,N,17.7,2.6,118.9,48.5,4.7
14-Jan-14,13.7,17,10.4,77.6,88,65,1018.7,1019.6,1017.4,0,0.9,N,16.1,1.8,73,49.9,8.5
15-Jan-14,14.6,16.7,10.9,83.1,92,72,1017.2,1018.7,1015.5,11.4,4.8,S,30.6,1.5,61.8,39.5,19.8
16-Jan-14,13.8,17.3,10.6,84,91,67,1017,1019.8,1015.1,3.2,0.6,SSW,14.5,1.9,84.6,45.8,14
17-Jan-14,13.2,17.7,8.9,82.7,93,67,1021.9,1023,1019.9,0.2,1.1,SSW,16.1,2.9,173.1,50.6,8.9
18-Jan-14,13.6,16.2,9.9,78.6,91,69,1021.9,1023.1,1020.2,0,1.2,SSW,14.5,1.6,60,46.8,13.3
19-Jan-14,15.3,18.5,11.1,80.7,89,70,1020,1022,1017.1,0,4.7,S,33.8,2,85.3,39.1,20.7
20-Jan-14,16.5,18.5,15,81,87,75,1015.2,1018.2,1013,0,8,S,35.4,0.8,13.9,27.4,45.4
21-Jan-14,16.1,19.9,11.4,66.2,89,40,1012.4,1013.3,1010.8,0,4.6,S,37,0.7,13.2,26.1,44.8
22-Jan-14,13.5,17.8,10.2,66.8,81,47,1015.1,1018,1013.3,0,2.3,WSW,24.1,1.1,33.3,38.5,30.5
23-Jan-14,14,18.3,9.2,64.8,86,42,1019.3,1020.8,1017.9,0,2.1,SW,24.1,1.1,33.8,41.5,25.3
24-Jan-14,13.6,16.4,10,75.3,89,64,1013.4,1019.6,1002.2,10.4,3.9,WNW,49.9,1.6,85.4,45.4,23.5
25-Jan-14,14.1,17.1,11.4,72.4,91,54,1002.2,1003.9,999,17.2,3.6,SSW,32.2,0.8,20.9,29.7,39.8
26-Jan-14,10.9,13.3,8.8,77,92,65,997.5,999.4,996.4,11.6,4.6,NNE,25.7,0.9,20,28.5,29.7
27-Jan-14,9.1,11.7,7.2,70.1,77,59,1002.5,1004.9,999.2,0,1.4,W,14.5,1.3,43.5,34.6,16.8
28-Jan-14,10.5,12.2,8.3,86.1,92,75,1000.1,1004,996.4,62.4,1.6,N,29,2,88.9,49,6.9
29-Jan-14,12.3,16.2,8.6,68.7,91,47,1010,1019.4,997.8,0,2.7,W,24.1,1,18.4,33.8,32.3
30-Jan-14,11.6,15.4,6.7,69.3,85,49,1023.5,1025.6,1019.4,0,1.8,N,14.5,2.2,107.7,54.3,11.8
31-Jan-14,10.9,13.4,8.7,70.1,79,58,1026.9,1028.5,1025,0,12.4,NNE,40.2,1.4,35.2,35.7,24.5
1-Feb-14,9,10.1,8.1,70.7,73,66,1025.1,1028.4,1019.6,0,14.1,NNE,43.5,1.1,32.5,28,29.6
2-Feb-14,10.2,11.3,9.2,70.1,73,64,1017.3,1019.8,1015.1,0,14.2,NNE,41.8,0.9,23.5,25.4,34.9
3-Feb-14,10.4,12,9.7,65.2,70,56,1018.6,1021.5,1016.8,0,17.4,NNE,53.1,1,23.8,27,41.5
4-Feb-14,9.7,11.2,8.1,69.6,82,63,1023.9,1025.1,1021.5,1.2,8.5,N,35.4,1.4,37,36.2,27.5
5-Feb-14,10.5,12.4,9.1,69.8,75,62,1022.8,1024.4,1021.3,0,3.9,N,19.3,1.3,33.3,38.8,23.7
6-Feb-14,10.6,13.1,7.4,77.3,88,65,1018.5,1021.2,1015.9,11,3.6,N,25.7,1.7,69.3,43.1,16.4
7-Feb-14,12.9,16.4,10.5,78.8,87,65,1020.4,1022.4,1016.2,1.2,4.6,SSW,22.5,1.4,29.4,40.2,29.9
8-Feb-14,13.8,16.6,9.4,81,93,63,1019.2,1021.4,1017.3,0,2.9,SSW,30.6,1.6,54.4,40.3,28.3
9-Feb-14,14.9,18.1,12.9,79.3,92,65,1015.7,1017.3,1013.7,1.2,2.1,SSW,25.7,0.9,20.3,38,31
10-Feb-14,14.7,19.1,11.2,70.1,86,45,1017.2,1019,1015.1,0,1.4,SSW,16.1,1.4,50.5,44.5,24.5
11-Feb-14,14.3,18.3,9.9,81.3,90,69,1018.2,1019.4,1017.1,0.2,2.6,SSW,25.7,1.8,93.3,46.1,19
12-Feb-14,15.4,18.8,11.1,78.7,92,61,1014.5,1017.1,1012.6,0.2,5.9,S,37,1.3,45.8,39.3,28.3
13-Feb-14,13.1,16.9,9.7,72.5,87,52,1013.2,1014.3,1012.5,0,1.5,SSW,19.3,1.3,49.9,44.8,22.5
14-Feb-14,13.3,17.7,8.8,65.6,87,45,1010.5,1012.5,1008.6,0,2.5,WSW,38.6,1.4,63.3,46.5,19.4
15-Feb-14,12.9,17.2,8.8,64.4,79,49,1017.6,1021.7,1012,0,3.7,NNW,22.5,1.8,74.4,49.5,15.5
16-Feb-14,12.7,17.8,7.6,71.8,88,52,1022.7,1023.7,1021.3,0,1.2,SSW,16.1,1.9,91.9,49.4,20.9
17-Feb-14,13.8,19.4,8.7,77.2,92,50,1023.2,1024.5,1021.9,0.2,1.5,SW,16.1,2,98.5,53.6,17.8
18-Feb-14,14.5,20.6,10.2,76.5,92,49,1025.1,1026.5,1023.9,0.2,1.2,WSW,16.1,2.1,109.3,55.9,14.5
19-Feb-14,13.2,17.4,9.4,86.9,95,76,1024.6,1026.9,1022.4,0.2,1.1,SSW,16.1,2,91.3,49.4,14.7
20-Feb-14,14.9,17.8,11.8,78.5,90,65,1020,1022.2,1016.9,0,2.8,S,22.5,1.2,27.8,36,26.6
21-Feb-14,15.2,17.3,13.3,79.2,86,68,1014.3,1017,1011.9,0,1.5,N,14.5,1.5,44.8,45,11.2
22-Feb-14,15.4,18.9,12.1,74.7,85,59,1014.5,1016.3,1012.4,0,2.2,SSW,16.1,1.1,41.2,39.8,21.8
23-Feb-14,15,19.8,11.3,72.8,89,49,1015.4,1016.4,1013.8,4.8,2.6,SSW,19.3,1,27.3,36.1,28.4
24-Feb-14,12.2,13.5,10.6,67.9,86,57,1016.3,1018.4,1014.6,0.2,7.4,NNE,35.4,1.1,26.5,31.4,27.8
25-Feb-14,11.2,13.7,9.6,67.1,75,57,1020.9,1023.5,1018.1,0,4.1,NNE,20.9,1.2,30.1,30.6,22.8
26-Feb-14,11.7,15.1,8.8,69.3,83,59,1023.9,1024.8,1022.8,0,2.3,SSW,17.7,1.2,31.3,35.7,23.3
27-Feb-14,12.4,16.8,7.6,74.6,86,58,1023.6,1025.4,1022.1,0,1.8,SSW,22.5,1.9,92.9,45.1,20.1
28-Feb-14,13.1,15.6,10.2,81,91,65,1018.2,1022,1014.6,2.2,3.4,S,33.8,1.6,75.6,42.2,24.3
1-Mar-14,12.9,13.8,12.1,90.1,93,84,1010.7,1014.5,1002.7,13.8,1.7,SSW,24.1,1.1,41.6,43.3,18.9
2-Mar-14,14.2,17.6,11.9,69.5,91,43,1002,1004.5,999.3,2.2,3.2,SSE,27.4,0.9,21.1,34.4,39.3
3-Mar-14,12.9,14.7,10.9,83.6,90,70,997.4,1002.5,993.7,15.6,5.6,WSW,41.8,0.7,16.9,26,43.7
4-Mar-14,13.7,17.2,11.2,74,89,46,1003,1005.7,999.9,13.4,5.1,SSW,35.4,0.8,13.8,26.8,48.6
5-Mar-14,12.7,16.8,8.7,72.8,90,49,1007.1,1010.8,1005.2,0,1.8,SSW,24.1,1.4,67.5,42,26.4
6-Mar-14,12.8,15.9,8.9,78.1,90,65,1013.1,1016.1,1010.6,0,4.1,S,32.2,1.8,87.2,40.7,27.7
7-Mar-14,13.1,17.2,10.8,76.3,91,57,1016.5,1017.6,1015.5,9,2.9,SSW,22.5,1.4,43.3,46,26.1
8-Mar-14,12.3,15.2,10.7,71.4,80,57,1018.1,1020,1015.8,0,12.3,NNE,41.8,1.2,29,33.2,32.1
9-Mar-14,9.7,10.9,8.9,70.5,79,62,1019.4,1020.2,1018.5,0.2,15.5,N,51.5,0.9,20.1,24.7,43.8
10-Mar-14,10,13,8.3,67.7,75,59,1017,1018.5,1015.7,0,4.5,W,29,0.9,15.6,24.9,39.3
11-Mar-14,9.7,12.5,7.3,65.9,77,56,1019.9,1023.8,1016.4,0,6.3,N,32.2,1,22.1,30.9,35.6
12-Mar-14,12.2,16.1,8.6,51.2,69,35,1024.3,1025.7,1023.2,0,4.4,NNE,29,1.1,19.3,36.1,48.5
13-Mar-14,12.6,16.2,9.1,52.4,72,37,1027.4,1028.9,1025.4,0,7.6,N,38.6,1.4,30.8,46.6,36
14-Mar-14,13.1,17.7,8.5,52.9,68,38,1025.7,1028.2,1023.4,0,3.2,N,19.3,1.7,45,52.9,31.5
15-Mar-14,13.2,17.3,8.2,64.8,84,42,1018.8,1023.4,1013.4,0,2.6,S,24.1,1.7,70.4,49.1,41.8
16-Mar-14,14.8,18.9,10.1,72.4,88,54,1012.1,1013.5,1010.5,0,1.5,SSW,17.7,1.3,40.9,45.8,36.1
17-Mar-14,16.5,22.3,9.6,58.5,86,34,1016.4,1019.6,1012.9,0,2.7,NNW,27.4,1.8,70.9,51.4,18.2
18-Mar-14,16.7,22.6,10.7,57.2,80,31,1019.8,1021,1018.6,0,1.6,SSW,19.3,2.2,124.5,60.2,19.9
19-Mar-14,17.2,22.8,11,58.1,75,43,1019.2,1020.7,1017.6,0,2.1,SW,19.3,1.7,93.8,52.1,33.6
20-Mar-14,16.4,20.1,13.2,50.1,75,36,1023.2,1025.7,1018.6,0,8.1,NNE,41.8,1.4,36.4,47.8,26.8
21-Mar-14,16.2,20.4,11.4,47.2,63,38,1023.6,1025.3,1021.6,0,8.1,NNE,35.4,1.5,31.8,41.6,35.5
22-Mar-14,15.5,20.1,9.8,55,72,37,1019.2,1021.6,1016.7,0,2.2,SSW,19.3,1.3,51.4,47.1,41.9
23-Mar-14,15.6,19.9,11.1,67.5,85,50,1015.6,1016.7,1014.4,0,2.1,SSW,19.3,1,30.5,43.1,42.1
24-Mar-14,15.7,18.8,12.4,77.3,87,61,1012.3,1015,1008.9,0,2.3,SSW,22.5,1.1,29.5,42.1,30.2
25-Mar-14,15.3,18.5,12.2,51.1,68,36,1010.6,1012.8,1008.7,0,4.8,WSW,35.4,0.5,6.1,18.8,66.5
26-Mar-14,15.6,19.1,12.9,68.1,82,53,1014.4,1016.9,1011.6,0,6.2,S,38.6,0.8,13.2,27.6,56.3
27-Mar-14,17.6,21.9,13.1,69.9,85,47,1013.7,1016.7,1010.8,0,3.1,S,22.5,1.1,21.2,36.4,43.5
28-Mar-14,16.9,21,13.7,58.7,85,40,1012,1013.1,1010.5,0,3,WSW,24.1,0.8,11.7,32,54.8
29-Mar-14,15.2,17.8,13.2,62.4,75,53,1016.8,1021,1012.1,0,6.5,N,37,1.1,22.5,40.9,37.3
30-Mar-14,13.3,16.3,10.8,56.8,71,48,1020.1,1023.1,1017.6,0,10.1,NNE,38.6,1,17.6,30.1,55.2
31-Mar-14,13.7,18.2,8.2,59.6,81,28,1014.9,1017.5,1013.1,0,2.3,SW,20.9,0.9,22.7,36,52.6
1-Apr-14,14.9,19.4,9.7,73,86,58,1012.8,1013.5,1011.6,0,1.9,SSW,20.9,1.1,43.3,43.8,38.6
2-Apr-14,16.8,22.1,11.6,70.9,88,52,1013.9,1014.8,1012.8,0,1.5,SW,16.1,1.5,58.6,53.5,30.3
3-Apr-14,17,21.9,11.7,67.8,85,44,1016,1017.7,1014.2,0,1.9,SW,19.3,1.2,43.5,47.8,45.7
4-Apr-14,16.7,20.3,13.6,74.8,88,50,1015.6,1016.8,1014.1,0,4.6,S,29,0.9,16.3,37.3,49.3
5-Apr-14,18.9,22.6,15.9,60.9,81,44,1011.9,1014.4,1009.6,0,5.8,S,37,1.1,21,36.5,47.3
6-Apr-14,17,20.2,13.6,78.9,90,63,1011.6,1012.4,1010.7,13.2,2.3,W,30.6,0.9,20.9,37.4,38
7-Apr-14,15.5,18.4,12.8,75.6,89,61,1014.4,1018.1,1011.1,5.2,4.2,N,29,1.2,29,41.5,25.5
8-Apr-14,16.3,20.8,11.9,70,86,51,1018.6,1020,1017.6,0.4,1.6,NW,20.9,1.2,31,44.3,32.2
9-Apr-14,17.3,22.1,11.9,70.1,87,56,1015.1,1017.5,1012.1,0,2.7,SSW,22.5,1.3,45.5,39.8,36.3
10-Apr-14,16.6,22.2,12.3,67.2,83,45,1011.6,1014.5,1009.9,0.4,3.7,WSW,27.4,0.9,13.1,32.6,56.9
11-Apr-14,14.3,18.3,11.4,60.1,79,35,1016.6,1018.5,1014.4,2.8,4,W,38.6,0.8,11.3,29.9,55.7
12-Apr-14,14.6,19.1,9.1,56.2,72,39,1019,1020,1017.8,0,3.3,S,27.4,0.8,15.1,31.5,57.3
13-Apr-14,15.9,18.8,12.4,70.2,79,59,1016.4,1018.1,1015.3,0,2.3,S,22.5,1,18.7,36.7,50.1
14-Apr-14,16.2,20.1,12.7,68.6,82,48,1016.1,1017.5,1014.9,0,3.5,SSW,24.1,1.3,32.8,45.6,35
15-Apr-14,16.5,20.4,11.1,68,84,51,1013,1014.8,1011,0,3.6,SSW,37,1.1,34.4,41.3,41.9
16-Apr-14,16.2,19.4,12.9,75.5,87,58,1009.9,1011,1008.4,4,6.3,S,43.5,0.8,15.8,32.2,50.3
17-Apr-14,13.4,16.3,9.3,69.9,86,51,1007.9,1009.8,1005.9,7.2,2.2,W,19.3,1,17.3,37.8,43.5
18-Apr-14,13.5,17.4,9.3,64.6,87,48,1007.2,1009.3,1005.2,0,4.1,WSW,37,0.6,10,25.8,60
19-Apr-14,15.2,19.7,10.6,60.9,77,46,1012.3,1015.3,1008.7,0,3.6,WSW,32.2,0.5,6.7,20.4,67
20-Apr-14,16.8,20.8,11.6,66.1,85,50,1015.2,1016.2,1014.1,0,2.9,SSW,25.7,0.7,14.3,27.5,56.1
21-Apr-14,17.8,20.7,15.4,72.8,89,48,1014.8,1017.5,1013,0.8,1.7,WSW,19.3,0.6,6.9,25.5,52.9
22-Apr-14,19.7,24.9,15.3,66.8,81,52,1015.5,1017.6,1012.5,0,1.6,SSW,19.3,1,31.5,43.5,36.5
23-Apr-14,21.3,26.9,15.4,61.3,85,40,1013.9,1016.4,1009.6,0,1.3,SSW,25.7,1.6,63.3,62.9,16.6
24-Apr-14,20.5,24.1,17.2,66.1,82,52,1009.2,1010,1008.2,0,3.9,SSW,25.7,0.7,11.7,30.3,51.8
25-Apr-14,20.7,26.2,16.3,62.6,80,39,1009,1010.6,1007.7,0,3,WSW,27.4,0.8,14.4,32.7,48.7
26-Apr-14,18.9,22.6,16.3,75.4,85,63,1011.2,1012.4,1010.2,2.2,2.8,SSW,24.1,0.8,20.6,33.7,34.3
27-Apr-14,16.8,18.8,13.5,76.1,83,65,1008.7,1010.2,1007.5,1.2,4.1,NE,22.5,0.7,11.8,27.8,49.3
28-Apr-14,17,21.1,13,68.8,86,51,1008,1009.9,1006.4,1.6,5.3,W,43.5,0.8,22.8,27.5,49.9
29-Apr-14,18.4,22.5,15.3,60.3,76,45,1009.7,1011,1008.4,0,4.5,W,24.1,0.6,6.5,21.2,69
30-Apr-14,18.2,22.2,14.9,55.8,69,41,1008.7,1010.1,1007.5,0,4.4,W,33.8,0.6,7.3,27.5,67.4
1-May-14,18.4,22.8,13.3,61.4,78,43,1010.3,1011.1,1009.1,0,3.4,SSW,30.6,0.6,8.8,28.8,64.3
2-May-14,18.8,23.1,14.8,67.7,83,46,1010.5,1011.9,1009.5,0,2.8,SSW,24.1,0.9,17.2,36.9,49.6
3-May-14,18.9,22.2,16.6,74.6,84,59,1009.5,1011.5,1005.8,0,4,SSW,29,0.8,12.8,29.6,47.5
4-May-14,19.8,23.6,16.4,65.3,86,44,1005.7,1007.8,1004.3,0,3,SSW,24.1,0.7,8.7,27,55.3
5-May-14,18.7,23.2,16.1,63.5,75,45,1010.9,1015.3,1007.5,5,3.7,N,22.5,0.8,12.1,35.2,49.6
6-May-14,17.9,22.4,14.9,61.5,76,46,1019.2,1021.8,1015.3,0,7,NNE,33.8,1.1,20.2,35,39.1
7-May-14,18.5,22.4,14.5,50.7,71,39,1019.3,1021.2,1017,0,6.5,NNE,37,1.1,21.4,35.2,44
8-May-14,19.6,25.6,12.7,44.4,65,32,1014,1017,1011.6,0,4.1,NNW,29,1.1,17.7,38.2,50.7
9-May-14,19.9,24.3,14.9,47.5,63,32,1012.3,1014.2,1010.6,0,7.1,N,41.8,1.2,21.5,42.8,47.5
10-May-14,19.4,22.7,16.8,60.7,80,52,1014.4,1015.8,1013.2,0,2.8,SSW,25.7,0.8,12,36.1,58.3
11-May-14,20.9,25.5,15.6,63.4,81,47,1015.3,1016.3,1014.3,0,2.8,SW,25.7,1,21.7,42.6,46.9
12-May-14,21.7,25.5,16.6,56.7,82,37,1014.4,1015,1013.3,0,3.7,SW,29,0.8,12,38.8,57.7
13-May-14,22.3,26.6,18.9,60.6,83,42,1015,1016.5,1012.7,0,2.6,S,20.9,0.9,15.5,41.4,48.1
14-May-14,21.5,25.7,17.1,59.8,88,38,1007.8,1012.6,1003.4,0,9.5,SW,53.1,0.8,17.1,31,54.8
15-May-14,19.3,23.8,16.3,49.4,60,37,1009.5,1011.7,1007.6,0,9.2,W,40.2,0.5,4.9,17.4,84
16-May-14,18.1,22.4,15.6,52.4,67,36,1012.6,1014.9,1011.3,0,4.8,W,35.4,0.6,6.5,26,79.4
17-May-14,18.5,21.7,14.8,55.4,69,41,1016.9,1019,1014.7,0,4.6,W,32.2,0.6,5.7,24.8,84.8
18-May-14,19.1,23.1,15.7,56.3,71,41,1019.3,1020.3,1018.2,0,3,SSW,22.5,0.6,6.3,29.4,71.1
19-May-14,18,21.3,15.6,67.2,77,46,1019.4,1020.5,1017.7,0,1.8,SSW,24.1,0.9,25.4,42,45.8
20-May-14,20.8,24.8,15.8,59.2,81,41,1017.1,1018,1016.2,0,2.1,WSW,20.9,1,21.8,49.6,55.5
21-May-14,22.8,27.1,16.4,40.9,65,27,1017,1017.9,1016.3,0,7.7,NNE,35.4,1.3,28.2,52.6,43.6
22-May-14,24.5,28.4,17.7,46.2,59,39,1015.2,1016.3,1014.3,0,7.6,N,38.6,1.3,26.7,49.4,41.4
23-May-14,24.3,28.6,19.6,47.4,62,31,1014.3,1015.3,1013.1,0,3.4,NNE,29,1,17.2,41.8,48.3
24-May-14,24.2,28.4,19.2,47.8,60,32,1015.1,1016.2,1013.8,0,2.9,WSW,24.1,1.1,37.5,44.3,48.5
25-May-14,24.3,28.8,19.9,54.9,68,42,1015.8,1017,1014.4,0,2.4,WSW,20.9,0.8,14,40.8,57.4
26-May-14,25,28.2,21.6,53.1,67,43,1013.6,1015.5,1011.2,0,2.4,SW,20.9,0.9,19.2,46.2,50.5
27-May-14,25.3,28.8,21.2,53.6,70,44,1011.6,1013,1010.4,0,3.2,SSW,29,1,24.8,48.3,38.5
28-May-14,25.6,31.8,20.9,44.2,67,18,1010.4,1011.6,1008.7,0,3.5,SW,27.4,0.8,15.2,41.5,47
29-May-14,23.1,26.2,19.6,59.5,75,42,1008.3,1009.4,1006.3,0,7.2,SSW,48.3,0.8,16.2,35.5,42.6
30-May-14,22.3,26.4,18.4,53.6,69,43,1008.5,1009.6,1007.5,0,7.2,W,41.8,0.6,6,23.4,67.7
31-May-14,22.8,27.9,19.1,53.7,68,34,1009.8,1011.4,1008.7,0,4.3,W,35.4,0.6,7.3,29,62.4
1-Jun-14,23,27.6,18.9,50.2,68,31,1011.3,1012.6,1010.2,0,4.2,WSW,30.6,0.6,6.9,28.8,60.8
2-Jun-14,22.1,26.8,18.7,50.2,63,32,1012.8,1014.7,1011.7,0,3.6,WSW,24.1,0.7,8.4,31.7,60.1
3-Jun-14,18.9,21.2,16.8,67.8,80,49,1012,1015.1,1007.5,1.8,8.7,N,41.8,1.1,20.4,43.4,35.9
4-Jun-14,20.1,23.1,17.2,69.8,84,59,1008,1010.6,1005.9,0.2,3.3,W,25.7,0.7,11.3,30,44.5
5-Jun-14,22.6,27.7,16.9,61.5,81,44,1011.9,1013.7,1010,0,3.1,SSW,27.4,0.9,19.2,41.5,34.9
6-Jun-14,24,29.8,17.9,55.2,76,32,1013.6,1014.5,1012.8,0,3.4,SW,27.4,1.2,32.9,49,35.9
7-Jun-14,24.3,30.1,19.6,58.2,77,37,1013.2,1013.9,1012.2,8,2.2,S,25.7,1.2,31.5,52,33.5
8-Jun-14,25,28.6,19.3,55.7,75,42,1013.4,1014.9,1012,0.6,7.2,N,38.6,1.3,48.9,47.6,33.8
9-Jun-14,25.1,28.7,21.4,56.9,70,45,1013,1013.9,1012,0,10.7,NNE,38.6,0.9,14.1,33.9,53.4
10-Jun-14,26.3,29.2,23.5,52.4,60,44,1014.1,1015,1013.2,0,9.9,NNE,38.6,1.1,15.4,39.3,52
11-Jun-14,27.3,32.1,22.9,52.3,68,38,1014.4,1015.1,1013.3,0,4.3,NNW,29,1.2,21.4,51.1,40.3
12-Jun-14,27.1,31.1,23.3,45.4,67,34,1015.4,1016.6,1014.1,0,6.1,N,33.8,1.3,24.9,50.9,37.8
13-Jun-14,27.1,31.8,22.7,48.1,60,36,1012.5,1015.1,1010.1,0,4.7,WSW,33.8,1.1,21.4,48,43
14-Jun-14,26.6,30.5,22,54.3,70,42,1009.3,1010.3,1008,0,3.3,SSW,25.7,0.9,20.5,47.7,48.6
15-Jun-14,24.5,29.2,21.1,67.3,79,53,1011.4,1014,1009.6,3.2,2.8,NNW,33.8,0.7,13.6,41.1,36.9
16-Jun-14,25.1,29.1,20.2,61.3,77,44,1014.3,1015.7,1013.4,0,2.8,SSW,24.1,0.9,27.3,42.8,40.7
17-Jun-14,26.2,31,21.5,62.5,81,46,1015,1015.9,1014.2,0,2.2,SW,17.7,0.9,16.3,47.1,38.6
18-Jun-14,26.6,30.4,23.2,64.2,82,41,1012.8,1014.3,1010.9,0,1.8,SW,25.7,0.8,13.4,43.9,29.2
19-Jun-14,27.6,33.6,22.8,48.5,78,25,1008.9,1011,1007.1,0,4.3,W,29,0.8,16.7,40,41.3
20-Jun-14,24.9,29.1,19.9,55.3,85,40,1008.2,1011.4,1007,8.8,3.4,W,30.6,0.7,12.3,36,55.3
21-Jun-14,24.9,28.7,19.2,59.4,86,43,1013.7,1016,1010.7,0,3.8,SSW,25.7,0.7,15.2,36.4,48.8
22-Jun-14,25.7,29.3,21.9,56.4,74,46,1018.6,1020.9,1015.7,0,3.3,N,25.7,0.8,12.8,37.4,49.3
23-Jun-14,26.8,30.2,22.2,46.8,65,35,1020.4,1021.7,1019.2,0,3.5,N,22.5,1,23.4,45,47
24-Jun-14,27.3,32.6,22.4,45.5,57,35,1016.7,1019,1014.2,0,2.8,SSW,22.5,0.9,22.3,48.5,52.9
25-Jun-14,29.1,34.5,23.3,46.6,65,30,1013.4,1014.4,1012.2,0,2.4,SSW,17.7,1,23.6,51.9,43.5
26-Jun-14,31.3,38.9,24.2,40.2,71,15,1012.6,1013.7,1011.3,0,3.8,WSW,38.6,1.1,28.9,56.6,28.6
27-Jun-14,31.5,37.2,25.5,38.1,53,21,1011.1,1013.1,1009.2,0,3.1,SSW,25.7,1.2,53.1,56.7,24.5
28-Jun-14,27.7,32.8,24.1,49.9,64,39,1015.4,1017.8,1011,0,10.3,NNE,40.2,0.8,13.7,33.2,48
29-Jun-14,27.3,32.2,23.2,40.5,60,27,1015.4,1017.1,1014,0,6.7,N,30.6,0.6,11.7,29.9,55.8
30-Jun-14,26.7,32.7,21.8,49,64,36,1012.8,1014.2,1011.5,0,2.9,WSW,24.1,0.7,10.4,34.8,59.4
1-Jul-14,29.5,35.7,23.6,41.8,65,16,1014.5,1017.5,1012.2,0,3.3,WSW,29,0.9,21.3,45.3,43.9
2-Jul-14,28.9,32.7,24.3,43.3,50,38,1018.5,1019.4,1017.3,0,8.6,NNE,40.2,1.1,21.1,44.6,40.1
3-Jul-14,29.3,33.6,23.6,46.2,61,36,1016.6,1018.8,1014.2,0,4.4,N,22.5,1.1,18.9,44.6,44.3
4-Jul-14,26.3,29.5,23.4,43.7,56,28,1015.5,1016.4,1014.8,0,13.1,N,41.8,1,20.5,40.4,46.6
5-Jul-14,26.5,30.1,22.4,41.9,58,32,1014.7,1015.7,1013.6,0,12,N,45.1,0.9,17.5,36.9,53.5
6-Jul-14,28,33.5,23.4,42.1,62,26,1013.2,1014.3,1011.8,0,4.2,N,33.8,0.6,11.3,38,60.5
7-Jul-14,29.1,33.8,24.4,40.9,57,32,1014.4,1015.6,1013.4,0,2.4,SW,20.9,0.9,28.4,53.4,42.5
8-Jul-14,29.4,34.5,24.3,44.6,57,35,1013,1014.8,1009.7,0,3,SSW,24.1,1,28.9,50.7,48.1
9-Jul-14,30.2,34.7,25.2,44.2,59,31,1007.2,1009.6,1005.7,0,3.9,SSW,27.4,0.7,14.2,39.7,47
10-Jul-14,29,34.7,25.3,43.8,56,24,1006.6,1007.9,1004.3,0,3.7,SSW,25.7,0.7,15,39.8,44.5
11-Jul-14,28.2,32.2,24.7,46,56,34,1005.3,1007.4,1003.8,0,4.1,WSW,24.1,0.7,16.8,38.2,44.5
12-Jul-14,27.3,32.2,23.4,44.8,60,27,1010,1012.8,1007.1,0,4.8,WSW,37,0.5,6.2,26.8,62.8
13-Jul-14,27.4,31.8,23.9,49.5,59,37,1013,1013.7,1012.1,0,3.4,W,29,0.5,9.5,34.9,56.3
14-Jul-14,28.1,33.2,22.8,48.2,68,31,1010.8,1012,1009.8,0,3.3,WSW,25.7,0.7,11.9,38.4,51.3
15-Jul-14,26.2,31.1,23.4,55.9,68,41,1009.5,1010.3,1008.3,0,4.1,WNW,33.8,0.8,12.9,37,44.4
16-Jul-14,25.3,29.4,22.8,59,74,42,1011.3,1013.9,1009.7,0,2.8,WSW,22.5,0.7,7.8,31.1,59.6
17-Jul-14,25.8,29.3,22.3,61.5,74,48,1013.1,1013.9,1012.2,0,2.2,SSW,25.7,0.8,11.5,40.7,51.8
18-Jul-14,27.3,31.8,22.2,54.5,74,38,1011.4,1012.4,1010.2,0,2.5,SSW,24.1,1,27.1,54.3,49.2
19-Jul-14,26.2,32,21.6,64.2,86,44,1011.9,1013,1010.9,21.8,1.7,WNW,30.6,1.1,28.2,51.3,28.3
20-Jul-14,27.9,31.8,22.4,51.7,76,38,1012.7,1013.4,1011.6,0,6.7,NNE,35.4,1,23.5,43.1,30.2
21-Jul-14,29.3,33.5,24.9,50.2,71,37,1011.6,1013.2,1010,0,3.2,NNE,27.4,0.9,18.4,46.5,40.9
22-Jul-14,28.7,32.9,24.7,55.9,71,40,1007.8,1010,1005.7,0,3.3,SW,29,0.8,24.9,42.9,38.9
23-Jul-14,27.9,30.6,23.9,54.9,72,46,1006.6,1007.9,1005.7,0,4.1,S,27.4,0.7,12,34.5,44.2
24-Jul-14,27.6,31.2,25.1,61.6,77,46,1008.8,1010.6,1006.9,0,3,NW,20.9,0.7,12.4,34.7,45.6
25-Jul-14,28.6,32.6,23.9,54.7,76,43,1010,1011.4,1008.7,0,4.3,N,25.7,1.1,27.2,52,30.7
26-Jul-14,29.5,33.7,24.2,51.9,69,36,1011.2,1012.5,1009.9,0,3.6,N,32.2,1,23.5,50.1,30.7
27-Jul-14,29.1,33.2,24.5,53.5,65,40,1012.9,1013.7,1012.3,0,3,SSW,27.4,0.8,23.4,41.1,42
28-Jul-14,29.3,33.7,24.7,56.9,79,33,1010.5,1012.4,1008.5,0,2.4,SW,20.9,0.8,16.3,42.7,37.4
29-Jul-14,29.4,33.7,26.6,57.6,72,40,1009.3,1010.8,1008.1,0,2.9,SW,19.3,0.8,17.3,44.2,37.1
30-Jul-14,29.6,33.8,25.7,60.6,71,47,1010.2,1011.1,1009,0,2.6,SW,22.5,0.8,23,49.9,33.1
31-Jul-14,29.5,33.2,26.2,58.4,78,39,1005.8,1009,1003.3,0,3.4,SW,27.4,0.8,16.3,46.2,30.8
1-Aug-14,29.3,34.3,26.1,48.9,63,31,1004.5,1006.2,1003.3,0,4.4,W,32.2,0.6,9,33.3,50.3
2-Aug-14,27.7,31.1,24.9,55.2,70,39,1008.3,1010.9,1005.8,0,3.3,SSW,25.7,0.6,7.9,29.8,56.8
3-Aug-14,29.2,34,24.2,54.4,65,40,1010.7,1011.6,1009.7,0,3.1,SSW,22.5,0.6,8,33.7,57.2
4-Aug-14,30,35.4,26.1,55.4,70,37,1008.8,1009.9,1007.5,0,2.7,SSW,25.7,0.9,24.4,51.1,37.9
5-Aug-14,30.5,34.2,25.2,43.7,64,30,1007.4,1008.4,1005.7,0,3.8,NNE,27.4,1.2,35.3,56.3,25.5
6-Aug-14,27.5,34.1,23.1,49.6,78,33,1006,1007.7,1004.4,2.8,2.8,NNE,25.7,0.9,39.7,51.8,39.5
7-Aug-14,25.4,29.2,21.9,60.8,74,46,1008.6,1010.7,1006.2,0,3.4,N,27.4,0.7,11,39.7,54.1
8-Aug-14,27,31,23.3,60.6,71,48,1012.2,1013.9,1010.6,0,2.4,SSW,22.5,0.8,10.6,42.2,55.5
9-Aug-14,28.7,33.8,23.8,54.2,69,36,1014.1,1014.9,1013,0,2.5,WSW,20.9,0.8,16.4,44.3,45.6
10-Aug-14,29.9,34.9,23.3,42.5,61,34,1013.7,1015.1,1012.4,0,4.9,NNE,32.2,0.9,20,45.6,43.4
11-Aug-14,30.8,35.5,24.3,42,56,32,1012.6,1013.3,1011.6,0,5.7,NNE,30.6,1.1,30.2,55.5,40.9
12-Aug-14,31.2,36.1,24.8,41.8,55,33,1012.2,1012.9,1011.2,0,4.5,NNE,27.4,1,25.8,52.8,46.8
13-Aug-14,31.9,36.6,25.9,35.6,53,25,1011.4,1012.3,1010.1,0,7.3,N,38.6,0.9,25,47.5,40.3
14-Aug-14,30.7,37.1,25.7,47.3,68,29,1010.5,1011.3,1009,0,2.9,S,29,0.7,12.3,41.1,51.8
15-Aug-14,30.6,35.9,24.9,49,65,36,1009.7,1010.6,1008.9,0,2.8,SSW,22.5,0.5,11,38.7,49.2
16-Aug-14,30.7,37.2,23.8,37.8,56,19,1008.4,1009.7,1006.9,0,2.6,WSW,27.4,0.5,10.2,37.4,54.2
17-Aug-14,30.5,36.1,25.3,44.1,67,27,1007.5,1010,1005.2,0,5.4,NE,29,0.5,8,28.1,52.7
18-Aug-14,26,29.1,23.9,52.2,68,39,1012.8,1014.7,1010.1,0,10.9,NNE,37,0.7,11.8,25.3,46.8
19-Aug-14,27.1,31.7,22.9,45,62,32,1015.3,1016.9,1014.2,0,6.1,N,29,0.7,13.1,33.7,48.9
20-Aug-14,27.4,32.9,22.8,50.7,73,34,1016,1017.1,1014.8,0,3.1,S,19.3,0.7,11.8,36,61.3
21-Aug-14,28.5,33.4,23.2,56.6,74,41,1015.3,1016.1,1014.2,0,1.7,SSW,19.3,0.8,22.8,52.5,39.7
22-Aug-14,29.6,34.4,24.4,57,73,38,1014,1014.8,1013.1,0,2,SSW,20.9,0.9,42.6,56.2,31.2
23-Aug-14,29.5,34.4,24.7,56.4,78,32,1013,1014,1012.1,0,2,SW,19.3,0.8,33.9,53.2,32.7
24-Aug-14,30.5,36.2,25,48.4,69,28,1010.9,1012.1,1009.3,0,3,S,27.4,0.9,32.3,63.3,8
25-Aug-14,30,34.7,25.3,49.5,62,39,1012,1014.1,1010.2,0,5.9,WSW,33.8,0.8,15.1,40.9,48.8
26-Aug-14,29.2,33.9,25.6,53.1,70,40,1013.1,1014.6,1011.3,0,6.3,N,30.6,0.9,17.3,37.8,46.4
27-Aug-14,28.6,32.9,25.1,54.9,67,43,1010.3,1012.2,1008.2,0,2.4,N,19.3,0.7,23.5,47.3,44.9
28-Aug-14,30,35,24.5,53.3,74,39,1009.6,1012.3,1007.9,0,6.3,NNE,37,1,36.1,52.8,44.2
29-Aug-14,27.9,31.7,24.3,52.7,64,46,1014.5,1016.3,1012.1,0,13.5,NNE,38.6,0.9,18.3,33.9,48.5
30-Aug-14,26.5,30.8,23.6,46.6,62,37,1015.2,1016.2,1014,0,7.3,NNE,38.6,0.8,17.9,34.9,48.6
31-Aug-14,27,31.9,23.1,48.9,60,34,1012.8,1014.7,1011,0,3.4,NNW,22.5,0.5,10.5,30.5,53
1-Sep-14,26.7,30,23.7,57.8,73,41,1009.4,1011.1,1007.4,0,3.9,SSW,27.4,0.7,14.9,37.8,55.9
2-Sep-14,26.4,29.3,23.7,67.5,79,56,1005.8,1007.4,1004.3,0.4,5.3,SSW,38.6,0.8,20.8,35,34.8
3-Sep-14,27.1,30.2,24.8,57.7,68,45,1006.5,1008.3,1004.8,0,3.1,SSW,24.1,0.5,9.9,29,52.9
4-Sep-14,26.7,30.6,23.6,58.1,68,43,1009.7,1010.5,1008.1,0,2.7,S,20.9,0.7,13.8,38.5,50.1
5-Sep-14,26.7,30.4,23.8,60.3,70,44,1008.6,1009.8,1007.1,0,3,W,22.5,0.7,14.3,38.4,49.5
6-Sep-14,25.8,29.7,22.9,68,78,55,1007.9,1009.2,1006.6,2,2.7,NW,29,0.7,18,37.3,39.7
7-Sep-14,25.3,30.4,23,65.9,78,44,1010.2,1013,1008.2,0,3,NNE,25.7,0.7,14.6,34.3,39.5
8-Sep-14,25.2,29.4,22,64.5,73,48,1014.4,1015.9,1012.7,0,2.9,NNE,20.9,0.8,15.8,36.2,41.4
9-Sep-14,24.2,29.4,21.3,68.6,82,44,1014.6,1015.3,1013.6,11.8,2,NNE,29,1.2,28.9,48.6,26.3
10-Sep-14,24.7,29.4,19.7,57.4,84,41,1013.7,1014.6,1012.3,0,1.9,NNE,17.7,1.4,53,53,29.5
11-Sep-14,25.2,30,19.1,54.3,69,36,1014,1014.9,1013.1,0,2.1,SSW,30.6,1.4,53.7,58.5,47.1
12-Sep-14,26.3,30.8,21.9,63,75,38,1015,1016.3,1013.5,0,2,SSW,17.7,1.1,41.9,51,33.7
13-Sep-14,26.6,30.8,22.4,62.6,78,45,1015.3,1016.5,1014,0,2.6,SW,16.1,0.9,24.9,44.9,40.8
14-Sep-14,26.2,29.9,23.6,60.4,72,49,1013.5,1014.3,1012.6,0,2.8,NNE,22.5,0.7,17,39.4,52.7
15-Sep-14,25.7,30.1,22.9,65,76,53,1012.6,1013.7,1011.3,0,2.8,WSW,25.7,1.1,33.9,47.1,32.3
16-Sep-14,23.9,29.2,21.3,69.5,81,52,1012.1,1013,1011.3,1.8,4,WNW,30.6,1,26.1,44.4,29.4
17-Sep-14,23.6,28.1,20.5,64,81,45,1013.6,1015.7,1011.9,0,6.3,N,32.2,1.1,34.6,43.2,28.7
18-Sep-14,23.1,26,20.7,59.5,70,50,1018.1,1021.1,1015.5,0,5.5,NNE,29,1,19.4,39.3,40.5
19-Sep-14,23.1,26.6,20.7,58.6,69,49,1022.2,1023.4,1020.9,0,4.2,N,24.1,1.3,24.3,44,32.5
20-Sep-14,23.8,27.9,19.6,57.6,73,44,1020.4,1022.7,1016.9,0,2.2,NNE,19.3,0.9,28.4,44.7,46.3
21-Sep-14,25.9,30.7,21,67,81,47,1014.5,1016.9,1012.6,0,2.2,SSW,19.3,0.8,22.9,41.9,37.2
22-Sep-14,27.4,30.5,22.9,63.7,82,52,1011,1013.1,1009,0,3.1,SSW,25.7,0.8,26.1,37.8,26.7
23-Sep-14,28.1,33.8,21.7,52,74,35,1009.7,1015.6,1007.5,0,5.7,W,41.8,0.9,30.2,34,27.5
24-Sep-14,22.6,26.8,20.6,54.5,70,44,1017.7,1019.2,1015.5,0,6.2,NNE,32.2,0.9,17.3,31.8,47.5
25-Sep-14,23.6,27.7,19.6,65.8,75,55,1016.8,1018.1,1014.8,0,2.3,SSW,25.7,0.8,30.7,41.5,35
26-Sep-14,22.6,28.3,18.3,66.8,84,51,1012.2,1014.7,1009.3,2.6,3.9,W,25.7,0.8,26.2,39.7,27.8
27-Sep-14,18.1,20.2,16.9,60.2,78,50,1015.9,1020.3,1012.2,0.8,6.9,N,41.8,0.8,18.2,29.8,36.5
28-Sep-14,18.9,22.3,15.7,59.6,82,42,1023.5,1026.6,1020.3,1.4,5.2,N,32.2,0.7,20.3,32.3,30.5
29-Sep-14,20.1,23.4,17.9,51.6,64,39,1027.2,1028.4,1026.1,0,10.3,N,41.8,1.1,27.3,35.7,30.2
30-Sep-14,20.9,26.4,15.8,52.9,70,36,1024.3,1026.4,1022.6,0,3.3,N,25.7,1.3,35.4,45,25.1
1-Oct-14,21.6,27.8,13.9,47,69,31,1021.8,1023,1020.2,0,4.1,N,25.7,1.6,74.6,53.8,17.9
2-Oct-14,21.7,26.9,16.1,55.8,70,38,1021.1,1022.2,1019.9,0,7.1,NNE,33.8,1.4,43.2,48.8,30.5
3-Oct-14,20.5,23.7,18.6,60.2,70,50,1020.2,1021.3,1019.1,0,8.5,N,35.4,1.3,32.4,39.9,28.5
4-Oct-14,19,21.2,17.2,58.4,66,52,1019.7,1020.5,1018.5,0,9,NNE,30.6,1.1,28.3,36.8,32.9
5-Oct-14,19.1,22.4,15.2,60.4,69,48,1020,1021.5,1018.6,0,3.2,N,22.5,0.8,22.5,39.3,34.5
6-Oct-14,20.9,24.3,17.1,69.3,79,58,1021.2,1022.5,1019.9,0,2,SSW,19.3,1.1,33.1,42.1,31.3
7-Oct-14,20.7,27.4,17.3,76.1,87,56,1021.1,1022.8,1020,4.6,1.6,SSW,37,1.4,63.7,50.5,13.1
8-Oct-14,20.7,25.2,16.6,70.5,88,50,1020.1,1022,1018.6,0,4.8,NNE,30.6,1.4,66.2,40.2,15.6
9-Oct-14,21.5,25.3,18.4,59.8,78,48,1019.7,1020.5,1018.8,0,6.2,NNE,41.8,1.3,32.4,41.3,25.3
10-Oct-14,21.1,26.2,16.9,54.6,71,40,1019.5,1020.5,1018.2,0,2.1,N,22.5,1.2,31.5,43.3,27.4
11-Oct-14,21.5,25.9,17.2,51.7,67,38,1018.1,1019.1,1016.7,0,3.8,NNE,22.5,1.2,33.6,46.2,28.4
12-Oct-14,20.1,25.6,14.6,58.3,76,41,1017.9,1019.3,1016.5,0,1.3,NNE,17.7,1.2,39.6,45.7,33.9
13-Oct-14,20.3,24.8,15.8,66.4,80,51,1017.4,1018.7,1016.4,0,1.4,SSW,17.7,1.5,74.4,48.3,28.3
14-Oct-14,20.7,25.3,16.6,69.5,81,45,1016.3,1017.5,1015,0,1.4,SSW,16.1,1.5,65.9,52.7,31.6
15-Oct-14,21.5,26,17,79.8,92,64,1016.7,1017.7,1015.7,0,1.4,SSW,17.7,1.4,67.2,49,22.8
16-Oct-14,24.2,28.4,19.2,67.8,92,46,1017.4,1018.3,1016.5,0,1.8,SSW,19.3,1.6,69.3,48.7,12.8
17-Oct-14,25.4,28.6,22.5,58,74,44,1017.2,1018.4,1016.3,0,3.2,W,27.4,0.7,16.8,33.4,26.7
18-Oct-14,24.9,31.4,21.1,53.2,77,32,1018,1023.3,1015.5,0,5.8,NNE,37,1.1,34.6,44.5,24.7
19-Oct-14,19,21.3,16.2,53.7,65,44,1025.8,1027.5,1023.3,0,11.7,NNE,43.5,0.8,21.8,30.6,40.1
20-Oct-14,18.5,23.5,13.7,57.8,72,42,1021.6,1025.5,1018.1,0,1.3,N,19.3,1,26.7,42.3,38.3
21-Oct-14,18.7,23.6,13.4,64.3,82,47,1015,1018,1011.7,0,1.6,S,19.3,1.3,66.6,50,30.9
22-Oct-14,20.4,23.5,14.8,70.7,87,48,1008.4,1011.7,1003.6,0.4,5.4,S,37,1.1,49.9,43.8,33.9
23-Oct-14,19.2,23.2,13.6,67.2,87,46,1004.6,1011.1,999.8,8.4,7.3,W,45.1,0.5,11.5,24.7,45.7
24-Oct-14,15.9,19.8,12.1,75.7,91,58,1006.5,1010.4,1002.1,24.8,4.8,S,45.1,0.9,42.2,38.3,27.8
25-Oct-14,14.7,17.3,12.1,72.2,87,58,1011.5,1015.8,1006.9,0.2,1.8,N,17.7,1.2,57.8,43.9,14.1
26-Oct-14,15,18.1,13.4,70.4,80,58,1019,1022,1015.5,0,2.5,NNW,19.3,0.7,26.1,28.2,16.8
27-Oct-14,14.1,17.4,11.4,73.6,84,61,1023.1,1024.2,1021.8,0,6.5,N,32.2,1,32.2,32,19.4
28-Oct-14,14.5,15.9,13.7,73.1,80,67,1021.5,1023,1019.5,0,8.3,NNE,30.6,0.7,21.5,24.4,29.3
29-Oct-14,15.2,18.2,13.2,78.4,86,68,1018.9,1019.6,1018.1,0.6,1.7,N,20.9,1,39.7,35.5,10.4
30-Oct-14,15.9,20.6,11.2,71.5,92,51,1019,1019.8,1018.1,0,1.5,NNW,12.9,1.4,61.8,40.7,12
31-Oct-14,14.3,15.9,12.8,72.2,83,62,1020.1,1021.5,1019,0,9.3,NNE,35.4,1.4,39,37.5,19.5
1-Nov-14,14.1,16.6,13,60.8,69,47,1022.2,1023.6,1020.6,0,12.2,NNE,38.6,1.2,32,38,33.5
2-Nov-14,14.3,17.5,11.3,63.5,71,49,1022.4,1023.7,1021.1,0,8,NNE,37,1,28.2,34.4,34.6
3-Nov-14,14.5,19.1,10.9,62.9,74,49,1023.5,1024.7,1022.5,0,4.5,NNE,27.4,1.3,35.9,41.3,23.3
4-Nov-14,15.2,19.5,12.2,66.2,78,51,1022.7,1023.9,1021,0,2.8,NNE,16.1,1.4,44.9,43.5,24.3
5-Nov-14,16.8,20.1,11.9,76,84,66,1023.2,1025,1021.5,0,2.7,WNW,22.5,1.6,73.2,46.1,21.6
6-Nov-14,18.4,21.6,14.6,78.1,89,66,1024.8,1026.2,1023.8,0,2,S,19.3,1.6,61.5,44.8,25.4
7-Nov-14,18.8,22.6,14.9,76.5,90,58,1020,1024.4,1015.2,3.6,2.3,S,29,1.7,73.5,47.6,19.8
8-Nov-14,16.8,19,15.6,84.7,91,77,1014.1,1015.8,1012.5,18,3.3,N,35.4,1.2,34.7,46.3,23.5
9-Nov-14,16.9,21,13.5,81.9,92,62,1016.7,1020.2,1013.1,0.2,0.9,NE,17.7,1.3,43.9,41.3,25.2
10-Nov-14,17.2,21.4,13.6,79.2,90,61,1022,1023.5,1020.1,0,1.4,SSW,14.5,2.1,100.3,52.2,13.9
11-Nov-14,16.9,21.1,13.5,78.2,92,62,1021.9,1024,1019.7,0,2.3,SSW,17.7,1.6,58,47.3,16
12-Nov-14,16.7,19.1,13.5,78.5,88,68,1016.6,1020,1013.4,0,1.1,S,22.5,1.4,49.8,52.3,11.9
13-Nov-14,18.4,21.8,15.5,82.1,93,64,1010.5,1013.4,1009,7.6,1.5,SSW,16.1,1.4,55,46.6,15.3
14-Nov-14,16,18.1,14.8,83,90,72,1011,1013.3,1009,9,1.5,W,17.7,1,40.3,43.6,10.7
15-Nov-14,15.9,17.7,13.3,78.9,89,72,1015.9,1017.9,1013.2,0,2.2,NNE,17.7,1.3,39.1,41.5,12.6
16-Nov-14,15.3,17.8,12.6,78.1,87,63,1017.5,1018.6,1016.9,0,1.1,N,14.5,1.5,52.4,43.5,13.8
17-Nov-14,18.3,22.8,14.8,79.8,91,62,1016.7,1018.4,1015,0,1.1,SSW,17.7,2.2,80.7,44.1,14.9
18-Nov-14,18.3,22.3,13.3,80.3,92,60,1019.6,1020.6,1018.3,0.2,1.3,SSW,16.1,2.1,113.4,47.4,14
19-Nov-14,19.5,21.8,16.7,81.9,92,57,1017.6,1019.5,1015.7,0.2,4.5,S,37,0.7,17.2,31.4,27.3
20-Nov-14,17.3,20.3,13.9,54.5,69,39,1017.7,1019.5,1016.1,0,3.5,N,29,1.1,31.2,39.8,27.1
21-Nov-14,14.5,17.3,12.9,54.1,66,41,1020.2,1022.2,1019,0,4.1,N,20.9,1.2,34.7,38.1,20.9
22-Nov-14,13.4,17.4,10.1,58,73,42,1024.2,1025.9,1022,0,2.4,NNE,17.7,1.2,41.9,42.8,21.7
23-Nov-14,12.2,12.8,10.9,69.9,79,64,1025.7,1027,1024.8,0,6.9,NNE,32.2,0.9,30.4,32.9,21.1
24-Nov-14,11.8,13.5,9.6,69.1,77,62,1024.4,1026,1022.9,0,4.5,NNE,27.4,1.3,46.3,38.3,16
25-Nov-14,10.5,13.2,8.4,68.4,77,55,1023.9,1025.3,1022.6,0,9.4,NNE,35.4,1.3,34.8,35.3,26
26-Nov-14,10.1,11.2,7.9,72.3,76,68,1022.4,1023.2,1021.3,0,6.5,NNE,25.7,1.2,37.8,36.8,15.8
27-Nov-14,11.2,12.8,10.3,75.6,92,68,1022.2,1023,1021.2,4.8,4.2,N,17.7,1.7,43.8,35.9,15.2
28-Nov-14,13.3,14.8,10.8,82.5,92,74,1024.4,1025.9,1022.4,0,0.9,N,11.3,2,87.1,47.4,5.5
29-Nov-14,16.9,19.7,14.1,83.2,89,75,1024.1,1025.9,1020.7,0,1,SSW,14.5,2.2,92.8,47,9
30-Nov-14,17.2,19.8,13.9,83.4,91,65,1019.3,1021.3,1017.6,0.2,0.3,SSW,11.3,2.4,106.9,47.4,7.5
1-Dec-14,16.3,20.2,12.4,83.4,92,70,1017.5,1019.5,1015.2,0,0.6,SSW,11.3,3.7,263.7,42.4,3.9
2-Dec-14,18.1,20.6,15.2,80.3,90,69,1013.9,1016,1011.9,1,4.4,S,35.4,1.5,0,36.2,15
3-Dec-14,19.1,22.6,16.1,77,91,62,1014.6,1016.9,1013.1,2,5.1,N,38.6,1.4,26.5,37.7,21.8
4-Dec-14,17,20.7,13.8,79.9,93,56,1018.3,1020.9,1016.3,19.6,1.6,SSW,19.3,1.5,62.4,45.6,18.8
5-Dec-14,16.1,19,12.8,82.9,92,71,1020.1,1021.8,1018.2,0,0.5,SW,11.3,2,104.7,48.5,8.3
6-Dec-14,17.2,20.9,13.9,78.2,92,59,1016.5,1018.2,1015.4,10.2,2.4,WSW,29,1.4,50.3,39.2,22.7
7-Dec-14,15.7,18.9,12.2,78.3,90,64,1014.7,1016.9,1011.4,0.6,1.3,WSW,20.9,2.1,107.8,43.4,15.3
8-Dec-14,14.3,16.6,12.2,83.2,93,73,1005.8,1011.3,1003.3,37.4,3.7,S,27.4,0.9,33,41.2,22.8
9-Dec-14,13.4,16.8,11.7,77.9,92,61,1005.5,1010.6,1003.2,11.6,1.1,N,20.9,1.3,48,38.4,11.4
10-Dec-14,12.6,14.8,10.8,81.6,88,71,1016.3,1019.6,1010.7,7.4,5.3,N,24.1,1.9,87.9,35.2,5
11-Dec-14,13.3,15.9,12,87.4,93,80,1016,1019.6,1009.8,37.8,4.5,N,32.2,1.6,71.9,39,7.6
12-Dec-14,12.9,14.4,11.5,84.4,92,74,1013.6,1022.4,1007.8,21.4,6.6,N,33.8,1.2,54.6,42.2,10.6
13-Dec-14,12.7,16.9,9.1,72.5,85,57,1024.8,1026.2,1022.4,0,2.3,NE,17.7,1.9,81.2,44.4,11
14-Dec-14,11.5,16.4,7.6,74.5,88,51,1025.9,1027.2,1025.2,0,1.3,NNE,12.9,2.5,123.4,46.5,11.2
15-Dec-14,11.9,14.8,9.1,78.2,85,66,1026.5,1027.5,1025.1,0,1.3,NNW,12.9,2.5,123.1,47.6,5.9
16-Dec-14,14.2,16.4,10.4,82.9,93,74,1022.7,1025.4,1019.4,3.2,3.7,S,48.3,2.1,107.2,46.8,14.3
17-Dec-14,14.7,16.9,10.2,86.4,94,74,1017.2,1019.5,1015.6,11.8,4.6,S,45.1,1,43.6,36.7,27.5
18-Dec-14,12.2,15.8,9.4,84.1,95,66,1018.1,1021.1,1016,0.4,0.7,NNE,19.3,2.6,142.8,52.2,7.1
19-Dec-14,11.8,16.9,7.7,79,93,58,1023,1024.3,1021.2,0.2,0.6,S,12.9,3.5,209.9,54.1,7.8
20-Dec-14,12.3,17.1,7.7,80.8,92,62,1022,1023.5,1020.7,0.2,1.2,SSW,16.1,3.5,207.8,51.4,10.6
21-Dec-14,13.2,19.4,8.3,65.8,91,43,1021.5,1027.2,1018.6,0,4.9,SSW,38.6,2.4,121.4,42.8,15.4
22-Dec-14,10.3,13.8,6.4,54.5,76,37,1029.1,1031.6,1027.2,0,2.7,N,38.6,1.8,81.3,46.3,19.3
23-Dec-14,10.8,17.7,5.1,66.9,85,38,1026,1027.3,1025,0,0.8,SSW,16.1,3.5,232.7,61.9,9
24-Dec-14,11.6,18.2,6.6,79.5,91,56,1025.9,1027,1024.6,0.2,0.7,SSW,11.3,4.5,314.1,70.9,7.4
25-Dec-14,13.2,17.6,7.7,79.8,94,65,1021.6,1024.6,1018,0,1.2,SSW,14.5,2.3,138.4,43.7,18.2
26-Dec-14,13.3,16,10.8,78.2,89,65,1015,1018.2,1010.6,0,0.4,WSW,9.7,1.7,83.3,47.1,11
27-Dec-14,11,14.2,6.7,66.6,88,47,1011.8,1015.1,1009.7,0,2.1,WSW,22.5,1.4,57.9,45.1,11.8
28-Dec-14,11.7,16.2,5.5,71,86,56,1011,1015.6,1003.5,0.6,6.8,N,46.7,1.2,62.7,33.1,25.2
29-Dec-14,14,17.3,8.9,64.3,82,49,1008.5,1013.8,1002.1,1,5.4,W,40.2,0.8,24.8,30.5,36.2
30-Dec-14,5.4,8.9,2.3,75,85,64,1012.9,1015.2,1011.2,7.4,6,NNE,32.2,1,35.4,31.1,20.3
31-Dec-14,5.3,6.3,3.3,79.3,85,74,1013.2,1015.1,1010.9,1.2,18.8,N,62.8,0.8,26.5,23.4,29.5
1-Jan-15,4.7,5.8,3.6,74.1,81,67,1022.1,1027.9,1015.2,1.4,9.1,N,62.8,0.4,17.8,18,40
2-Jan-15,4.7,8.3,1.5,63.1,74,52,1028.2,1029.9,1027.2,0,2.7,NNW,22.5,0,0,0,0
3-Jan-15,6.2,12.7,0.2,66.8,83,41,1026.1,1027.3,1023,0,0.8,NNW,20.9,0,0,0,0
4-Jan-15,10.9,15.4,4.4,75.6,89,56,1015.4,1022.9,1011.3,0,2.1,SSW,22.5,0,0,0,0
5-Jan-15,6.2,9.5,1.8,65,88,51,1013.9,1014.8,1013,1.2,8.7,N,37,1.2,34.4,36.1,30
6-Jan-15,3.6,6.6,1.8,60.9,89,47,1016.4,1021.9,1013,0.8,5.1,N,33.8,0.4,9.7,20.1,47
7-Jan-15,3.8,6.6,1.9,60,82,42,1029.1,1036.2,1022.2,0,7,N,35.4,0.7,18.5,27.1,40.4
8-Jan-15,4.3,6.5,2.7,68.5,78,58,1037.1,1038.5,1036.3,0,3.8,NNE,17.7,1.1,33.3,37,22.7
9-Jan-15,6.5,10.3,2.3,66.7,81,46,1033.1,1037.4,1024.9,0,1,SSW,14.5,1.9,103.3,51,19.4
10-Jan-15,11,16.6,4.2,73.6,88,51,1019.6,1025,1016.5,0,1.6,SSW,17.7,2.8,145.3,56.4,11
11-Jan-15,12.7,18.1,7.1,79.6,90,58,1018.4,1021,1015.5,0,1.3,SSW,16.1,2.4,123.3,50.7,11.5
12-Jan-15,10,15.4,5.2,77.4,92,51,1018.5,1025.5,1013.9,9.6,7.3,N,48.3,1.2,48.5,39.4,17.3
13-Jan-15,9,10.9,5.1,55.2,84,43,1023.7,1025.7,1021.7,1.4,9.7,N,48.3,0.9,28.1,32.9,30.3
14-Jan-15,9.2,14.8,5.1,63,84,34,1021.6,1024,1019,0,0.9,WSW,12.9,2.6,168.9,61.2,12.5
15-Jan-15,10.5,16.8,4.9,59,87,28,1019.2,1021.6,1017.8,0,1.8,SSW,25.7,2.9,196.8,62.8,11.2
16-Jan-15,10.4,14.7,6.3,63,74,50,1025,1027.1,1021.6,0,3.8,N,27.4,2.3,118.7,59.4,9.5
17-Jan-15,9.8,14.7,3.9,73.4,88,52,1027,1027.9,1025.7,0,0.7,SW,12.9,2.3,135.4,60.5,14.4
18-Jan-15,12,15.2,6.7,83.7,93,73,1025.9,1028.1,1022.5,0.6,2.5,S,22.5,2.7,172.2,56.3,18.9
19-Jan-15,15.1,17.2,13.6,80.1,85,72,1020.2,1022.6,1018.6,0,7.3,S,35.4,0.7,17.2,32.6,39.9
20-Jan-15,14.9,17.9,10.9,78.8,90,61,1017.5,1019.8,1015.5,0,2.5,S,20.9,1.5,66.1,43,29.5
21-Jan-15,15,18.6,11.9,79.7,90,67,1016.9,1019.7,1014.6,0,2.2,S,25.7,1.9,100.3,54.5,24.3
22-Jan-15,15.1,18.2,10.8,76.3,93,50,1017.5,1020.8,1012,0,2,S,32.2,2,93.3,49.7,15.6
23-Jan-15,15.5,18.6,10.1,70.9,88,47,1009.1,1012.1,1006.7,4.4,9,S,46.7,0.7,19.8,28.3,46.4
24-Jan-15,12.1,13.6,8.8,82.4,92,70,1007.4,1008.3,1006.6,3,2.3,NE,25.7,0.8,29.9,40.9,25.3
25-Jan-15,13.3,16.1,8.9,78.2,86,65,1010.1,1014.1,1007.2,0.2,2.4,S,27.4,0.8,27.5,31.7,37.4
26-Jan-15,11.5,16.1,7.8,81.7,93,65,1017,1018.3,1014.1,12.6,2,N,24.1,1.7,103.3,44.3,16.9
27-Jan-15,10.4,12.7,7.8,81.1,94,67,1012.4,1016.8,1009.6,0.6,1.8,SSW,24.1,1.8,85.9,51.2,15.3
28-Jan-15,10.6,14.7,6.1,76.2,90,56,1010.3,1012,1008.3,4.6,1.7,SSW,19.3,1.7,97.5,45.9,20
29-Jan-15,11.3,14.4,9.8,82.9,90,67,1006.2,1008.3,1005,7.6,3.9,N,19.3,1.2,39,41.8,20.9
30-Jan-15,13,15.8,8.7,77.2,91,60,1003.4,1006.6,998.3,0.2,7.5,SSW,43.5,1.2,63.4,31,32.5
31-Jan-15,15.9,17.6,13.9,76.2,83,67,998,999.5,996.4,0,16.3,S,54.7,0.3,7.3,14.8,61.8
1-Feb-15,18.2,20.8,15.4,60.5,83,45,998.8,1002.2,995.1,0,9,SSW,48.3,0.3,7.5,16.9,44.9
2-Feb-15,12.5,15.4,9.3,64,75,53,1004,1007.1,1001.7,0,4.1,WSW,33.8,0.5,10.9,26.7,45.6
3-Feb-15,11,14.8,7.1,64,79,46,1011.6,1015.4,1007.2,0,2.1,W,29,1,53,41.2,26.9
4-Feb-15,12.6,16.1,7.2,75.2,85,67,1015.4,1016.6,1014.2,0,5.1,S,38.6,1.3,93.7,37.3,30.5
5-Feb-15,16,19.4,12.3,70.5,81,50,1014.1,1015.7,1011.8,0,4.3,S,30.6,1.1,44,36.3,35.7
6-Feb-15,14.5,18.2,9.7,70.7,82,56,1009.3,1014.2,1003.8,1.6,6.1,SSE,48.3,0.7,19,32.5,41.9
7-Feb-15,13,17.4,8.8,67,85,41,1015.3,1016.7,1013.9,0,1.9,WSW,27.4,1.3,64.1,44.5,23.2
8-Feb-15,12,15.3,8.9,66.7,80,50,1006.9,1014.1,1003.2,0,4.3,WSW,35.4,0.8,30.6,30.2,39.5
9-Feb-15,8.2,10.7,6.2,68.7,83,57,1002.4,1004,1000.9,2.6,8.4,NNE,48.3,1.1,32.1,36.5,23.5
10-Feb-15,3.5,6.2,1.5,79.8,89,64,1008.4,1014.6,1002.2,5,10.9,N,53.1,0.7,23.9,29.7,39.6
11-Feb-15,3.7,5.7,1.2,64.3,89,50,1018.7,1022.3,1014.6,0.4,7.5,N,32.2,0.8,27.1,33.5,39.4
12-Feb-15,5.7,6.8,3.9,58.7,67,53,1023.7,1025.3,1022,0,7.4,N,37,0.8,21,31.4,39
13-Feb-15,7.5,8.6,6.3,62.9,70,56,1023.4,1024.5,1022.1,0,2.7,N,27.4,1.2,32.3,41.5,23.4
14-Feb-15,8.3,9.8,7.2,70.9,78,64,1020.4,1022.1,1018.8,0.2,2.6,NNW,22.5,0.9,26.5,36.6,27.8
15-Feb-15,9.5,13.1,5.6,64.3,80,47,1019.7,1021.2,1018.6,0,3.1,N,25.7,1,34.8,39.5,25.8
16-Feb-15,8.6,12,3.9,69.6,84,60,1022.4,1024.4,1020.9,0,6.1,N,32.2,1.5,67.2,46,15.8
17-Feb-15,6.6,9.3,2.8,64.9,73,57,1027.1,1030.9,1024,0,13.6,NNE,45.1,1,32.8,32,32.5
18-Feb-15,2.9,5,1,59.1,84,44,1032.3,1033.6,1030.9,0,11.6,N,43.5,0.8,30,31.3,38.1
19-Feb-15,5.3,9.3,0.8,50.6,87,31,1028.8,1033.1,1025.7,0.2,4.1,N,33.8,1,44.8,40.9,30.8
20-Feb-15,8.6,14.4,2.1,45,67,27,1023.5,1025.7,1021.3,0,1.9,N,25.7,2.5,152,63.2,13.3
21-Feb-15,10.4,15.3,4.5,61.6,81,42,1019.6,1021.5,1017.4,0,1.7,SSW,20.9,1.7,104.1,54.4,26.6
22-Feb-15,12,14.7,8.5,80.9,90,68,1014.5,1017.5,1011.6,13.2,5.2,S,32.2,1.5,74,46.2,24.4
23-Feb-15,13.6,15.6,11.1,86.8,93,78,1009.3,1012.1,1007.6,5,4.9,S,41.8,0.6,14.9,29.5,39.2
24-Feb-15,12.9,15.9,9.8,79.4,92,62,1007,1008.1,1005.7,0.6,1.6,S,24.1,1.3,53,44.2,21
25-Feb-15,13.1,17.6,9.2,69.6,88,49,1009.9,1016.7,1005.5,0.2,3.3,S,32.2,1,54,40.8,25.8
26-Feb-15,12.3,16,7.8,79.5,91,62,1017.5,1019.7,1014.4,10.6,2.6,SW,24.1,1.8,110.5,49.3,16.3
27-Feb-15,13.2,18.1,9.9,80.2,90,62,1008.4,1014.3,1005.1,15.6,3.7,S,37,0.8,21.5,36.1,39
28-Feb-15,13.1,15.8,9.8,74.5,89,62,1013.2,1017.7,1007.5,0.2,2.1,WSW,17.7,0.9,24.9,40.6,27.4
1-Mar-15,13.5,17.1,10.1,72.7,88,57,1017.7,1019,1016.6,0,2.2,WSW,22.5,1,43.3,39.5,25.5
2-Mar-15,13.3,18.2,7.8,70.3,88,47,1018.6,1020.6,1016.4,0,4.2,WSW,33.8,1.1,58,36.9,33.2
3-Mar-15,16.6,21.1,13.2,60.4,73,48,1018.4,1023.7,1015.1,0,4.7,W,40.2,1,36.3,36.3,42
4-Mar-15,13.5,16.4,10.6,57.9,68,46,1025.3,1027.5,1023.7,0,4.6,NNE,27.4,1.4,50.3,49.4,21
5-Mar-15,13.7,15.7,9.2,72.7,84,62,1019.4,1023.7,1016.3,0,6.8,S,35.4,1,44,38.3,36.7
6-Mar-15,16.6,19.4,12.6,78.6,91,68,1014.3,1016.3,1012.8,3.8,11.8,S,48.3,0.6,14,24.4,53.3
7-Mar-15,11.4,14.8,8.9,76.2,92,59,1016,1018.1,1013.1,7.8,2.7,W,19.3,0.8,21.1,34.3,29
8-Mar-15,10.8,14.3,8.5,67.4,77,57,1020.6,1023.5,1017.8,0.2,4.9,W,33.8,0.5,12.2,24.1,46.2
9-Mar-15,10.3,11.9,8.9,73.3,79,67,1023,1024,1021.8,0.2,10.5,N,35.4,1,25.1,32.3,38.8
10-Mar-15,10.8,14.8,6.5,71.1,87,53,1023.4,1025,1022.3,0,2.7,N,20.9,1.2,40.7,41.2,22.6
11-Mar-15,11.9,15.3,9.2,72.1,89,58,1017.9,1022.2,1014,3.2,3.6,N,24.1,0.8,26,34.7,40.2
12-Mar-15,11.4,15.1,8.8,66.6,90,45,1013.7,1015.4,1012.4,0,2.6,N,22.5,1.2,44.8,44.8,26.9
13-Mar-15,9.5,10.9,8.2,78.5,87,60,1013.2,1015,1010.9,30.6,6.7,NNE,32.2,1,36.4,42.7,31.4
14-Mar-15,12,15.5,8.5,64.5,83,47,1019.4,1025.3,1013.7,1.4,4.2,N,32.2,1,21.5,35.7,43
15-Mar-15,11.9,16.8,7.1,65.4,84,40,1028.3,1031.3,1025.1,0,4.9,N,29,1.3,60.8,41.1,33.1
16-Mar-15,12,14.3,10.4,63.6,73,55,1030.9,1032.8,1029.5,0,13.1,NNE,43.5,0.9,25.9,31.2,36.9
17-Mar-15,11.4,14.1,9.3,53,66,36,1027,1029.9,1025.2,0,13.5,N,40.2,1,26,33.3,45
18-Mar-15,9.3,12.2,6.9,57.8,66,50,1024.5,1025.5,1023.3,0,12.5,NNE,48.3,0.9,25.6,31,46.3
19-Mar-15,10,13.3,4.3,61.3,77,45,1021.6,1024.3,1018.2,0,2.6,SSW,24.1,0.7,23.4,36.6,43.8
20-Mar-15,9.2,11.2,7.3,58.3,79,45,1020.2,1023.4,1017.1,0,6.8,N,35.4,1,27.5,38.1,36.3
21-Mar-15,10.4,14.6,5.2,50.2,71,32,1023.7,1025.7,1022.4,0,2.4,S,22.5,0.8,23.8,37.3,46.3
22-Mar-15,10.9,14.9,5.7,71.1,84,46,1020.9,1023.4,1018.1,1.8,2,S,25.7,1.5,80.4,48.8,31.2
23-Mar-15,13,15.9,10.4,80.6,87,71,1017.4,1019.4,1016.1,0.6,3.9,N,22.5,1.3,44.8,52.8,14.6
24-Mar-15,13.9,17.4,11.4,74.6,84,62,1020.5,1022,1018.7,0,6.8,N,29,1.2,28.3,41.3,28.3
25-Mar-15,12.6,14.2,10.8,81.9,89,73,1018,1020.5,1016.9,6,3.2,N,20.9,0.8,24.5,40.1,27.7
26-Mar-15,14.9,16.8,13.5,85.9,94,71,1013.5,1017.3,1008.3,26.2,3.7,NE,37,1.3,38.6,48.8,20.2
27-Mar-15,16,18.1,14.2,83.6,90,78,1004.4,1008.2,1002.8,0.2,6.4,S,35.4,0.8,22.1,36.9,39.4
28-Mar-15,14.9,17.8,12.8,79.4,90,64,1003.7,1006.8,1001.7,4.8,2.9,SSW,19.3,0.8,20.6,40.1,37.9
29-Mar-15,13.8,16.5,11.2,77.8,89,60,1009.3,1012.6,1005.9,3.4,2,N,16.1,0.8,22.8,36.3,26.4
30-Mar-15,14.8,18.4,9.8,68.6,93,41,1010.5,1013.1,1008.2,0,3.1,SSW,22.5,1,49.9,34.3,37.5
31-Mar-15,16.1,21.1,12.7,64.2,83,42,1011.1,1014,1007.8,0,3.9,SSW,30.6,0.8,18.2,36,41.4
1-Apr-15,16.9,21.7,11.4,65.7,85,50,1009.4,1012,1006.7,0,3.6,SSW,33.8,0.7,21.4,36.5,40.6
2-Apr-15,15.8,20.3,12.7,52.1,85,31,1014.8,1016.8,1010.3,0,3.1,W,25.7,1,29.9,42.8,31.8
3-Apr-15,14.6,19.9,10.2,57.8,72,38,1012.7,1016.3,1009.5,0,5.4,SSW,33.8,0.8,32.3,41.9,44
4-Apr-15,12.8,14.8,10.8,45.8,68,32,1017.2,1019,1014.7,0,5.2,S,22.5,0.7,20.8,32.9,52.2
5-Apr-15,14.7,17,11.8,76,87,67,1013.4,1014.6,1011.5,0,6.3,S,29,0.6,14.1,31.6,52
6-Apr-15,16.9,20.4,13.9,69.6,88,48,1007.9,1011.4,1004,0,8.5,S,41.8,0.6,11.8,24.5,49.7
7-Apr-15,14,18.8,9.4,56.1,76,33,1013.1,1016.2,1010,1.4,7.3,W,35.4,0.6,13.8,27.9,53.1
8-Apr-15,10.2,12.8,7.7,61.8,75,48,1016.1,1017.6,1015.1,0,12.8,N,49.9,0.9,27,32.3,43.7
9-Apr-15,9.8,12.9,5.3,63.2,85,42,1019.4,1023.6,1015.5,6.6,10.4,N,41.8,0.8,23.4,34,46.8
10-Apr-15,12.5,15.6,8.2,36.2,51,24,1026.8,1028.6,1023.7,0,12.4,N,48.3,0.8,26,31.3,46.3
11-Apr-15,13.8,20.2,6.6,48.6,74,28,1026.7,1028.3,1025.2,0,3.1,SSW,24.1,0.9,45.8,44.8,40.1
12-Apr-15,15.5,22.1,8.2,56.8,76,38,1025,1026.1,1023.5,0,1.8,SSW,19.3,1.2,60.5,41.3,43.2
13-Apr-15,16.9,23.3,10,50.2,77,21,1024.3,1026,1022.2,0,1.8,S,16.1,1,49.3,43.4,39.7
14-Apr-15,17.8,23.2,11.4,52.6,70,35,1020.9,1022.3,1019.4,0,2.1,SW,19.3,1.1,60.1,56,35.8
15-Apr-15,17.8,22.3,13.1,50.7,67,39,1021.1,1022.8,1019.4,0,2.9,NNE,22.5,1,31.5,48.5,35.5
16-Apr-15,16.6,20.8,11.3,60.2,86,41,1022.8,1024.6,1021.7,0,3.1,SSW,25.7,0.9,46.1,42.1,46.5
17-Apr-15,18.9,22,13.9,57.3,87,43,1020.8,1022.3,1019.1,0,5.1,SSW,35.4,0.6,12.4,37.7,59
18-Apr-15,20.1,24.3,16.8,46.1,67,34,1015.6,1018.9,1011.8,0,4.2,SSW,22.5,0.6,11.1,36,71.3
19-Apr-15,18.1,24.3,13.4,64.8,82,48,1013.5,1016.7,1011.2,0.2,6.2,W,35.4,0.8,26.7,42.1,38.9
20-Apr-15,14.9,18.8,11.8,62.7,83,46,1015.3,1016.8,1013.9,0,7.1,SSW,33.8,0.7,16.3,28.9,55.6
21-Apr-15,15.4,20.1,11.2,55.5,84,29,1016.3,1019.9,1013.4,0,6.1,N,37,0.9,23.5,40,40.3
22-Apr-15,15.8,21.2,10.1,51.8,72,27,1019.2,1022.7,1017.2,0,5.8,N,30.6,0.8,24.4,37.8,46.9
23-Apr-15,14.3,18.1,11.6,56.7,72,40,1024.3,1025.8,1022.8,0,5.9,SSW,27.4,0.6,13.3,26.3,63.3
24-Apr-15,16,19.2,11.4,68,79,57,1021.9,1023.7,1019.3,0,3.3,SSW,25.7,0.7,23.4,39.4,50.1
25-Apr-15,17.5,21.2,15.1,68.1,80,47,1018.6,1020.1,1017.3,0,3.1,WSW,27.4,0.7,19,41.2,43.2
26-Apr-15,17.4,21.6,13.3,72,88,56,1017,1018.1,1015.4,0,2.5,SW,24.1,0.7,27.5,40.9,42.3
27-Apr-15,18.3,22.7,13.2,65.4,89,45,1015.7,1017.1,1013.4,0,2.3,SW,25.7,0.7,30.9,42.8,36.1
28-Apr-15,19.8,23.7,14.2,56.1,72,48,1010.7,1013.4,1008.5,0,5,WSW,32.2,0.6,17,36.5,56.2
29-Apr-15,20.7,24.5,16.8,55.7,67,44,1013.8,1016.4,1011.6,0,4.2,SSW,30.6,0.5,11.1,28.5,60
30-Apr-15,19.6,23.7,15.6,63,76,49,1016.4,1017.3,1015.3,0.6,3.1,SSW,30.6,0.7,27.9,42.1,38.2
1-May-15,19.6,24.2,14.5,62.6,80,46,1016.5,1017.4,1015.3,0,3.3,SSW,25.7,0.4,9.5,27.6,54.5
2-May-15,19.9,24.1,14.8,59.2,82,40,1014.3,1016.1,1012.6,0,3.3,SSW,24.1,0.6,21.6,40.9,48.1
3-May-15,20.7,25.7,15.6,59.6,74,42,1014.8,1016.1,1013.1,0,2.5,SW,22.5,0.7,18.5,40.2,49.3
4-May-15,21.4,26.1,16.2,58.4,74,42,1016.4,1017.2,1015.3,0,2.2,SW,22.5,0.8,39.7,47.1,42.2
5-May-15,22.9,28.3,17.4,50.6,72,33,1015.6,1016.6,1014.5,0,2.1,SSW,20.9,1,53,57.4,38.2
6-May-15,24.5,29.4,17.8,50.7,70,38,1014,1015,1013.1,0,2.2,SSW,20.9,1.1,60.3,59.5,44.3
7-May-15,25.8,31.3,20.1,52.8,68,37,1011.1,1013.1,1008.5,0,2.9,SSW,25.7,1.2,62.7,56,34.7
8-May-15,24.2,27.8,20.8,54.9,66,43,1013.3,1014.9,1010.2,0,9.5,NNE,45.1,1,25.4,42.8,45.5
9-May-15,23.7,28.6,18.4,39.7,66,24,1012.6,1014.1,1010.4,0,7,N,30.6,0.9,24.8,46.7,46.5
10-May-15,21.6,24.9,19.1,41.4,56,27,1013.7,1014.9,1012.3,0,9.9,N,43.5,0.5,15.8,33.7,68.6
11-May-15,19.6,23.6,16.8,54.7,73,42,1014.7,1015.8,1013.3,0.4,6.1,NNE,33.8,0.7,15.3,34.9,61
12-May-15,20,22.7,17.4,44.5,59,35,1018,1019.7,1015,0,14.7,N,51.5,0.8,18.1,37.1,69.2
13-May-15,21.4,25.3,16.7,42.2,64,29,1018.7,1019.9,1017,0,7.6,N,40.2,0.9,21.8,45,57
14-May-15,21.6,25.3,15.3,48.6,64,35,1014.4,1017,1012.4,0,4,SSW,29,0.9,45.1,47,51.1
15-May-15,22.6,27.3,18.7,58.2,87,38,1016.3,1019.4,1012.9,0,2.8,SSW,24.1,0.6,11.5,41.5,65.1
16-May-15,21,24.1,18.3,71.8,88,57,1020.3,1021.4,1018.9,0,3.3,WSW,24.1,0.5,9.5,32.8,51.1
17-May-15,21.5,25.4,17.8,67.6,81,45,1017.4,1019.3,1015.9,0,2.1,SSW,17.7,0.4,9,32.3,57.1
18-May-15,22.2,26.4,16.1,58.5,78,41,1013.8,1015.9,1010.8,0,2.4,SW,19.3,0.7,28.5,50.8,39.2
19-May-15,21.5,25.9,17.2,61.6,81,33,1009,1010.6,1007.4,0,3.6,SSW,27.4,0.7,18.5,43.5,50.5
20-May-15,22.5,26.8,19.2,59,76,40,1010.5,1013.4,1008,0.8,2.7,W,30.6,0.5,10.8,38.5,58.5
21-May-15,23.4,27.1,18.1,60.8,81,48,1014.8,1016.1,1013.1,0,2.5,SW,22.5,0.7,23.4,47.6,42.3
22-May-15,23.7,29.6,20.3,57.6,75,35,1014,1015.4,1011.8,0,1.9,SSW,25.7,1,36.1,60.2,30.2
23-May-15,23.1,27.6,18.3,61.2,74,45,1010.1,1011.7,1008.7,0,3,SSW,20.9,0.7,25.9,47.8,49.5
24-May-15,22.9,27.2,18,49.8,68,32,1009.1,1010.2,1008,0,3.7,SW,32.2,0.4,10,32.5,67.4
25-May-15,22.5,28.1,17.3,50.5,65,32,1010.5,1011.2,1009.6,0,4.4,SSW,30.6,0.4,8.8,30.9,69
26-May-15,21.4,26.3,16.9,59.8,78,39,1008.9,1010.2,1005.9,0.2,3.8,SSW,32.2,0.5,15,37,56.5
27-May-15,21.8,24.9,17.8,65.5,82,51,1006.7,1008.7,1005.4,0,3.5,S,30.6,0.4,11.3,32,57.8
28-May-15,19.7,24.8,16.7,66.3,85,48,1010,1011.4,1008.2,30.2,3,WNW,25.7,0.6,16.5,37.8,39.5
29-May-15,18.1,20.9,16.3,65.9,73,59,1013.1,1015.7,1009.7,0.2,5.2,NNE,27.4,0.7,20.9,31.9,34.6
30-May-15,20.1,24,15.2,63.4,79,48,1016.4,1017.6,1015.1,0,2.8,SSW,24.1,0.6,27.2,33.3,45.6
31-May-15,21.5,25.9,16.2,55.5,79,40,1017.7,1018.4,1016.7,0,2.7,SW,22.5,0.6,23.8,37.3,52
1-Jun-15,22.9,27.2,16.8,44.9,62,34,1017.2,1018.4,1015.9,0,7.1,N,35.4,0.9,29.7,47.5,39
2-Jun-15,23.8,27.6,18.1,45.5,64,33,1016.2,1017.2,1015.6,0,6.7,N,32.2,0.8,20.4,41.3,52.7
3-Jun-15,25,29.4,20.7,43.6,56,31,1016.8,1017.9,1015.8,0,6.5,NNE,33.8,0.7,16.6,38.8,52.8
4-Jun-15,26,29.4,21.9,43.2,63,33,1016.5,1017.6,1014.9,0.2,8,N,37,1,23.5,45.3,50.9
5-Jun-15,23.5,27.2,18.1,59,82,47,1016.7,1018.4,1015.2,5,9.6,NNE,35.4,1,26.3,45.8,43.5
6-Jun-15,23.7,26.5,21.5,57.8,72,44,1017.8,1019,1017.1,0,14.9,N,48.3,0.7,20,36.6,53.8
7-Jun-15,22,24.4,19.6,68.8,74,62,1017.8,1018.6,1016.7,0,12.6,NNE,48.3,0.4,14.4,28,59.3
8-Jun-15,22.6,26.5,19.1,59.3,75,48,1016.1,1017.5,1014.6,0,2.9,W,25.7,0.6,11.5,31.9,54.5
9-Jun-15,22.2,26.1,19.4,63.9,77,52,1014.6,1015.5,1013.4,0,3.5,W,25.7,0.4,9.1,30.8,65.7
10-Jun-15,23.3,27.8,19.4,59.6,78,42,1014.5,1014.9,1013.9,0,2.5,S,24.1,0.7,18.2,40.7,55.8
11-Jun-15,24,28.1,19.1,57.3,76,44,1014.8,1016.2,1013.7,0,3.8,NNE,29,1.2,45.9,53.5,27.1
12-Jun-15,26.3,30.6,20.2,51.1,70,40,1016.6,1017.5,1015.4,0,6.4,N,32.2,1,26.6,51.5,38.6
13-Jun-15,27.8,32.2,22.1,40.2,60,30,1016.4,1017.7,1014.8,0,5.8,N,30.6,1,27.8,54.5,39.1
14-Jun-15,27.6,32.3,21.9,42.6,55,35,1014.7,1015.9,1013,0,3,SSW,20.9,0.7,33.5,45.1,63.4
15-Jun-15,28.6,33.5,22.8,44.7,59,33,1012.5,1013.3,1011.2,0,2.8,SSW,22.5,0.9,51.9,57.1,47.5
16-Jun-15,29.6,35.1,23.2,43.3,57,32,1010.2,1011.8,1008.2,0,2.7,SSW,22.5,0.7,47.8,48.7,19.1
17-Jun-15,29,33.6,23.7,45.9,68,34,1008.3,1010.4,1006,0,5,SSW,32.2,0,0,0,0
18-Jun-15,24.5,28.5,21.7,61.8,80,48,1005.4,1006.6,1004.1,1,5.3,N,29,0,0,0,0
19-Jun-15,23.1,27.6,19.1,62.4,82,38,1009.5,1011.5,1006.5,0.2,5.1,N,30.6,0,0,0,0
20-Jun-15,24.3,27.8,20.2,61.2,80,46,1010.8,1011.8,1009.8,0,3.8,SSW,25.7,0,0,0,0
21-Jun-15,25.3,29.7,21.8,61.8,81,39,1010,1012,1008.5,0,4.5,SSW,25.7,0,0,0,0
22-Jun-15,21.8,24.7,19.2,68.1,84,57,1014.2,1016,1011.6,2.4,7.3,NNE,32.2,0,0,0,0
23-Jun-15,23.2,28.9,18.1,57.3,73,32,1015.1,1016,1013.9,0,3.3,SSW,29,0,0,0,0
24-Jun-15,24.8,29.9,19.4,57.5,73,38,1015.1,1016.1,1014.1,0,2.8,SSW,22.5,0,0,0,0
25-Jun-15,26.2,31.7,21.7,57.8,73,43,1014.2,1015.2,1013.1,0,3.7,SSW,27.4,0,0,0,0
26-Jun-15,25.1,29.2,22.3,48,61,36,1010.6,1012.9,1008.7,0.8,4.5,N,33.8,0,0,0,0
27-Jun-15,23.6,27.5,21.1,49.6,61,38,1010.3,1012.5,1008.4,0,5.2,NNE,30.6,0,0,0,0
28-Jun-15,24.2,28.8,19.8,55.6,72,42,1012.9,1014.1,1011.8,0,3.2,N,25.7,0,0,0,0
29-Jun-15,24.3,29.4,20.8,59.6,79,37,1015.3,1016.7,1013.5,1.8,2.5,N,20.9,0,0,0,0
30-Jun-15,24.1,29.7,19.7,61.5,83,42,1017,1018.9,1015.5,4.4,3.9,N,24.1,0,0,0,0
1-Jul-15,24.1,29.1,19.4,58,73,45,1018.3,1019.5,1017.2,0.8,4,N,27.4,0,0,0,0
2-Jul-15,26.3,30.2,21.9,45.8,61,34,1019.1,1020.2,1018.6,0,7.7,N,38.6,0,0,0,0
3-Jul-15,27.1,30.6,22.3,45.8,59,36,1020,1021.3,1019,0,8.4,NNE,37,0,0,0,0
4-Jul-15,26,29.3,23.2,47.5,61,37,1019.6,1020.7,1018.7,0,9.7,NNE,35.4,0,0,0,0
5-Jul-15,27.2,31.3,22.9,45.3,57,33,1017.7,1018.5,1016.8,0,6.4,NNE,35.4,0,0,0,0
6-Jul-15,0,0,0,39.4,54,30,1016.4,1017.5,1015.2,0,5.9,NNE,29,0,0,0,0
7-Jul-15,29.7,33.6,25.1,43,54,31,1014,1015.8,1011.1,0,10,N,45.1,0,0,0,0
8-Jul-15,30,34.3,24.8,41.8,70,29,1009.6,1011.1,1008.4,0,5.9,N,37,0,0,0,0
9-Jul-15,28.4,33.2,23.3,50.8,72,34,1009.5,1010.9,1008.3,0,2.7,SSW,20.9,0,0,0,0
10-Jul-15,28.8,33.2,24.1,54.5,65,41,1012,1014.4,1010.2,0,2.8,WSW,22.5,0,0,0,0
11-Jul-15,28.2,31.5,25.6,55,66,46,1014,1015.2,1012.6,0,6.6,NNE,30.6,0,0,0,0
12-Jul-15,28.4,32.3,24.3,42,53,29,1013.7,1014.7,1012.7,0,7.4,NNE,27.4,0,0,0,0
13-Jul-15,29,32.9,24.7,39.1,46,34,1013.4,1014.6,1012.2,0,6.1,NNE,30.6,0,0,0,0
14-Jul-15,30.2,34.4,25,43.9,62,32,1012.2,1014.2,1010.7,0,3.2,NNE,25.7,0,0,0,0
15-Jul-15,28.9,32.1,26.4,44.8,55,38,1015.7,1016.7,1014.2,0,9.8,NNE,33.8,0,18,42.9,39.9
16-Jul-15,29.8,33.3,25.7,42.6,50,35,1015.9,1016.8,1014.8,0,10.1,N,46.7,0,25.8,49.5,35
17-Jul-15,29.6,33.3,26.6,37.7,49,27,1016,1016.9,1015,0,12.6,NNE,53.1,0,21,43.7,51.8
18-Jul-15,29.9,33.6,26.4,33.2,50,21,1013.9,1014.8,1012.6,0,13.7,NNE,48.3,0,20.7,40.5,57.3
19-Jul-15,30.9,34.3,27.9,32.1,41,24,1011.5,1012.7,1009.8,0,11.6,N,41.8,0,14.6,35.8,68.3
20-Jul-15,31.5,35.9,26.4,27.1,44,18,1009,1009.6,1008,0,7,NNE,38.6,0,21.5,46.3,55.9
21-Jul-15,32.2,36.3,25.6,31.4,41,23,1009.5,1010.9,1008.7,0,12.6,NNE,49.9,0,31.7,48.5,50.1
22-Jul-15,30.7,33.8,27.2,40.1,48,34,1011.2,1012.1,1010,0,13.8,NNE,43.5,0,16.9,33.4,51.2
23-Jul-15,29.9,35.4,24.8,40.1,69,28,1009.2,1010.6,1007.6,0,2.7,WNW,24.1,0,0,0,0
24-Jul-15,28.5,33.7,24.8,53.6,74,33,1009.5,1010.6,1008.4,0,3,SW,24.1,0,0,0,0
25-Jul-15,28.6,32.4,24.6,56.5,73,47,1009.6,1010.7,1008.6,0,2.5,SSW,22.5,0,0,0,0
26-Jul-15,29.2,33.7,25.5,60.9,77,47,1008.4,1009.2,1007.5,0,2,SSW,19.3,0,0,0,0
27-Jul-15,30.4,35.3,26.4,53.7,64,40,1006.9,1007.9,1005.8,0,2.5,WSW,19.3,0,0,0,0
28-Jul-15,31.2,35.7,26.8,54.9,74,41,1006.5,1008.1,1005.5,0,2.1,WSW,20.9,0,0,0,0
29-Jul-15,31.5,35.8,27.8,53.2,75,40,1007.3,1008.1,1006.3,0,2.3,SW,24.1,0,0,0,0
30-Jul-15,31.9,36.8,26.7,49.8,63,36,1006.9,1007.5,1005.8,0,2.3,SW,24.1,0,0,0,0
31-Jul-15,32,37.2,27.4,52.1,66,37,1007,1009.8,1005.8,0,2.6,SW,22.5,0,0,0,0
1-Aug-15,32.1,36,29.2,44.3,54,33,1012.3,1014.8,1008.9,0,10.2,NNE,41.8,0,0,0,0
2-Aug-15,30.4,33.7,27.5,50.9,60,43,1015.4,1016.3,1014.6,0,11.4,NNE,37,0,0,0,0
3-Aug-15,30.3,35,26.9,51,63,40,1013.5,1014.7,1011.7,0,8.4,NNE,35.4,0,0,0,0
4-Aug-15,30.7,35.4,26.6,45.3,64,31,1011,1012.8,1009.1,0,2.2,NW,25.7,0,0,0,0
5-Aug-15,31.7,36.1,26.7,41.7,49,34,1009.7,1010.5,1008.4,0,6.4,NNE,32.2,0,0,0,0
6-Aug-15,31.2,34.4,27.8,47.1,63,35,1009.5,1010.5,1008.4,0,10.7,N,41.8,0,0,0,0
7-Aug-15,29.8,33.6,27.1,54.6,64,44,1010.9,1013.2,1009.1,0,7.6,N,33.8,0,0,0,0
8-Aug-15,29,32.3,26.7,51.7,64,41,1013.7,1015.1,1011.7,0,8.3,NNE,37,0,0,0,0
9-Aug-15,29.5,33.2,26.3,45.5,59,34,1013.8,1014.5,1012.7,0,5.6,NNW,33.8,0,0,0,0
10-Aug-15,28.5,33.2,25.1,52.3,70,38,1012.2,1012.9,1011.4,0,1.8,SSW,25.7,0,0,0,0
11-Aug-15,29,33.4,23.8,50.3,70,37,1012.1,1013.5,1011,0,2.7,SSW,22.5,0,0,0,0
12-Aug-15,29.5,33.6,24.8,53.6,68,40,1012.5,1013.6,1011.3,0,2.4,SSW,22.5,0,0,0,0
13-Aug-15,29.1,33.5,25.7,55.7,73,40,1010.7,1011.4,1010,0,2,SW,22.5,0,0,0,0
14-Aug-15,28.9,34.4,24.8,59.4,76,40,1010,1010.6,1009.3,0,3,SW,24.1,0,0,0,0
15-Aug-15,29.2,33.1,26.3,59.7,76,42,1009.4,1010.1,1008.1,0,2.1,SW,22.5,0,0,0,0
16-Aug-15,29.6,33.3,25.2,56.3,71,44,1009.5,1010.1,1008.9,0,2.7,SSW,24.1,0,0,0,0
17-Aug-15,30.9,35.8,25.6,44.9,67,29,1009.2,1010.1,1008,0,3.9,WSW,38.6,0,0,0,0
18-Aug-15,29.1,33.4,25.7,54.5,71,37,1010.1,1011.3,1009.3,0,2.7,SW,22.5,0,0,0,0
19-Aug-15,29.8,35.2,24.7,52.8,66,34,1011.6,1013.2,1010.6,0,2.1,SW,22.5,0,0,0,0
20-Aug-15,29.7,33.4,25.9,49.9,63,36,1012.8,1013.6,1011.9,0,2.9,SSW,20.9,0,0,0,0
21-Aug-15,28.7,33.1,26.3,57.6,69,42,1013.1,1014.2,1012.1,0.4,6.7,N,30.6,0,0,0,0
22-Aug-15,27.8,32.2,25.1,57.8,71,46,1012.1,1013,1010.5,0,4.8,N,29,0,0,0,0
23-Aug-15,26.5,30.1,24.1,59,72,47,1013,1014.2,1011.9,0,5.6,N,30.6,0,0,0,0
24-Aug-15,26.7,30.7,23.1,51,63,40,1015.2,1016.4,1013.7,0,7.7,N,33.8,0,0,0,0
25-Aug-15,27.6,31.3,24.2,42.2,61,31,1015.8,1016.6,1014.9,0,8.3,N,41.8,0,0,0,0
26-Aug-15,27.8,31.6,23.4,38.3,53,27,1015.6,1016.5,1014.7,0,9.5,N,38.6,0,0,0,0
27-Aug-15,27.8,31.4,24.8,38.1,54,25,1016.3,1017.8,1014.8,0,9.6,NNE,43.5,0,0,0,0
28-Aug-15,28.2,33.4,23.3,34.5,57,18,1017.9,1018.8,1016.7,0,7.3,NE,33.8,0,0,0,0
29-Aug-15,28.8,33.5,21.6,33,49,20,1018.4,1019.3,1017.3,0,7.7,N,38.6,0,0,0,0
30-Aug-15,30.1,33.9,27.2,36.5,46,29,1018.1,1019.3,1017.2,0,12.6,NNE,48.3,0,0,0,0
31-Aug-15,29.6,34.2,24.7,36.6,47,23,1016,1017.5,1014.2,0,8.2,NNE,37,0,0,0,0
1-Sep-15,28.8,34.6,24.4,49.2,75,25,1013,1014.1,1011.6,0,2.3,WSW,22.5,0,0,0,0
2-Sep-15,27.1,31.5,23,61.1,77,41,1011.6,1012.4,1010.7,0,2.2,WSW,19.3,0,0,0,0
3-Sep-15,27.9,31.9,24.3,63.1,79,48,1011.1,1012.2,1010.4,0,2.2,SSW,19.3,0,0,0,0
4-Sep-15,29.1,34.6,23.7,56.1,71,40,1012.7,1013.9,1011.5,0,1.8,SSW,17.7,0,0,0,0
5-Sep-15,29.9,35.9,24.4,50,63,35,1014,1015,1012.9,0,1.8,SSW,17.7,0,0,0,0
6-Sep-15,31.5,37.6,25.2,47.3,62,32,1012.9,1013.9,1011.6,0,2.6,SSW,22.5,0,0,0,0
7-Sep-15,30.5,35.3,27.1,52.9,65,33,1012.9,1014,1011.1,0,2.5,N,20.9,0,0,0,0
8-Sep-15,27.7,32.3,24.2,56.7,67,45,1013.5,1016,1012.1,0,7.4,NNE,30.6,0,0,0,0
9-Sep-15,25.8,30.2,22.8,58.5,72,43,1015.1,1016.1,1014,0,9.6,N,37,0,0,0,0
10-Sep-15,26.7,30.4,23.2,58,80,39,1013.9,1014.9,1012.7,0,3.1,NNW,24.1,0,0,0,0
11-Sep-15,27.5,32.1,23.6,62.9,81,48,1015.5,1016.3,1014.5,0,2.7,W,24.1,0,0,0,0
12-Sep-15,26.5,31.2,23.3,56.9,67,43,1016.6,1018.4,1015.2,0,4.7,W,25.7,0,0,0,0
13-Sep-15,25.3,29.1,22.4,55.1,69,41,1018.1,1019.2,1017,0,9.2,N,30.6,0,0,0,0
14-Sep-15,25.8,31.3,21.7,48.9,68,34,1017.4,1018.3,1016.4,0,5.2,N,32.2,0,0,0,0
15-Sep-15,25.4,30.6,21.1,52.8,62,43,1017,1018.4,1015.5,0,5.9,NNE,30.6,0,0,0,0
16-Sep-15,26.3,31.3,21.5,51.3,62,41,1015.5,1016.5,1014.4,0,5.8,NNE,27.4,0,0,0,0
17-Sep-15,27.2,33.2,22.3,43.1,59,29,1014.4,1015.7,1012.7,0,5,N,32.2,0,0,0,0
18-Sep-15,28.4,34.1,21.3,39.5,59,25,1013.9,1014.8,1013,0,6.8,N,30.6,0,0,0,0
19-Sep-15,28,32.9,23.7,40.8,59,27,1013.7,1014.4,1012.7,0,4.9,N,30.6,0,0,0,0
20-Sep-15,25.7,29.7,21.7,54.4,66,42,1010.4,1013.3,1007.6,0,2.6,SSW,24.1,0,0,0,0
21-Sep-15,21,25.4,17.3,77.9,89,59,1006.3,1010.5,1004.5,21.8,6.9,NNE,41.8,0,0,0,0
22-Sep-15,21.6,25.1,19.2,78.2,86,64,1007.1,1008.2,1006.3,5.4,3.5,N,24.1,0,0,0,0
23-Sep-15,23.7,29.2,20.1,72.3,86,49,1010.2,1012.8,1007.2,0.2,2.1,W,20.9,0,0,0,0
24-Sep-15,24.8,28.6,20.9,72.4,88,55,1013.4,1014.3,1012,0,2.7,S,24.1,0,0,0,0
25-Sep-15,24.8,27.8,20.8,75.6,86,60,1013.7,1014.7,1012.6,0,4.2,S,27.4,0,0,0,0
26-Sep-15,23.7,26.1,20.3,78.8,91,66,1012.1,1013.3,1010.9,26.2,2.6,S,37,0,0,0,0
27-Sep-15,23.5,27.4,19.3,71.6,91,55,1014.4,1016,1012.4,0,1.5,S,19.3,0,0,0,0
28-Sep-15,23.6,27.7,21.4,72.3,82,55,1015.9,1016.7,1014.9,0,2.5,S,22.5,0,0,0,0
29-Sep-15,22.5,27.2,19.7,68.7,82,51,1017.4,1019,1016.3,0,5.4,N,29,0,0,0,0
30-Sep-15,19.9,22.6,18.2,66.2,76,58,1020.7,1023.3,1018.1,0,13.2,NNE,38.6,0,0,0,0
1-Oct-15,19.7,22.9,17.7,58.5,67,49,1023.7,1025.2,1022.6,0,11.1,NNE,37,0,0,0,0
2-Oct-15,19.8,23.8,17.2,60.1,70,47,1025.1,1026,1024.3,0,8.1,NNE,30.6,0,0,0,0
3-Oct-15,20.2,24.4,15.1,64.7,83,50,1025.2,1026.6,1024.2,0,2.3,N,16.1,0,0,0,0
4-Oct-15,21.1,25.9,15.3,67.1,82,48,1022.5,1024.8,1019.2,0,1.5,SSW,17.7,0,0,0,0
5-Oct-15,22.2,26.8,17.9,72.7,85,59,1015.9,1019.1,1012.5,0,1.8,SSW,16.1,0,0,0,0
6-Oct-15,22.8,27.7,18.7,71.4,88,45,1010.9,1012.4,1009.1,0,1.9,S,20.9,0,0,0,0
7-Oct-15,22.5,26.8,18.9,76.4,87,58,1009.9,1010.7,1008.9,2,2.6,S,25.7,0,0,0,0
8-Oct-15,22,25.1,19.8,71,83,59,1013.6,1016.9,1009.6,0,3.4,N,17.7,0,0,0,0
9-Oct-15,22,26.1,18.8,72.2,82,56,1017.3,1019.5,1015.8,0,2.6,N,17.7,0,0,0,0
10-Oct-15,20.6,24.4,18.9,76.9,86,56,1016.6,1019.1,1011.9,3.8,1.9,SW,17.7,0,0,0,0
11-Oct-15,23.1,27.6,20.1,79.5,91,67,1008.9,1012.6,1006.1,12.6,3.7,SW,38.6,0,0,0,0
12-Oct-15,23.2,27.4,18.8,63,83,47,1012.7,1015.3,1009.5,0,2.6,WSW,27.4,0,0,0,0
13-Oct-15,21.6,26.9,17.2,65.9,80,46,1017.2,1019.8,1014.8,0,3.3,N,22.5,0,0,0,0
14-Oct-15,20.3,23.7,17.4,65.3,76,55,1019.7,1020.8,1018.9,0,7.4,N,30.6,0,0,0,0
15-Oct-15,20.3,25.3,16.9,66.1,76,51,1020,1021,1019,0,4.4,N,27.4,0,0,0,0
16-Oct-15,19,21.6,16,71,81,62,1019.9,1020.9,1018.6,0,4.5,NNE,25.7,0,0,0,0
17-Oct-15,20.1,24.7,15.4,70.5,81,52,1020.3,1021.5,1019.2,0,2,NNE,14.5,0,0,0,0
18-Oct-15,21,25.1,17.9,72.6,82,60,1019.4,1020.9,1018,0,2.6,NNW,16.1,0,0,0,0
19-Oct-15,21.4,24.8,18.8,74.8,85,63,1016.5,1018.3,1014.1,0,1.8,SSW,20.9,0,0,0,0
20-Oct-15,21.8,25.3,18.3,79.5,91,68,1012.8,1014.2,1011.6,0,0.8,SSW,14.5,0,0,0,0
21-Oct-15,21.7,26.6,19.4,80.6,93,53,1011.2,1012.9,1009.4,2.8,2.6,SSW,22.5,0,0,0,0
22-Oct-15,21.2,24.5,19.1,85.2,92,68,1004.5,1009.6,1001.4,33.2,3.2,W,38.6,0,0,0,0
23-Oct-15,17.4,19.7,15.1,83.9,88,77,1005.5,1010.4,1002.3,35.8,5,N,27.4,0,0,0,0
24-Oct-15,15.4,16.7,14.2,77.4,87,66,1016.1,1021.1,1010.5,3.8,9.7,NNE,33.8,0,0,0,0
25-Oct-15,16.1,18.9,12.6,59.9,75,50,1021.3,1022.4,1020.1,0,7.5,N,37,0,0,0,0
26-Oct-15,16.4,22.3,11.3,62.1,82,45,1020.5,1021.9,1018.9,0,1.3,N,19.3,0,0,0,0
27-Oct-15,16.7,21.7,11.6,62.5,79,48,1021.1,1022.5,1019.9,0,4.8,NNW,33.8,0,0,0,0
28-Oct-15,15.5,17.3,13.1,60.9,71,52,1021.6,1022.5,1020.9,0,8.4,NNE,37,0,0,0,0
29-Oct-15,15.6,18.8,12.3,62.6,69,50,1020.3,1021.1,1019,0,3,N,25.7,0,0,0,0
30-Oct-15,16.2,17.8,13.6,67.4,72,62,1021.8,1023.7,1020,0,7.6,N,41.8,0,0,0,0
31-Oct-15,15.4,17.3,14.2,68.5,72,61,1027,1030.2,1023.4,0,16.9,NNE,51.5,0,0,0,0
1-Nov-15,14.7,16.6,13.7,66.3,72,60,1030.8,1031.4,1029.6,0,14.8,N,48.3,0,0,0,0
2-Nov-15,15.3,20.2,11.6,58.2,69,45,1029.1,1030.7,1027.8,0,3.3,W,32.2,0,0,0,0
3-Nov-15,15.7,22.6,10.6,45,66,28,1025.4,1027.8,1023.2,0,1.9,N,20.9,0,0,0,0
4-Nov-15,15.4,21.8,9.7,52.2,70,35,1021,1023.2,1019.4,0,2.1,NNE,20.9,0,0,0,0
5-Nov-15,15.1,21.8,8.9,58.8,80,33,1019.6,1020.5,1018.4,0,1,SSW,14.5,0,0,0,0
6-Nov-15,15.4,21.7,9.5,64.6,83,41,1021.2,1022.7,1020,0,0.8,SSW,12.9,0,0,0,0
7-Nov-15,15.9,21.7,10.8,65.1,82,46,1024.1,1026,1022.4,0,1.8,S,19.3,0,0,0,0
8-Nov-15,15.6,21.2,11.2,60,82,40,1026.4,1027.8,1025.5,0,1.6,N,24.1,0,0,0,0
9-Nov-15,16.8,23.5,11.1,60.8,82,44,1022.9,1026.3,1020.1,0,1.2,SW,17.7,0,0,0,0
10-Nov-15,19.6,24.9,12,55.1,83,36,1020.1,1021.2,1019,0,3.2,N,29,0,0,0,0
11-Nov-15,19.2,26.1,14.6,62.7,81,37,1021.4,1023.2,1019.8,0,1,SSW,12.9,0,0,0,0
12-Nov-15,18.4,24.2,14,72.4,85,47,1025.1,1026.5,1023.1,0,0.7,SSW,11.3,0,0,0,0
13-Nov-15,18.3,23.7,13.7,72.6,88,54,1027,1027.9,1026,0,0.5,SSW,11.3,0,0,0,0
14-Nov-15,17.8,23.1,13.1,77.5,89,57,1022.9,1026.7,1019.6,0,0.8,SSW,11.3,0,0,0,0
15-Nov-15,17.2,20.9,14.2,69.8,87,52,1018.2,1020,1016.6,0,3.2,SSW,25.7,0,0,0,0
16-Nov-15,16.4,21.1,11.2,64.9,79,52,1015.6,1017.8,1013.8,0,0.8,SE,12.9,0,0,0,0
17-Nov-15,17.3,21.8,12.9,62.2,77,48,1020.5,1021.6,1017.8,0,4,N,29,0,0,0,0
18-Nov-15,16.8,21.6,12,76.7,88,62,1020,1020.8,1018.7,0,0.7,W,11.3,0,0,0,0
19-Nov-15,16.7,22.4,12.2,78.1,92,57,1022.2,1023.2,1020.5,0,0.6,W,11.3,0,0,0,0
20-Nov-15,16.4,20.2,12.3,81.8,90,70,1018.8,1022,1014.1,0.2,1,W,16.1,0,0,0,0
21-Nov-15,18.5,21.7,13.5,78.3,92,65,1009.2,1013.9,1006.8,0.2,6.2,S,35.4,0,0,0,0
22-Nov-15,20.1,22.1,18.2,77.4,86,67,1010.5,1014.7,1007.5,0,9.8,S,45.1,0,0,0,0
23-Nov-15,20,22.4,18.6,77.4,89,60,1019.4,1022.5,1014.7,0,5.8,S,37,0,0,0,0
24-Nov-15,19.1,21.9,15.4,80.3,93,66,1021.1,1023.1,1017.7,0,2,S,17.7,0,0,0,0
25-Nov-15,17.6,19.8,14.3,82.3,91,73,1009.5,1017.7,1000.7,25.6,7.6,S,59.5,0,0,0,0
26-Nov-15,17.2,20.2,13.7,69.9,85,54,1003.1,1006.3,1000.3,0,2.3,SSW,20.9,1,26.8,37.8,25.8
27-Nov-15,16.8,18.8,14.5,76.5,88,62,1006.7,1008.9,1005.2,8.8,5.4,SSW,40.2,0.7,13.9,24.5,44.5
28-Nov-15,15.1,17.8,12.3,71.2,87,60,1011.4,1016.6,1007.4,5,3.4,WSW,29,0.7,17.2,27.4,38.5
29-Nov-15,14.9,18.2,11.2,68.3,79,55,1018.9,1021.6,1016.7,0,1.4,SW,14.5,1,38.9,35.3,17.8
30-Nov-15,12.3,15.9,8.3,57.7,78,35,1024.1,1025.7,1021.5,0,1.6,N,16.1,1.5,75.5,38.1,14.4
1-Dec-15,12.9,18.6,7.3,68.3,81,49,1023.7,1025.4,1021.9,0,1.5,SW,25.7,2.1,151.2,42.8,10.6
2-Dec-15,14.8,20.3,9.4,62.5,85,40,1025.6,1027.8,1023.1,0,1.2,SW,14.5,2,122,50,4.8
3-Dec-15,14.5,18.8,11.2,66.8,82,50,1031,1033.5,1027.4,0,1.6,NE,16.1,1.7,75.6,42.2,8.4
4-Dec-15,13.5,17.4,10.4,68,84,55,1034.4,1035.7,1033.4,0,5.8,NE,27.4,1.7,75.6,41,6.5
5-Dec-15,12.4,15.9,9.3,70.6,80,56,1035.3,1036.3,1034.3,0,4.7,NNE,33.8,1.6,73.2,41.4,7.5
6-Dec-15,11.9,17.2,7.6,75.5,87,56,1035.3,1036.7,1034.2,0,0.4,N,9.7,2,118.1,40.9,12.4
7-Dec-15,11.4,17.1,7.2,77.7,90,57,1032.9,1034.2,1031.8,0.2,0.4,W,9.7,2.8,203.5,50.2,3.7
8-Dec-15,12,17.6,6.5,71.1,89,48,1031.5,1033,1030.2,0,1.1,WNW,22.5,2.2,154.9,48.9,5.1
9-Dec-15,12.2,16.5,7.9,69.4,86,54,1029,1030.4,1027.6,0,1.5,WNW,20.9,1.5,73.5,43.5,6
10-Dec-15,12.1,14.3,10.8,70.8,79,59,1028,1028.8,1027.2,0,3,NW,19.3,1.2,42,37.2,7.5
11-Dec-15,10.2,11.8,8.3,76.6,85,69,1026.4,1027.8,1025.2,0.8,4.9,N,20.9,1.4,49,33,7.2
12-Dec-15,8.6,10,6.3,72.8,82,63,1024.7,1025.7,1023.8,0,1.3,N,19.3,1.3,62.1,35.4,6.5
13-Dec-15,10,16.1,4.7,65.5,83,40,1024.8,1026.4,1023.6,0,1.4,N,12.9,2.5,152.7,50.9,4.6
14-Dec-15,10.4,16.6,5.2,73.1,85,46,1023.9,1025.8,1022.8,0,0.7,E,11.3,3.4,255.3,60.3,2.7
15-Dec-15,11,15.2,6.6,74.5,87,55,1025.9,1026.6,1024.9,0,2.1,E,22.5,1.9,101.3,48.3,3.3
16-Dec-15,10.8,13.3,7.8,71.6,84,65,1025.7,1026.5,1024.7,0,6.7,NNE,32.2,1.5,69.4,40.8,8.3
17-Dec-15,10.4,12.1,9.7,67.3,73,60,1025.7,1026.7,1024.7,0,14.5,N,53.1,1.1,38.7,28.8,22.3
18-Dec-15,10.4,13.3,6.6,65.1,78,51,1026,1026.9,1025.2,0,6.3,N,33.8,1.4,49.5,35.6,15.7
19-Dec-15,9.1,14.8,4.2,67,85,43,1026.4,1028.4,1025.1,0,0.6,WNW,11.3,2.2,152.6,47.9,7.8
20-Dec-15,9.3,15.3,3.9,69.6,85,49,1031.2,1033.8,1028.4,0,0.5,NW,16.1,2.6,184.2,49.5,7.6
21-Dec-15,9.7,16.2,4.9,73,87,48,1032.6,1034.3,1031.3,0,0.5,NW,9.7,3.1,238.3,56.7,3.3
22-Dec-15,10.2,17.3,4.5,71.6,92,43,1031,1032.2,1030,0,0.4,W,8,4.1,330.5,69,1.4
23-Dec-15,12.3,19.2,6.5,63.6,83,35,1031.4,1032.9,1030.2,0,1.3,W,25.7,4,316.2,65.4,1.7
24-Dec-15,12.1,19.1,6.9,65.6,81,36,1030.6,1032,1029.5,0,0.8,NNE,11.3,4.2,339.2,70,2.5
25-Dec-15,11.9,18.3,7,75.6,86,54,1029.9,1031.5,1028.2,0,0.6,SE,12.9,3.2,243,57.4,4.2
26-Dec-15,12.5,15.8,8.3,69.6,83,53,1032.5,1034,1031.4,0,6.3,NNE,35.4,1.4,68.9,40,12.1
27-Dec-15,12.2,17.4,8.2,67.9,83,45,1031.5,1032.6,1030.2,0,1.4,NNE,22.5,2.1,133,50.4,8
28-Dec-15,11.1,17.3,6.4,71.4,87,48,1029.3,1031.7,1026,0,0.6,NNE,12.9,3.2,256.8,60.2,3.5
29-Dec-15,12.2,18.1,6.4,72.9,89,50,1023.3,1026,1020.8,0,2.1,S,24.1,2.8,217.8,62.8,2.3
30-Dec-15,9.2,12.1,5.2,70.5,78,53,1025.3,1028.5,1023.8,0,13.9,NNE,49.9,1.1,36.5,27.9,15
31-Dec-15,3.4,5.2,2.1,64.7,78,53,1028.4,1029.9,1027.1,0,15.2,NNE,46.7,0.9,30,23.1,33.4
1-Jan-16,4.3,8.1,1.4,59.8,77,33,1028.8,1030.7,1026,0,2.3,NNE,19.3,1.1,61,29,23.9
2-Jan-16,7.9,11.7,5,70.8,81,60,1024.7,1026,1023,0,1,NNE,11.3,1.6,88.7,42.8,8.8
3-Jan-16,11.3,14.7,6.9,83.5,91,78,1014.2,1023.2,1006.9,2.2,2.6,S,40.2,1.8,112.8,41.5,8.9
4-Jan-16,13.5,16.8,8.3,76.8,96,57,1006.7,1009.7,1001.6,0.2,1.7,SSW,22.5,1.2,53.8,39.3,10.8
5-Jan-16,16.8,20.6,12.8,78.3,90,64,1005.2,1009.8,1001.5,0,1.6,SSW,22.5,2,111.6,36.1,11.2
6-Jan-16,15.9,20.3,11.8,82.6,92,58,1005.9,1009.6,998.5,0,5.6,SSW,35.4,1.7,115.6,30.9,14.3
7-Jan-16,14.2,18,12.2,63.1,88,45,999.6,1006.1,994.2,10.2,9.2,W,53.1,0.5,8.7,17.9,42.9
8-Jan-16,12.7,17.9,8.6,59.1,76,31,1012.6,1018,1006.1,0,1.1,W,20.9,1.9,132.3,38.9,19.4
9-Jan-16,13.1,17.2,8.3,79.8,88,66,1018.5,1020.3,1017.2,0,1.1,SSW,17.7,2.1,157.6,46.9,10.5
10-Jan-16,13,14.3,11.1,89.4,93,85,1016.4,1017.6,1015.1,2.2,0.2,SSW,8,2.4,156.3,44.8,1.3
11-Jan-16,14.4,19.2,10,83.2,95,66,1016.4,1017.8,1014.4,0.2,1.3,SSW,16.1,1.9,107.6,46.1,3.6
12-Jan-16,16.7,21.4,13.1,67,86,49,1011.6,1014.6,1009.2,0,2.7,SSW,22.5,0.9,27.8,36,20.1
13-Jan-16,15,18.1,11,62.2,79,50,1013.5,1016.8,1011.9,0,4.1,W,40.2,0.9,34,33.2,25.1
14-Jan-16,12.2,16.7,8.4,53.8,75,30,1020.6,1022.2,1016.9,0,1.1,W,22.5,1.5,87.8,41,14.9
15-Jan-16,12.8,15.8,7.5,68.5,84,57,1016.8,1020.5,1011.7,0,2.9,NW,25.7,1.6,113,41,16
16-Jan-16,15.8,16.3,13.2,79.6,89,73,1006.2,1011.7,998,7.8,15.1,S,59.5,0.5,9.5,14.6,51
17-Jan-16,12.2,14.8,7.4,69.3,89,52,997.8,999.6,995.9,0,3.7,WSW,33.8,0.7,16.1,22.6,33.3
18-Jan-16,5.9,7.7,4.3,68.5,77,58,1007,1015,999.5,0,3.5,W,27.4,0.8,17.5,22.3,22.1
19-Jan-16,6.3,9.8,2.9,61.3,71,43,1019.3,1021.7,1015.1,0,3,NNW,19.3,1,27.8,29.2,21.8
20-Jan-16,7.5,8.8,6.6,78.3,86,70,1017.3,1020,1015.1,2,8,NNE,33.8,1,35.2,29.3,20.2
21-Jan-16,9.1,13.2,5.9,73.1,85,56,1021.1,1024.4,1018.7,0,1,SW,14.5,1.5,72.9,38,11.1
22-Jan-16,8.1,11.6,5.6,65.6,86,51,1027.4,1030.2,1024.3,0,6.1,N,32.2,1.5,74.5,39.8,12.6
23-Jan-16,4.6,6.1,3.3,73.4,78,67,1031.5,1033.1,1029.7,0,12.2,NNE,41.8,1,30.6,26.5,34.3
24-Jan-16,5.3,7.6,3.7,59.4,71,48,1032.7,1033.7,1031.9,0,3.6,N,27.4,0.9,25.2,28.4,29.3
25-Jan-16,5.7,7.3,4.2,66.8,78,54,1031.8,1032.7,1030.5,0,4.6,N,22.5,1.2,39.2,34.2,15.4
26-Jan-16,7.6,14.2,1.6,69.5,85,47,1027.7,1031.8,1023.8,0,5,N,43.5,1.6,102.4,41.5,8.1
27-Jan-16,9.3,13.1,5.8,73.1,86,59,1031.9,1033.4,1030.8,0,1.4,SSW,16.1,1.5,81.3,42.1,10.8
28-Jan-16,11.5,16.4,5.7,78.2,89,66,1029.1,1030.8,1027.7,0,1.7,SSW,20.9,2.1,156.1,43.7,12.5
29-Jan-16,13.2,18.6,7.7,74.9,92,50,1029.1,1030.4,1027.8,0,1.5,S,17.7,2.1,144.5,46.3,6.3
30-Jan-16,14.2,17.8,9.8,67,84,48,1029.3,1030.9,1027.5,0,2.2,NNE,20.9,2.1,126.9,47.3,5.2
31-Jan-16,13.3,17,7.8,71.8,89,60,1023.6,1027.4,1021.2,0,3,SSW,29,1.7,111.7,35.6,18.5
1-Feb-16,15.4,20.3,10.8,64.7,80,46,1022.2,1026.6,1020.2,0,1.6,WSW,19.3,1.2,55.2,35.2,20.5
2-Feb-16,14.5,21.1,9.5,70.4,85,44,1028,1029.6,1026.7,0,1.2,SSW,17.7,2.6,190.8,53.1,6.9
3-Feb-16,14.7,20,9.7,72.5,85,46,1023,1026.7,1019.5,0,2,SSW,29,1.8,125.2,46.1,12.3
4-Feb-16,14.5,16.7,11.4,82.2,90,70,1016,1019.5,1010.3,6,5.3,SSW,29,0.9,19.9,23.9,30
5-Feb-16,9.1,12.6,5.4,79.1,90,66,1013.3,1022.8,1008,5.4,3.9,W,25.7,0.8,25.6,27.6,19.5
6-Feb-16,7.3,10.6,4.5,68.1,92,45,1028.2,1030.9,1023,2.6,5.9,N,43.5,1,39.2,33,18.2
7-Feb-16,8.2,12.1,4.8,66.6,78,49,1028.9,1031.1,1026.8,0,3.3,N,19.3,1.4,60.5,38.4,12.1
8-Feb-16,8.7,13.1,4.4,73.4,87,55,1026.2,1027.2,1025,0,1.1,N,16.1,1.6,105.6,42.8,10.2
9-Feb-16,10.5,15.1,5.2,78.6,90,60,1024,1026.1,1020.2,0,1.2,SSW,16.1,2,138.1,44.2,13.5
10-Feb-16,12.8,15.6,7.6,81.4,93,67,1013.6,1020.2,1007.4,0.6,6.3,S,45.1,1.6,106.7,35.8,21.6
11-Feb-16,16,19.6,13.8,62.2,84,41,1012.2,1014.1,1007.4,0.4,3.4,SSW,37,0.8,22.6,30.7,35.9
12-Feb-16,15.4,18.6,11.9,78.2,87,67,1013.6,1015.2,1011.1,0.2,4.5,SSW,32.2,1.1,57.6,31.5,26.3
13-Feb-16,16.4,18.7,12.8,76.3,89,64,1008.6,1011,1006.5,0,5.2,S,30.6,0.7,16.9,26.2,34.1
14-Feb-16,16.8,20.7,12.7,77.4,89,65,1010.8,1012.9,1008.9,0,3.5,S,29,1.2,62.5,34.9,17
15-Feb-16,18.9,22.8,14.6,59.8,77,42,1018.3,1025.1,1012.5,0,3.8,S,27.4,1.2,54.9,33.7,24.7
16-Feb-16,17.5,23.1,12.9,64.9,81,46,1027.8,1029.5,1025.2,0,0.7,SW,14.5,1.9,120.9,48.2,11
17-Feb-16,17.3,23.6,11.9,60.7,82,39,1026.1,1029,1021.9,0,0.6,SW,14.5,2.4,175.3,58.4,4.5
18-Feb-16,17.9,22.4,13.7,62.1,84,44,1014.7,1022.3,1008.8,0,4.1,W,30.6,1.7,82.2,44.1,18.6
19-Feb-16,17.5,22.4,14,66.4,87,46,1015.4,1019.7,1009.1,0,2.3,W,29,0.6,23.1,31,28
20-Feb-16,14.6,19.1,9.7,67.7,85,50,1017.5,1020.9,1013.4,0,4.6,W,46.7,0.8,49.4,30.7,35.5
21-Feb-16,14,18.7,10.6,56.7,79,35,1019.6,1021.6,1016.1,0,3.3,NNW,37,0.6,25.2,24.4,40.7
22-Feb-16,14.5,20.3,9.2,66.5,83,45,1020.8,1022.2,1019.4,0,1.4,SSW,17.7,1.2,64.6,43.8,17.4
23-Feb-16,15.2,20.1,10.5,76.2,90,53,1016.5,1019.5,1013.6,0,1.6,SSW,19.3,1.3,77.5,45.5,19.8
24-Feb-16,15.6,17.7,12.4,82.6,89,72,1012.5,1014.1,1010.7,0.4,1.8,S,27.4,0.7,30.2,34.5,23.6
25-Feb-16,14.9,19,10.4,76.4,90,59,1015.8,1016.9,1014.1,0.2,1.4,WSW,20.9,1.2,70.1,37.3,17
26-Feb-16,15.3,18.2,12.1,77.4,87,64,1013,1015.1,1011.4,0,2.9,S,25.7,0.8,33.1,33.2,30.8
27-Feb-16,14.9,19.1,10.1,68.9,87,51,1016.1,1020.5,1012.4,0,2.3,S,24.1,0.9,46.3,37.8,28.9
28-Feb-16,15.3,19.2,9.7,67.8,81,51,1021.6,1022.9,1020.3,0,3.2,SW,25.7,0.9,51.8,30.8,40.8
29-Feb-16,17.1,20.3,13.7,71.6,80,58,1019.5,1022.7,1015.3,0,3.2,SSW,24.1,0.5,16.5,28.4,42.6
1-Mar-16,17.4,21.1,12.2,63.2,79,35,1013.3,1015.4,1011.3,0,2.4,WSW,17.7,0.6,20.5,33.7,38.8
2-Mar-16,14.9,19.1,10.7,60.5,77,44,1008,1011.1,1004.5,0,2.7,SSW,25.7,0.6,25.8,32,38.8
3-Mar-16,14.9,18.9,10.4,65.4,83,48,1003.2,1005.3,1000.4,2,4.5,SSW,33.8,0.5,25.6,25.6,46
4-Mar-16,12.6,17.3,9.2,66.4,77,47,1003.2,1008.6,1001.3,0.6,4.8,WSW,38.6,0.2,12.9,20.3,49.9
5-Mar-16,13.7,18.3,8.9,60.7,77,38,1014.1,1016,1008.7,0,3,SSW,25.7,0.4,17.3,26.9,45
6-Mar-16,14.3,17.8,9.3,72.3,83,52,1014.3,1015.4,1013.2,0,4.4,S,29,0.6,30.1,28.7,42.9
7-Mar-16,16.1,19.1,11.8,72.5,84,57,1010.4,1013,1007.5,0,7,S,35.4,0.4,15.3,23,60.4
8-Mar-16,16.7,19.9,14.7,76.6,83,64,1009.7,1010.8,1008.6,0,4.2,SSW,30.6,0.5,13.4,25.2,51.9
9-Mar-16,14.9,18.6,11.2,76.3,87,58,1005.5,1009,1002.4,6,3.4,NW,30.6,0.9,28.7,37.3,27.9
10-Mar-16,13.7,17.6,10.3,63.6,85,46,1008.1,1013.8,1003.2,0,4.6,WSW,29,0.2,9.5,21.3,60.2
11-Mar-16,14.6,17.1,11.8,64.7,77,46,1015.6,1017.6,1013.4,0,3.8,S,30.6,0.4,14.8,25.8,56.5
12-Mar-16,15.3,17.1,13.2,68.7,84,53,1014.8,1017.4,1011.3,1.4,5.8,NE,37,0.8,29.3,34.7,30.1
13-Mar-16,15.6,19.4,11.7,74.7,89,50,1008.3,1011.8,1004.9,11,2.4,NE,22.5,0.5,22.8,31.5,34.6
14-Mar-16,10.2,12,8.1,79.1,89,66,1011,1018.7,1003.8,10,6.8,N,37,0.2,15.9,21.5,38.1
15-Mar-16,10.1,12.6,8.2,66.9,76,59,1018.8,1020,1017.4,0.2,6.6,N,29,0.7,21.1,24.1,38.6
16-Mar-16,10.3,12.4,8.7,65.1,75,57,1024.6,1028.1,1019.8,0,11.9,NNE,37,0.7,23,23.5,42.7
17-Mar-16,10.4,12.4,8.6,62.4,71,54,1026.5,1028.3,1024.2,0,5.7,N,30.6,0.9,31.7,30.5,30.3
18-Mar-16,10.7,14,7.4,73.7,88,54,1018.6,1024.2,1012,2.6,1.4,N,20.9,0.8,42.1,35,20.1
19-Mar-16,14.4,19.4,9.8,63.1,89,38,1012.7,1016,1010.7,0,3.3,W,27.4,0.8,29.4,30.6,33.7
20-Mar-16,14.8,20.7,9,58.8,81,35,1018.7,1020.3,1016,0,2.2,SSW,20.9,1.4,78.3,38,37.5
21-Mar-16,14.9,19.3,9.6,68.9,82,50,1019.3,1021.2,1017.3,0,2.4,SSW,22.5,0.7,40,36,37.9
22-Mar-16,16.8,20.4,12,68.4,87,52,1012.6,1017.3,1007.7,0,6,S,45.1,0.7,42.6,34.5,36.7
23-Mar-16,17.8,20.6,15.5,64.7,82,48,1000.8,1007.3,997.7,0,10.5,S,45.1,0.4,18.8,23.5,52.6
24-Mar-16,16.5,19.4,14.2,66,79,53,1002.5,1009.7,997,0,6.9,W,37,0.2,8.6,17.8,64.9
25-Mar-16,13.1,18.2,9,65.2,83,51,1012.1,1016.8,1009.6,5.4,3,W,25.7,0.2,8.2,18.2,59.8
26-Mar-16,11.4,15.7,8.4,58.1,68,43,1018,1019.7,1016.7,0,4.6,NNE,25.7,0.5,21.7,26.3,39.8
27-Mar-16,10.4,14.6,8,71.7,82,52,1016.2,1019.3,1014.5,3.4,4.1,NNE,27.4,0.5,22.5,27.7,33.2
28-Mar-16,11.6,15.8,6.9,64.2,81,44,1019.9,1021.2,1018.6,0,2.8,N,19.3,0.4,19,27,45.8
29-Mar-16,14,19.1,8.3,67.6,84,51,1019.9,1021.5,1018.7,0,2.3,S,19.3,1,59.3,37.5,33
30-Mar-16,16.3,21.5,10.8,72,87,50,1023.2,1024.8,1021,0,2,SW,19.3,0.9,56.9,40,30.1
31-Mar-16,16.8,22.1,11.3,71.4,89,51,1023.2,1024.8,1021.5,0,2.3,SSW,24.1,0.9,60.8,35.1,30.9
1-Apr-16,17.2,21.6,12.5,71.4,89,51,1020,1021.4,1018.7,0,1.9,SW,17.7,0.8,49.2,36,27.8
2-Apr-16,16.5,21.3,12.4,78.6,88,63,1019.9,1021.4,1018.5,0,1.4,SW,19.3,0.7,37.6,36.4,26.3
3-Apr-16,18.5,22.6,13.3,58.8,87,45,1020,1021.7,1018.6,0,6.2,NNW,33.8,0.7,27.5,34,31.2
4-Apr-16,19.6,24.5,14.1,55.2,72,40,1016.1,1018.5,1013.9,0,2.6,SW,22.5,0.6,23.4,39,42.2
5-Apr-16,18.7,24.2,14,65.3,78,48,1013,1014.2,1011.8,0,1.9,SW,19.3,0.9,61.3,43.9,34.3
6-Apr-16,19,25,13.4,64,81,38,1012,1012.8,1011,0,1.6,SSW,20.9,0.9,54.6,47.3,37
7-Apr-16,19.6,25.6,13.7,56.3,77,31,1011,1013.1,1007.6,0,2.4,SSW,22.5,1.2,60.7,53.2,28.4
8-Apr-16,19.8,24.7,16.8,64.1,83,47,1005.2,1007.6,1004,0,5.1,S,37,0.5,21.1,35.5,54.3
9-Apr-16,19.7,23.9,16.4,63,79,48,1004.8,1006.2,1003.9,0,3.9,WSW,29,0.3,11.5,25,56.7
10-Apr-16,18.1,22.7,14.1,60.2,74,43,1005.5,1006.4,1004,0,4.9,WSW,30.6,0.2,9.2,19,63.4
11-Apr-16,18,23,13.4,58.9,71,44,1009.3,1012.6,1006.3,0,4.2,W,32.2,0.3,9.6,21.5,55.4
12-Apr-16,19.2,25.6,14.6,61.2,80,37,1013.9,1015.8,1012.4,0,2.7,SSW,25.7,0.6,24,34.8,36.2
13-Apr-16,19.7,25.1,13.9,58.6,78,41,1014.8,1016.1,1013,0,1.8,SSW,17.7,0.9,51.9,44,29.1
14-Apr-16,20.5,25.3,15.2,60,79,42,1011.4,1013.1,1008.8,0,1.4,SW,14.5,1.1,47.9,44.1,26.9
15-Apr-16,21.8,28.7,15.6,50.4,79,22,1013.8,1017.8,1008.5,0,2,WSW,20.9,0.9,46.9,43.9,31.3
16-Apr-16,20.7,26.2,15.1,48.6,66,32,1019,1020.1,1017.3,0,2.3,SSW,22.5,0.7,43.9,40.8,40
17-Apr-16,20.4,26.3,14.3,57.1,73,38,1019.8,1020.8,1018.5,0,1.8,SW,17.7,0.7,38.7,41.1,38.7
18-Apr-16,21.3,27.6,14.5,55,78,34,1019.3,1020.8,1017.5,0,1.5,SW,16.1,0.9,52.2,49,33.4
19-Apr-16,22.7,28.2,16.6,45,67,24,1015.3,1017.4,1011.8,0,2.2,SSW,24.1,1.1,62.3,49.5,34.2
20-Apr-16,22.9,27.6,18.1,50.6,78,38,1013.2,1019,1010.6,0,4.6,SSW,37,0.5,20.6,33.5,45.6
21-Apr-16,17.1,19.9,14.5,49.2,66,39,1024.3,1026.4,1019.3,0,13.1,NNE,48.3,0.7,21,25.7,52.7
22-Apr-16,18.3,22.5,14.3,47.4,68,33,1019.2,1023.5,1014.5,0,5.6,WSW,29,0.4,16,27.7,66.2
23-Apr-16,19.1,22.9,16.4,63.1,76,38,1009.9,1014.5,1005.4,0,3.4,WSW,24.1,0.3,10,26,68
24-Apr-16,20.5,24.4,17.3,54.4,71,41,1003.1,1005.5,1000.4,0,6,WSW,33.8,0.1,6.4,17.9,74.5
25-Apr-16,19.6,23.1,16.7,56.1,69,39,1002.8,1004.5,1001.2,0,5.1,WSW,32.2,0.2,8.3,18.5,68.3
26-Apr-16,17.4,21.3,14.2,48.5,63,35,1008.3,1014.4,1001.4,0,8.2,W,45.1,0.2,7.5,15.7,73.4
27-Apr-16,17.5,22.1,13.2,55.6,75,30,1016.3,1017.3,1014.4,0,3.4,WNW,25.7,0.2,12.8,24.4,57.6
28-Apr-16,19.3,23.6,14.4,57,74,41,1017.4,1018.4,1016.4,0,2.7,SW,30.6,0.4,18.4,32.3,56.4
29-Apr-16,20.7,24.4,17.6,54.7,72,40,1015.5,1017.4,1013.8,0,2.4,SW,27.4,0.4,16.7,39,43
30-Apr-16,20.3,24.1,17.3,55.1,68,48,1015.5,1016.9,1013.7,0,9.8,NNE,38.6,0.3,14.4,22.3,63.7
1-May-16,20.4,24.9,17.2,44.5,56,33,1015.1,1017.2,1012.9,0,8,NNE,37,0.1,7.9,15.9,79.6
2-May-16,19.1,23.5,16.5,58.8,89,42,1010,1013.4,1006.9,0,5.8,S,32.2,0.1,5.8,13,80
3-May-16,16.9,19.9,14,58.5,70,45,1006.6,1007.7,1005.2,0,3.9,WSW,38.6,0.1,4.3,13.3,84.2
4-May-16,17.8,23.4,13.6,59.1,71,36,1008.1,1009.8,1006.4,0,3.2,WSW,32.2,0.2,10.3,24,54.9
5-May-16,17.1,19.3,14.9,60.4,73,47,1012.8,1015.2,1009.1,0,4,NNE,27.4,0.6,18.7,27.3,44
6-May-16,18,22.1,14.4,60.3,79,40,1015.4,1016.8,1014.4,0,3.2,SSW,25.7,0.6,17.5,30.7,45.6
7-May-16,18.7,23.1,12.9,55.2,74,40,1015.8,1016.7,1014.6,0,3.4,SSW,24.1,0.6,29.9,30.7,60.8
8-May-16,18.7,22.8,13.8,60.6,76,43,1016.6,1018.1,1015.1,0,3,SSW,25.7,0.5,21.1,29.5,66
9-May-16,19.5,23.4,14.1,63,81,42,1018.5,1019.6,1017.4,0,2.8,SW,20.9,0.4,15.3,31.4,63.1
10-May-16,21,26.1,15.8,60.6,78,36,1017.3,1018.7,1015.2,0,3,SW,20.9,0.4,22.4,35.5,58.4
11-May-16,21.3,25.6,16.3,60.4,78,41,1013.9,1016,1010.3,0,3,SSW,27.4,0.5,23,35.6,53.6
12-May-16,23.2,28.6,18.8,64.9,83,44,1007.4,1010.2,1004.3,0.2,1.9,SW,22.5,0.4,15.8,32,36.3
13-May-16,25.2,30.3,20.7,48.6,74,30,1006.1,1009.4,1003.6,0,3.5,WSW,29,0.3,18.1,26.9,45.4
14-May-16,21.9,24.5,19.8,55.1,72,40,1010.5,1012,1008.4,0,3.8,SSW,29,0.2,12.5,26.3,58.4
15-May-16,22.5,26.8,17.2,51.1,79,29,1012.5,1014.8,1011,0,3.4,S,24.1,0.3,15.8,28.7,52.8
16-May-16,22.4,27.5,17.9,47.1,64,32,1014.3,1015.7,1012.7,0,4.1,WSW,38.6,0.2,10.9,23.1,73
17-May-16,21.9,26.6,17.9,48.5,64,34,1013.7,1015,1012.5,0,3.9,NW,29,0.2,10.4,27.3,72.3
18-May-16,20.2,23.7,17.1,60.5,74,45,1015.9,1017.8,1013.9,0,3.3,SSW,24.1,0.3,10.1,24.1,66.3
19-May-16,20.2,23.7,16,64,80,50,1016.7,1017.9,1015.2,0,3.4,SSW,25.7,0.2,12.9,24.9,60.3
20-May-16,20.3,23.7,16.8,64.2,83,48,1014.2,1016.1,1010.4,1,3.2,SSW,27.4,0.3,16,30.7,50.8
21-May-16,20.3,24.4,17.1,72.8,82,63,1007.8,1010.3,1005.3,0.4,4.9,S,32.2,0.3,17.3,28.1,44
22-May-16,18.5,20.8,15.7,63.8,77,55,1015.1,1018.4,1009.2,0,5,N,32.2,0.2,8.8,20.3,64.9
23-May-16,21.9,27.9,14.9,48.7,65,32,1016.6,1018,1014.7,0,2.9,SSW,30.6,0.4,19.3,33.8,52.8
24-May-16,22.4,25.9,17.8,48.4,63,29,1011,1014.6,1008,0,4.2,SSW,29,0.3,12.6,29,62.8
25-May-16,22.5,27.1,17.9,46.5,64,32,1008.9,1010.1,1007.2,0,5,W,29,0.1,7.3,18.2,74.2
26-May-16,23.8,29.8,18.6,46.6,66,29,1011.4,1013.7,1009.3,0,3.8,SSW,29,0.4,11.8,28.1,59.5
27-May-16,24.7,30.6,19.9,46.1,59,27,1015.3,1017,1013.1,0,4.4,SSW,35.4,0.5,13.4,33.3,65.4
28-May-16,23.6,28.3,20.3,56.1,70,41,1016.6,1017.6,1015.5,0,3.3,SSW,25.7,0.4,16.5,34.2,65.6
29-May-16,24,27.8,19.5,55.3,73,37,1014.7,1016,1013.2,0,3,SSW,29,0.3,16.3,30,57.5
30-May-16,24.9,29.6,20.2,57.7,78,36,1012.9,1014,1011.8,0,2.9,SSW,24.1,0.3,14.2,28.7,61.4
31-May-16,26.8,33.3,20.7,48.8,76,30,1012.7,1014.3,1011.2,0,3.8,S,27.4,0.4,15.6,33.3,53.3
1-Jun-16,27.4,32.6,21.7,43.3,58,26,1014.2,1015.5,1012.4,0,2.3,WSW,19.3,0.6,31.5,41,48.4
2-Jun-16,27.2,33.4,22.2,46.2,64,30,1010.9,1013,1009,0,2.8,SW,25.7,0.4,20.5,39.8,51.2
3-Jun-16,26.5,31.8,21.7,44.1,56,26,1008.4,1009.5,1007.4,0,3.9,S,29,0.3,13.9,29.3,58
4-Jun-16,25.9,30.7,21.4,48.4,58,34,1009.8,1011.8,1008.3,0,3.3,SSW,29,0.2,11.1,28,61.4
5-Jun-16,25.9,30.1,21.2,51.6,71,39,1013.1,1014.4,1010.9,0,3.5,SSW,30.6,0.2,10.8,26.7,69.8
6-Jun-16,26,30.8,21.6,53,71,34,1013.2,1014.5,1012,0,3.2,SSW,25.7,0.2,12.4,28.7,68
7-Jun-16,23.6,29.5,20.6,62.9,82,45,1015.2,1016.9,1013.2,9.6,4.8,W,37,0.5,19.8,36.2,42.3
8-Jun-16,21.7,24.6,19.2,49.8,70,38,1017,1018.2,1015.8,0,10.5,NNE,40.2,0.6,21.8,26.4,48.3
9-Jun-16,22.2,27.3,18.3,55.3,70,40,1014.7,1016.6,1012.9,0,3.7,N,25.7,0.3,12.6,24.3,60
10-Jun-16,22.6,26.2,18.6,59.7,72,46,1013.5,1014,1012.4,0,3.4,S,29,0.3,14.5,29.5,53.1
11-Jun-16,24.5,29.2,19.6,57.1,73,41,1015.2,1016.3,1013.7,0,3.2,S,24.1,0.3,21.6,32.8,50.7
12-Jun-16,25.5,29.3,20.3,56.9,75,41,1013.1,1015.4,1009.1,0,3.3,S,27.4,0.3,14.9,30.7,49.9
13-Jun-16,24.3,27,21.4,65.4,82,51,1005.2,1009.1,1002.6,2,5.3,S,37,0.2,11.7,21.7,51.5
14-Jun-16,25.9,31.7,21.1,56.7,86,30,1002.8,1005.9,1001.1,0,4.1,WSW,33.8,0.2,14.3,24.5,46
15-Jun-16,26.5,31.3,21.3,50.7,66,36,1009.2,1012.5,1005.7,0,3.9,W,30.6,0.2,11.3,24.2,51.7
16-Jun-16,28,33.4,21.6,49.3,66,33,1015.5,1017.8,1012.2,0,2.5,SSW,22.5,0.4,26.5,36.4,45.3
17-Jun-16,30.3,36.6,22.9,40.8,62,25,1016.8,1017.9,1015.5,0,1.7,SSW,16.1,0.9,54.4,52,47.6
18-Jun-16,32.3,39,24.7,37.9,56,25,1013.9,1015.5,1011.4,0,1.6,SW,16.1,1.7,118.8,69.4,32.9
19-Jun-16,33,39.8,26.4,41.8,58,26,1010.8,1011.6,1010.1,0,1.8,SSW,14.5,0,0,0,0
20-Jun-16,31.1,37.2,25.6,52.7,69,33,1012.7,1015,1010.8,0,2,SW,16.1,0,0,0,0
21-Jun-16,33.3,39.3,26.4,39.4,65,23,1014.1,1015.1,1012.9,0,3.8,N,22.5,0,0,0,0
22-Jun-16,32.4,35.8,28.9,39.3,49,29,1014.5,1015.1,1013.8,0,10.9,N,48.3,0.5,23,31.7,40.8
23-Jun-16,31.8,35.3,28.8,45.3,52,36,1013.3,1014.6,1012.3,0,9.9,N,46.7,0.5,19.3,30.7,42.3
24-Jun-16,31.8,35.7,28.8,46.6,54,38,1009.9,1012.2,1008.2,0,8,NNE,41.8,0.4,18.1,30.3,46
25-Jun-16,30.1,33.7,27.2,50.6,62,42,1007.5,1008.3,1006.2,0,9.1,NNE,38.6,0.3,14.8,27.3,52
26-Jun-16,27.4,31.5,24.8,65.2,82,47,1009.7,1012.4,1006.8,0.6,3.1,SW,24.1,0.1,10.8,22.9,49.2
27-Jun-16,29.3,33.8,24.2,55.8,79,42,1010.7,1012.3,1009.1,0,3.2,S,25.7,0.2,10.8,30.5,40.2
28-Jun-16,28.5,34.5,19.9,55.4,84,36,1008.5,1010.9,1006.4,13,4.5,SSW,53.1,0.3,14.5,34.8,42.2
29-Jun-16,27.1,32.6,22.4,57.4,74,36,1011.5,1014,1009.2,0,2.3,WSW,20.9,0.4,15.5,31.5,45.1
30-Jun-16,27.8,31.8,23.9,57.4,74,42,1015.2,1016.3,1013.7,0,3,SW,22.5,0.3,16.7,33.7,43.6
1-Jul-16,29.3,33.4,24.4,55.2,69,41,1014.8,1016,1013.4,0,2.3,SW,19.3,0.5,24.8,40.8,33.8
2-Jul-16,30.5,34.7,25.6,45.7,61,36,1012.8,1014.2,1011.3,0,3.5,WSW,29,0.5,28,40.2,33.1
3-Jul-16,29.5,33.8,25.8,54.3,67,41,1011.3,1012.3,1009.7,0,2.2,SW,17.7,0.2,11.5,26,54
4-Jul-16,30.4,33.7,25.9,46.4,59,36,1012,1013.4,1011.1,0,9.9,N,38.6,0.5,23.3,35.8,29.9
5-Jul-16,29.5,32.8,27.1,50,59,40,1013.1,1014.3,1012.2,0,10.8,NNE,37,0.5,23,28.8,42.3
6-Jul-16,29.4,33.3,26.2,44.8,59,35,1011.4,1012.7,1009.7,0,7.5,NNE,33.8,0.5,21.9,31,40.8
7-Jul-16,29,33.4,25.8,46.8,60,37,1012.7,1015.1,1010.6,0,6.2,NNE,33.8,0.5,19.6,33,41.7
8-Jul-16,28,30.9,25.3,42.7,57,30,1016.5,1017.5,1014.9,0,10.2,N,37,0.5,20.5,29.5,50.2
9-Jul-16,28.5,32.5,24.3,39.9,58,30,1014.9,1016.7,1013,0,7.6,N,37,0.3,20.5,31.8,51.5
10-Jul-16,29.9,34.4,24.4,39.7,48,31,1014.2,1015.2,1013.2,0,5.7,NNE,27.4,0.2,15.7,29.5,59.7
11-Jul-16,28.8,32.2,25.9,41.1,58,32,1014.4,1015.7,1013.3,0,12,NNE,43.5,0.5,20.8,29.6,56.3
12-Jul-16,28.9,33,25.2,42.3,54,33,1012.4,1013.5,1010.9,0,7.5,N,33.8,0.6,23.8,30.8,45.8
13-Jul-16,28.5,34.1,23.2,54.6,75,37,1011.4,1012.7,1010,0,2.6,SW,24.1,0.2,13.3,29,61.6
14-Jul-16,29.4,34.6,25,55.1,71,37,1008.9,1010.2,1007.5,0,2.6,SW,20.9,0.4,23,42.5,44.3
15-Jul-16,30.6,34.6,25.6,52.7,77,39,1006.9,1007.7,1006.2,0,2.9,SW,25.7,0.6,46,45.9,33.5
16-Jul-16,29.2,34.3,24.9,44.9,77,28,1008.4,1010.1,1006.2,0,4.4,SW,37,0.1,8.5,21,52.2
17-Jul-16,28.4,33.2,23.7,42.5,55,28,1009.8,1010.8,1008.1,0,4,W,27.4,0.1,6.4,19.8,61.6
18-Jul-16,28.5,32.4,25.4,44.3,59,34,1010.8,1012.2,1010,0,6.1,N,30.6,0.3,14.3,26,45.4
19-Jul-16,27.5,30.1,25.3,47.2,59,37,1011.1,1012,1010.1,0,9.9,N,40.2,0.6,24.1,27.5,39
20-Jul-16,27.2,30.1,24.3,44.9,56,34,1012,1014,1009.9,0,13.1,N,49.9,0.5,22.5,25.4,45.6
21-Jul-16,28.1,32.3,24.1,43.8,54,31,1014.1,1015.4,1012.9,0,6.8,NNE,35.4,0.6,24.4,28,41.3
22-Jul-16,28.9,33.6,23.4,44.9,64,32,1014.9,1015.7,1013.8,0,3.4,NNE,27.4,0.5,27,33.8,42.8
23-Jul-16,30.5,35,24.4,38,57,29,1013.8,1015,1012.5,0,5.7,NNE,29,0.5,28.6,38.4,39.5
24-Jul-16,31.4,35.5,25.7,35.4,47,27,1011.8,1013,1010.7,0,7.7,NNE,37,0.3,19.8,32.3,56.2
25-Jul-16,30.6,33.6,27.7,38.2,46,32,1010.9,1011.7,1009.9,0,9.3,N,37,0.6,21.8,31.5,58.2
26-Jul-16,30,33.9,26.8,38.6,50,29,1010.7,1011.9,1009.1,0,6.1,N,27.4,0.6,21.2,31.8,54.9
27-Jul-16,29.6,33.9,26.4,43.1,59,32,1011.7,1012.7,1011.1,0,5.9,N,30.6,0.6,17.3,29.4,62.4
28-Jul-16,30.2,34.2,26.1,37.5,48,27,1011.6,1012.5,1010.6,0,5.7,NNE,33.8,0.7,22.9,35.1,57.3
29-Jul-16,30.7,34.8,25.8,37.1,49,30,1010.3,1011.1,1008.9,0,5.4,NNE,35.4,0.7,24.7,39.2,50.9
30-Jul-16,31.3,36.1,25.4,37.1,50,30,1011,1011.9,1009.8,0,4.7,NNE,32.2,0.6,24.1,40.3,50.5
31-Jul-16,31.4,35,27.1,33.9,44,23,1011.2,1012.2,1010,0,7.7,N,38.6,0.4,17.5,31.5,69.9
1-Aug-16,31.6,36.9,25.7,38.5,63,24,1010.8,1011.7,1009.6,0,4.1,NNW,30.6,0.6,22.7,39.6,64.6
2-Aug-16,30.9,36.3,26.2,45.9,64,27,1009.7,1010.7,1008.4,0,2.7,SSW,25.7,0.5,26.3,42,60.8
3-Aug-16,31.1,35.3,27.5,43.4,52,36,1009.8,1011.2,1008.5,0,4.8,NNE,29,0.6,20.5,40.5,51.8
4-Aug-16,30.2,33.1,27.8,46.6,55,39,1011.6,1012.5,1011,0,9.9,NNE,37,0.5,20.9,33,59.5
5-Aug-16,30.7,34.7,27.6,44.8,54,34,1010.6,1011.2,1009.8,0,8,N,35.4,0.5,19.5,33.3,60.8
6-Aug-16,31,35.6,27.7,45.6,62,33,1010.8,1012,1009.8,0,3.3,N,30.6,0.3,13.3,29.7,73.8
7-Aug-16,30.7,34.4,27.7,44,54,31,1011.7,1012.3,1010.9,0,7.5,N,38.6,0.2,12.6,26.2,71.8
8-Aug-16,30.2,34.8,26.6,52.2,62,40,1011,1011.9,1009.9,0,4.4,N,32.2,0.4,16,29.5,67.1
9-Aug-16,29.3,33.2,26.6,54.2,66,44,1009.8,1010.6,1008.7,0,3.3,W,24.1,0.2,9.6,22.4,66.6
10-Aug-16,29.5,34.5,25.9,56.6,72,40,1009.5,1011,1008.7,0,2.6,W,22.5,0.2,7.5,22.2,78.4
11-Aug-16,30.2,35.4,24.2,53.2,71,37,1010.7,1011.6,1009.7,0,2.5,SW,22.5,0.3,22.5,35.8,64.5
12-Aug-16,29.8,34.8,24.9,52.7,70,38,1011.9,1014.9,1010.4,0,7.3,SSW,38.6,0.3,14.8,31.7,60.1
13-Aug-16,24.9,28.2,22.7,56.5,72,47,1017.9,1020.7,1014.6,0,14.4,NNE,51.5,0.2,13.9,17.4,53.3
14-Aug-16,24.9,28,22.3,42.5,57,33,1019.4,1020.7,1017.8,0,11.3,N,45.1,0.1,10.1,14.9,72.8
15-Aug-16,26.5,29.8,22.8,38.5,49,26,1015.7,1017.9,1013.7,0,8.9,N,41.8,0.1,7.8,15.8,78.5
16-Aug-16,28.7,34,22.9,36.3,50,25,1012.5,1013.7,1011.3,0,5.8,N,35.4,0.3,17.6,27.9,46.1
17-Aug-16,29,35,22.7,41.7,67,25,1010.8,1011.9,1009.3,0,2.5,N,22.5,0.4,35.5,35.4,46.4
18-Aug-16,29.1,34.3,23.2,46,66,29,1009.1,1009.9,1007.9,0,2.2,SSW,22.5,0.4,29.1,36.7,44.9
19-Aug-16,30,34.2,25.4,42.4,49,32,1009.4,1011.1,1008.2,0,3.2,SSW,22.5,0.4,23.8,36.6,45
20-Aug-16,29.7,33.7,25.3,45.4,55,38,1011.8,1013.5,1010.5,0,6.4,N,33.8,0.3,16,28,45.1
21-Aug-16,29.8,33.8,26.1,48.9,57,41,1012.8,1013.7,1012,0,5,N,33.8,0.2,11.9,24,58.3
22-Aug-16,30,34.2,25.3,49.5,61,39,1012.6,1013.7,1011.2,0,2.5,SSW,19.3,0.3,18.7,32.5,65.7
23-Aug-16,29.6,34.3,26.3,51.8,63,42,1012.2,1013.7,1010.7,0,5.3,N,32.2,0.6,28.6,39.1,47.6
24-Aug-16,28.1,30.7,25.2,55.2,64,48,1012,1013.4,1011,0,8.8,N,41.8,0.4,14.8,26.6,58.5
25-Aug-16,27,28.9,25.2,59.3,69,49,1012.3,1014,1010.4,0,14.9,NNE,48.3,0.4,14.6,22.5,59.6
26-Aug-16,26.8,29.7,24.4,44.1,56,34,1015.8,1017.4,1013.8,0,14.9,N,48.3,0.1,18.3,23.4,59.3
27-Aug-16,26.4,30.1,23.3,42.9,54,32,1017.6,1018.5,1016.9,0,9.3,N,40.2,0,16.8,24.6,55.6
28-Aug-16,26.6,29.7,23.6,47.3,57,40,1016.4,1017.6,1015.1,0,5.8,N,33.8,0,15.9,26.6,51.2
29-Aug-16,27.1,32.2,22.5,52.7,72,34,1014.1,1015.1,1012.8,0,2.5,NNE,22.5,0,23.6,33.7,56
30-Aug-16,27.5,32.3,22.4,57.8,73,40,1014.6,1015.9,1013.1,0,2.1,SW,20.9,0,26.8,41.4,51.6
31-Aug-16,29.1,33.6,23.3,48.7,69,37,1016.5,1017.7,1015.6,0,6.1,NNE,27.4,0,45.2,45.6,34.2
1-Sep-16,27.9,31.4,23.9,46.3,61,37,1017,1018.7,1015.5,0,8.6,NNE,37,0,20.3,29.7,55.3
2-Sep-16,26.3,30.3,23.5,49,64,37,1014.1,1015.5,1012.8,0,6.5,N,29,0,20.9,30.1,44.2
3-Sep-16,26.2,29.4,23.7,46.3,64,32,1013.4,1015,1012.5,0,8.9,N,41.8,0,20.8,26.7,45.6
4-Sep-16,26.2,29.8,21.7,42,60,31,1015.5,1016.5,1014,0,7.5,N,38.6,0,20.5,28,48
5-Sep-16,26,30.6,20.4,47.4,60,30,1014.2,1016.1,1011.7,0,3.3,S,29,0,33.4,36,55.6
6-Sep-16,24.9,30.3,22.1,64.7,84,39,1012.2,1014.9,1010.5,1.4,2.6,S,29,0,38.8,37.7,29.2
7-Sep-16,25.3,28.4,23.3,71.7,85,54,1014.8,1015.6,1013.5,1.4,2.1,SSW,24.1,0,20.2,31.8,31.7
8-Sep-16,26.5,30.7,21.7,61,77,43,1012.2,1014.5,1009.8,0,3.7,N,29,0,32,41.5,24.9
9-Sep-16,26.7,30.4,23.6,62.3,75,49,1009.8,1011.1,1008.8,0,1.9,SSW,19.3,0,21.9,35.8,45
10-Sep-16,25.9,30.3,22.6,69.2,86,53,1011.5,1013.9,1010.1,1,2.3,SSW,22.5,0,14.4,32.6,46.3
11-Sep-16,25.2,30.3,21.5,69.7,86,49,1014,1016,1012.4,0.2,2.4,NNW,27.4,0,14.8,29.6,40.3
12-Sep-16,25.3,30.1,22.3,57.9,70,42,1015.2,1016.2,1014.2,0,2.8,NNW,25.7,0,19.9,31.9,35.3
13-Sep-16,25.4,29.8,20.7,50.6,63,39,1014.2,1015.3,1013.2,0,4,N,27.4,0,24.9,33.6,38
14-Sep-16,25.6,30.7,19.9,50.5,69,37,1013.6,1014.6,1012.6,0,2.1,SSW,24.1,0.5,30,39.1,38.5
15-Sep-16,26.1,32.1,20.2,47.3,64,36,1015.7,1017.4,1013.9,0,2.2,SSW,22.5,1,57.9,46.5,22.3
16-Sep-16,26.4,31.6,20.7,48.6,60,34,1017.4,1018.2,1016.3,0,1.9,SSW,19.3,1.2,65.8,47.2,32.1
17-Sep-16,26.5,30.4,21.4,57.4,67,47,1016,1017.8,1014.3,0,2,WSW,17.7,0.8,47.6,41.9,34.5
18-Sep-16,28.2,32.8,24.6,57.9,70,40,1012.4,1014.2,1010.6,0,3,S,24.1,0.3,15.4,29.3,28.6
19-Sep-16,26.1,30,23.3,61.8,75,43,1009.3,1011.7,1007.3,0.2,2.9,SW,29,0.4,20.3,29,23.5
20-Sep-16,25.3,29.3,21.4,55.6,75,36,1008,1011.2,1006.3,0,3.8,WSW,37,0.3,21,27.3,31.8
21-Sep-16,23.5,27.6,19.9,63.7,86,45,1012.5,1014.4,1010.8,2.2,2.3,SSW,22.5,0.5,32,33.6,24.8
22-Sep-16,21.9,25.1,20,70.4,84,58,1015.9,1020.4,1013.2,0.4,4.5,SSW,24.1,0.7,30.7,34.6,16.8
23-Sep-16,21.1,24.8,18.3,56.7,70,42,1023.2,1025.2,1020.4,0,6.8,NNE,29,0.8,26.6,28.8,31.3
24-Sep-16,20.5,24.3,17.8,50.3,66,36,1023.8,1025.9,1021.3,0,9.2,NNE,35.4,0.6,28.8,30.1,33.9
25-Sep-16,20.3,24,17,49.4,63,37,1018.3,1021.3,1016,0,5.3,NNE,37,0.4,18.7,28.1,38.6
26-Sep-16,20.5,25.1,15.6,51.6,61,37,1018,1020.2,1016.6,0,5.8,NNE,32.2,0.8,29.8,35.1,26.6
27-Sep-16,20.3,23.8,17.7,57,66,47,1022.5,1025.9,1019.8,0,6.6,N,30.6,0.8,28.2,31.3,33.1
28-Sep-16,20.6,25,16.7,51,67,36,1026.7,1027.8,1025.7,0,8.3,NNE,37,0.7,26.7,30.3,32.8
29-Sep-16,21.4,27.4,15.7,53,71,37,1024.4,1027.2,1021.9,0,2.2,N,25.7,0.8,33.5,37.2,35
30-Sep-16,22.1,28.2,15.6,53.5,72,30,1020.5,1022.3,1018.7,0,1.5,SSW,17.7,1.2,80.6,46.3,30.7
1-Oct-16,22.2,27.9,15.6,56.2,72,29,1017.4,1018.7,1016,0,1.6,SSW,17.7,1.2,75.9,43.6,40.2
2-Oct-16,22.7,27.9,17.7,64.1,77,45,1017.4,1018.3,1016.4,0,1.2,SSW,16.1,1,53.8,43,34.6
3-Oct-16,25.2,31.9,19.4,61.8,78,36,1016,1017.6,1014.4,0,2.1,SSW,27.4,0.9,51.5,42,16.9
4-Oct-16,25.2,29.9,20.2,59.3,78,43,1013.4,1015.5,1011.2,0,2.3,SE,19.3,0.8,47.8,40.1,21.8
5-Oct-16,23.5,28.4,20.6,53.5,68,37,1012.8,1015,1010.6,0,4.2,W,25.7,0.5,26.8,31.4,34.8
6-Oct-16,22.5,25.9,19.9,60.9,71,48,1015.6,1017.2,1014.4,0,3.3,S,19.3,0.4,13.5,27.5,46
7-Oct-16,21.1,24.6,17.4,71.2,88,58,1015,1017.6,1012,15.4,4,S,46.7,0.6,45.1,31.8,30.4
8-Oct-16,22.7,27.3,19.1,66.9,90,42,1013.9,1017.8,1011.2,0,3.7,SSW,33.8,0.4,20.5,28,27.8
9-Oct-16,21.8,26.1,18.6,68.3,82,47,1019.3,1020.5,1017.7,0,1.4,SSW,16.1,0.6,29.9,31,27.4
10-Oct-16,21.5,24.7,18.5,73.3,82,64,1017.1,1019.5,1014.7,0,1.9,SSW,20.9,0.7,42,31,28.2
11-Oct-16,21.1,23.8,18.9,83.1,91,68,1011.1,1014.6,1008.2,8.4,2.4,SSW,29,0.5,31.2,34.7,19.7
12-Oct-16,22.4,27.7,18.5,66,93,48,1010.8,1015.1,1008,0.2,3.1,SSW,32.2,0.5,34.2,30,27.2
13-Oct-16,20,25.2,15.3,49.3,74,26,1018,1019.9,1014.8,0,1.2,SW,17.7,0.5,33.6,32.1,33.3
14-Oct-16,20.2,25.1,13.8,56.2,73,38,1021.1,1022.9,1019.6,0,2.4,SW,19.3,1.1,77.5,41.3,18.3
15-Oct-16,20.3,23.9,17.9,65.6,76,55,1022.6,1024.1,1021,0,7,N,30.6,0.8,29,33.1,28.1
16-Oct-16,20.8,24.6,16.8,71.6,81,65,1019.8,1021,1018.8,0,1.4,N,17.7,0.6,27.1,32.5,24.3
17-Oct-16,19.2,23,16.1,68,79,57,1022.5,1025.8,1019.2,0,11.5,NNE,41.8,0.7,32.7,29,18.8
18-Oct-16,16,17.7,14.1,58.2,64,53,1024.9,1025.9,1023.5,0,10.3,NNE,45.1,0.7,29,22.6,30.4
19-Oct-16,16.9,20.9,12.7,61.1,72,49,1021.2,1023.3,1019.5,0,3.1,NNW,22.5,0.5,24.6,28.7,26.5
20-Oct-16,18.2,22.3,16.1,62.7,72,52,1020.2,1021.6,1019.2,0,7.5,NNE,29,0.8,28.7,26.9,28.4
21-Oct-16,19.2,21.7,16.8,66.9,75,51,1018.3,1019.5,1017.1,0,2.5,SW,19.3,0.5,19.7,27.8,32.3
22-Oct-16,18.5,20.3,16.2,83.2,92,72,1017.7,1020.4,1016.2,36.4,1.4,NNE,25.7,0.9,51.7,38.6,6.5
23-Oct-16,19.9,24.1,15.9,78.1,92,62,1020.5,1022.1,1018.9,0,1.1,NNE,11.3,0.9,48.8,30.4,13.7
24-Oct-16,20.4,23.9,17.9,66.1,80,51,1024.1,1025.9,1021.8,0,7.6,NNE,30.6,0.9,35.7,32.5,15.5
25-Oct-16,18.5,21.6,16.1,65.5,76,52,1024.8,1026.6,1023,0,8.6,NNE,37,0.8,29.1,25,26.9
26-Oct-16,19.1,24.2,14.9,67.2,78,50,1019.6,1023,1016.8,0,1.4,SSW,16.1,0.6,26.8,28.7,22.5
27-Oct-16,17.7,19.6,15.8,69.9,81,61,1020.6,1022.9,1018.3,0,11.4,NNE,41.8,0.7,33.8,25.4,17.2
28-Oct-16,15.2,16.3,14.3,71.7,74,67,1024.2,1026.9,1021.9,0,15.5,NNE,46.7,0.2,19,15.2,30.1
29-Oct-16,15.9,19.3,14.1,66.2,74,55,1024.9,1027.5,1022.3,0,6.1,NNE,33.8,0.7,34.1,25,21.9
30-Oct-16,17.5,20.6,14.3,63.1,76,47,1020.7,1022.4,1019.4,0,2,NNE,17.7,0.6,34.6,27.4,18.8
31-Oct-16,14.7,16.7,12.2,60.6,71,55,1021,1024.1,1018.3,0,8.2,NNE,37,0.7,31.7,26.6,26.3
1-Nov-16,14.5,18.7,11.8,50.7,67,26,1023.8,1026.1,1022.5,0,4.3,N,20.9,0.8,30.7,30.2,23
2-Nov-16,14.5,18.4,9.8,66.6,84,52,1022.7,1025.8,1020.4,0,1.5,NNE,20.9,0.9,52.7,32,28.2
3-Nov-16,16.8,21.9,11.6,74.6,88,53,1019.8,1020.9,1018.5,0,1.2,S,16.1,1.7,104.1,38.2,14.1
4-Nov-16,17.7,21.6,13.8,76.7,86,61,1021.2,1022.5,1020.1,0,0.8,SSW,11.3,1.7,102.6,38.8,9.7
5-Nov-16,18,22.3,13.3,78.2,90,63,1021.5,1022.9,1020.2,0,0.9,SSW,14.5,1.4,91.5,35.9,15
6-Nov-16,18.4,22.3,14.7,75.9,91,53,1018.2,1020.2,1016.2,0,1.1,SSW,14.5,1.5,79.6,36.2,13.6
7-Nov-16,20.2,22.7,15.9,81.4,86,72,1016.1,1017.2,1014.9,0,5.4,S,33.8,0.8,49.8,28,17.4
8-Nov-16,22.8,25.4,20.9,72.4,80,62,1013.5,1014.9,1011.9,0,6.6,SSE,32.2,0.4,16.6,22.5,24.1
9-Nov-16,19.5,23.9,15.1,73.4,85,63,1008.5,1011.9,1004.4,9.4,6,S,40.2,0.3,13.2,22,30.7
10-Nov-16,17.7,20.7,14.7,65.1,79,52,1015.4,1018.2,1011.9,0,2.3,S,19.3,0.4,18,24.5,35.3
11-Nov-16,17.6,22,13.4,68,86,47,1020.1,1021.8,1017.9,0,1.1,SSW,19.3,1.2,76.5,37.5,15.5
12-Nov-16,18.2,21.5,12.9,70.8,85,60,1018.2,1020.8,1015.6,0,4.3,SSW,38.6,1.1,89.9,30.7,26
13-Nov-16,16.9,20.6,11.5,52.6,69,33,1019.8,1022.5,1016.7,0,2.6,W,35.4,0.5,26.5,24.2,34.8
14-Nov-16,14.8,19.8,10.5,63.2,76,51,1024,1026,1022,0,3.3,W,30.6,1.1,75.1,33.2,14
15-Nov-16,12.9,15,10.8,69,79,59,1027,1028.3,1025.4,0.2,9.7,NNE,32.2,0.6,20.9,21.1,27.5
16-Nov-16,11.8,14.3,9.9,67.2,78,58,1025.4,1026.8,1024.3,0,6.1,NNE,27.4,0.7,26.1,23,23
17-Nov-16,12.3,16.4,9.3,66.1,78,48,1024.4,1025.7,1023.2,0,4.1,N,19.3,0.9,29.2,28.6,19.4
18-Nov-16,13.4,17.8,9,69.7,85,54,1025.4,1026.5,1024.3,0,2.1,W,16.1,1.1,66.8,37.8,11.5
19-Nov-16,14.1,18.6,9.6,70.7,84,52,1024.2,1026,1022.6,0,1.7,W,14.5,1.1,57.2,39.2,12.4
20-Nov-16,14.3,19.6,9.4,69,85,46,1022.7,1023.6,1021.4,0,1.2,SW,16.1,1.2,69.4,35.8,10.8
21-Nov-16,13.9,17.6,9.7,70.1,83,59,1023.7,1025.1,1022.5,0,5.2,NNE,27.4,1.2,66.7,36,11.5
22-Nov-16,14.3,17.4,11.1,67.4,76,58,1024.8,1026.4,1023.7,0,8.2,NNE,33.8,0.9,33.9,28.5,21.3
23-Nov-16,13.5,16.6,10.1,65.9,79,56,1026.7,1027.6,1025.6,0,4.4,NNE,25.7,1,39.2,32.2,13.4
24-Nov-16,13.1,18.1,8.1,68.9,83,50,1025.3,1027.2,1023.7,0,0.9,S,16.1,1.2,82.2,37.3,11.4
25-Nov-16,14.5,16.3,12.3,71.5,76,65,1021.9,1023.9,1020.5,0,0.7,S,11.3,1.1,58.7,35.6,7.9
26-Nov-16,16.2,18.1,14,78.4,91,72,1019.8,1021.4,1017.9,7.2,0.9,S,27.4,1.2,72.8,38.9,7.9
27-Nov-16,16.5,19.6,14.3,87.9,93,78,1015.4,1018,1011,62.2,2.1,SW,24.1,0.5,30.8,31,16.2
28-Nov-16,15,17.1,12.9,87.7,92,81,1009.8,1012.5,1008,21,1.1,W,20.9,0.9,47.8,38.5,11
29-Nov-16,11.5,13.6,8.4,79.4,92,72,1011.4,1014.6,1009.1,2.4,5.3,NNW,40.2,0.8,45.8,28.4,7.8
30-Nov-16,8,9.3,6.5,73.4,79,62,1019.1,1022.8,1014.6,0,17,NNE,64.4,0.3,24.2,17.2,23.4
1-Dec-16,7.8,10.7,5.2,56.2,75,40,1019.7,1021.4,1018.1,0,3.5,W,27.4,0,22,22,27.9
2-Dec-16,11.8,16.6,4.4,64.6,81,45,1016.1,1018.3,1013.9,0,2.9,NNW,38.6,0,81,31,22.3
3-Dec-16,12.8,16.7,8.9,74.5,86,55,1021.6,1024.7,1017.4,1.6,3.7,N,17.7,0,94.4,36,6.9
4-Dec-16,13.1,14.9,11.8,70.8,83,60,1026.2,1027.7,1024.5,0,8.1,NNE,29,0,32,27,15.8
5-Dec-16,11.3,14.2,7.6,62.1,73,53,1030.2,1031.6,1027.8,0,9.6,NNE,38.6,0,32.1,24,25
6-Dec-16,10.7,14.2,6.3,72.7,87,55,1028.7,1030.7,1027.2,0.8,0.7,W,12.9,0,50.7,34.2,9.1
7-Dec-16,12.4,15.2,10.1,70,90,49,1030.8,1036.8,1027.5,0.2,4.5,N,37,0,71.4,32.8,8.5
8-Dec-16,9,11.2,5.8,62.2,74,52,1036.8,1039.4,1034,0,6.8,N,38.6,0,41,24.2,25.4
9-Dec-16,8.9,13.7,4.1,76,86,64,1029.6,1034.1,1025.7,0,0.5,W,12.9,0,165.6,37.3,6.8
10-Dec-16,11.1,17.5,5.9,72.7,89,40,1024.8,1025.8,1023.7,0.2,0.4,W,9.7,0,252.9,49.8,4.2
11-Dec-16,11.9,17.6,6.6,77.5,88,52,1020,1024.3,1015.3,0,0.5,W,12.9,0,189.5,43.9,7.4
12-Dec-16,14.4,18.6,9.5,62.9,89,45,1012.9,1015.1,1011.1,0,3.1,W,35.4,0,32.1,30.8,17.9
13-Dec-16,10.5,13.4,6.1,53.4,76,37,1020.7,1029.8,1013.9,0,11.5,N,46.7,0,24.7,20.6,28
14-Dec-16,6.2,9.2,3.3,56.7,76,45,1029.2,1032,1025.6,0,5.6,NNE,37,0,61,25.5,25.3
15-Dec-16,8.8,14.2,2.8,62.4,80,42,1023.3,1025.5,1021.4,0,1.5,NNE,37,0,143.5,39.5,5.7
16-Dec-16,7.9,9.3,7,70,80,62,1029.9,1034.7,1025.1,1.2,10.6,NNE,38.6,0,39.3,23.2,18
17-Dec-16,6.8,8.7,5.2,57.8,68,48,1035.6,1036.4,1034.5,0,10.1,N,43.5,0,32.9,21.9,26
18-Dec-16,7.2,12.4,3.7,52.7,67,29,1032.8,1035.7,1030.9,0,1.1,NNW,16.1,0,73.8,29.8,19.7
19-Dec-16,7.6,12.7,2,64.7,81,51,1033.1,1034.6,1031.8,0,1.6,NNE,16.1,0,111,39,5.4
20-Dec-16,7.7,13.1,3.7,69.8,84,46,1028.5,1032.8,1025.5,0,0.3,NNE,14.5,0,173.6,44.5,5.4
21-Dec-16,7.5,9.8,4.9,64.5,88,52,1028.1,1029.3,1026.4,0,11.6,N,53.1,0,42.9,25.2,15.9
22-Dec-16,7.2,8.3,5.5,56.6,65,45,1026.6,1028.3,1025.1,0,9.8,N,35.4,0,34.8,24.1,24.5
23-Dec-16,8.6,9.7,6.8,58,76,46,1025.4,1026.3,1024.2,0,7.4,N,35.4,0,38.8,27.9,19.5
24-Dec-16,9.6,12.4,5.7,53.3,71,39,1025.5,1026.4,1023.9,0,6.1,N,40.2,0,47.5,32.9,15.8
25-Dec-16,10.1,14.7,3.4,56.1,82,39,1022.5,1025.2,1020.7,0,1.5,NNE,19.3,0,75.3,34.5,15.7
26-Dec-16,11.7,14.2,9.7,56,79,41,1024,1025.1,1022.4,0.2,4,N,29,0,28.1,23.7,24.2
27-Dec-16,12.1,16.3,8.9,71.7,85,50,1024.9,1026,1023.6,1.8,1.4,NNE,12.9,0,51.8,32.5,6.8
28-Dec-16,7.4,10.2,5.3,70.2,86,52,1018.6,1023.6,1014,8.8,4.1,N,33.8,0,32.3,25,19.1
29-Dec-16,4.5,6.3,1.2,73.3,92,54,1019.5,1025.2,1014.1,6.6,11.6,N,46.7,0,28.1,20.1,26.7
30-Dec-16,3.7,5.9,2.7,74,87,59,1026.8,1028,1024.9,1.4,6.5,N,40.2,0,24.1,21.5,25.2
31-Dec-16,4.2,5.5,2.8,63.3,69,56,1026.4,1027.4,1025.2,0.2,2.5,N,20.9,0,21.4,21.8,20.3
1-Jan-17,6.6,10,2.8,68,84,55,1025.3,1026.7,1023.9,0,1.6,NNW,16.1,0,40.4,23.8,21.7
2-Jan-17,7.6,12.8,1.9,74.3,87,62,1022.1,1024,1020.7,0,0.7,SW,14.5,0,140.3,36.8,8
3-Jan-17,9.7,15.3,4.6,72.6,88,51,1020.6,1021.9,1019.6,0,1.2,SW,24.1,0,97,40.5,7
4-Jan-17,11.2,15.5,5.7,77.2,91,58,1015.4,1019.8,1010,0.2,1.7,S,24.1,0,132.2,38.9,15.4
5-Jan-17,13.3,17.1,7.7,73.9,91,51,1006.2,1010,1001.8,0,4.6,S,43.5,0,90.5,33.3,22.8
6-Jan-17,10.3,14.3,3.7,67.5,83,47,1003.2,1007.6,1000.3,3.8,4.3,SW,29,0,17.2,20.6,32.1
7-Jan-17,2.5,4.8,0.4,64.8,81,55,1012.2,1014.8,1007.8,0.4,3.9,W,27.4,0,21,19.5,25
8-Jan-17,0.8,3.1,-1.1,62,68,54,1015,1016.2,1013.9,0,3.9,W,29,0,16.6,18.3,32.7
9-Jan-17,1.1,4.7,-0.9,61.4,90,43,1015,1016.5,1013,0,1.8,NW,17.7,0,25.1,27.4,20.3
10-Jan-17,3,5.7,-0.7,69.2,84,55,1011,1016.1,1008.6,3.6,2.4,NW,30.6,0,12.8,21.3,31.3
11-Jan-17,9,12.4,1.9,81.4,89,72,1017.1,1018.8,1015.8,10.4,5.2,SSW,43.5,0,60.6,27.9,30.2
12-Jan-17,9.6,13.4,3.9,61.6,81,37,1021.4,1023.9,1017.4,0,2.1,W,22.5,0,45.1,27.3,29.9
13-Jan-17,8.3,13.4,2.9,76.6,92,60,1018.4,1023.9,1012.3,0,1,SSW,19.3,2.8,191.9,41.9,12.6
14-Jan-17,11.3,16.8,6.7,77.4,91,64,1009.4,1012.2,1006.7,0.4,2.6,SSW,30.6,1.9,125.6,35.1,22.6
15-Jan-17,10.4,14.4,7.6,62.8,85,34,1014.4,1016.1,1011.3,4.6,3.5,W,32.2,0,0,0,0
16-Jan-17,10.3,13,7.2,77.7,89,63,1012,1013,1010.7,2.8,3,NNW,25.7,0,0,0,0
17-Jan-17,10.6,14.7,7.1,80,92,61,1013.3,1016,1012,1.8,1.9,S,29,1.5,61.2,37,24.2
18-Jan-17,11.2,15.3,6.7,80.2,92,62,1018.3,1019.8,1015.9,12.4,2.7,SSE,24.1,1.3,82.7,33.3,20.3
19-Jan-17,11,14.9,8.6,75.9,92,59,1023.5,1028.6,1019.2,0.2,2.3,S,24.1,1,52.3,30.7,13.6
20-Jan-17,8.4,10,7.5,71.8,79,65,1030.7,1031.8,1028.7,0,10.6,NNE,33.8,0.9,34.5,22,21.5
21-Jan-17,8.4,11.6,6.2,68.1,77,55,1029.9,1031.2,1028.6,0,6,NNE,25.7,1,36.9,26.2,22.4
22-Jan-17,8,11.3,5.7,65,78,54,1029.9,1031.3,1028.9,0,7.6,NNE,35.4,0.7,32.3,27.4,27.5
23-Jan-17,8.2,9.7,6.3,69.7,82,62,1025.9,1029.7,1020.8,0,11.1,NNE,37,0.9,33,23.3,29.5
24-Jan-17,8.3,9.3,6.8,82.9,89,77,1015.6,1020.7,1012.7,7.2,6.7,NNE,29,0.8,36.6,23.4,19.4
25-Jan-17,7.4,8.4,6.4,78.6,83,74,1019,1023.5,1013.8,2,3.4,NW,25.7,0.6,26.9,25,19.2
26-Jan-17,6.2,8.2,4.3,68.6,74,63,1026.2,1030.6,1023.2,0.2,13.4,NNE,43.5,0.7,27.4,22,37.5
27-Jan-17,4.9,7.1,3.4,65.4,74,57,1030.2,1032.3,1027.6,0,5.6,WNW,32.2,1,39.8,27.7,26.3
28-Jan-17,6.5,11,1.4,68.2,83,46,1027.3,1028.2,1026.2,0,3.2,NE,19.3,1.7,97.5,38.6,16.5
29-Jan-17,7.5,10.1,5.7,68.2,75,58,1026.2,1027.5,1025.3,0,7.1,NNE,29,0.8,33.8,29.8,23
30-Jan-17,7,9,4.9,70.5,80,60,1025.4,1026.7,1024.3,0,6.6,NNE,32.2,1,43.5,29.5,14.8
31-Jan-17,6.8,8.9,3.2,67.5,81,57,1028.7,1030.1,1026.6,0,4.5,NNE,25.7,1,40.9,29.5,22.3
1-Feb-17,7.6,12.4,2.4,73.3,86,55,1030.5,1031.5,1029.5,0,0.8,SSW,16.1,1.7,103.6,39.3,13.5
2-Feb-17,10.5,15.2,5.1,81.2,90,66,1030,1031.8,1028.4,0,0.9,SSW,16.1,2,131.9,39.8,15.2
3-Feb-17,12.4,16.7,8.1,77.7,92,59,1025.7,1028.3,1023.8,0,1.1,SSW,16.1,1.9,121.4,40.5,13.8
4-Feb-17,13.3,17.6,8.3,73.6,90,59,1021.4,1023.9,1018.3,0,1.8,SSW,16.1,1.2,76,36.8,19.9
5-Feb-17,14.8,18.2,11.4,70.6,84,54,1016.9,1018.3,1015.8,0,0.7,SW,19.3,1,46.9,36.4,16.5
6-Feb-17,14.5,17.2,10.3,76.1,89,64,1014,1016.1,1011.7,0,7.6,S,41.8,1.2,77.8,30.2,34.3
7-Feb-17,12.6,15.8,10.7,80.9,90,67,1011.7,1012.9,1010,14.6,5.2,SSW,43.5,0.7,30.8,27.1,42.2
8-Feb-17,11.9,14.3,8.3,75.7,88,61,1015.4,1019.3,1012.2,0.8,3.3,N,19.3,1.1,38.8,36.9,16.2
9-Feb-17,10.6,13,8.1,75,86,64,1021.9,1024,1019.4,0,11.2,NNE,37,1,45.3,29.9,22.3
10-Feb-17,9.7,11.8,8.7,74.5,79,67,1022.5,1023.7,1021.4,0,16.2,NNE,49.9,0.8,29.1,21.9,33.4
11-Feb-17,8.4,10.1,7.6,69.2,76,64,1024.3,1027.4,1022.1,0,15.1,NNE,46.7,0.7,26.5,21.4,43.3
12-Feb-17,7.1,8.2,5.8,68.5,77,63,1029.8,1031.3,1027.3,0,12.6,NNE,37,0.5,23,20.6,41
13-Feb-17,6.3,7.6,4.8,62.6,79,51,1030.2,1031.6,1028.7,0,12.1,NNE,37,0.7,28.5,23.7,37.7
14-Feb-17,6.4,9,3.8,55.5,67,45,1031.2,1032.7,1029.7,0,9.6,NNE,40.2,0.8,29.7,25.9,37.6
15-Feb-17,9.3,15.1,2.3,50.9,75,29,1030.5,1032.1,1028.4,0,2.3,NNE,22.5,1.1,53.5,39.6,18.8
16-Feb-17,9.3,12.4,6.1,59.9,70,47,1033.3,1034.7,1031.5,0,10,N,33.8,0.9,28.5,30.1,39
17-Feb-17,9.5,14.4,3.8,58.6,77,36,1027.7,1032.1,1024.4,0,1.7,NNW,17.7,1,55.5,38.8,28.5
18-Feb-17,11.5,16.5,6.1,71.1,85,48,1024.1,1025.1,1022.8,0,2.5,S,24.1,1.8,122.6,44.1,25.2
19-Feb-17,13.5,17.1,8.7,74.3,85,59,1023.7,1025.1,1022.1,0,4.4,S,30.6,1.3,79.4,33.5,31
20-Feb-17,13.8,17.5,9.7,70,85,51,1020.8,1022.5,1019.3,0,2.6,S,24.1,0.8,37.9,29.5,33.2
21-Feb-17,12.5,16.7,8.9,74.8,89,59,1018,1019.4,1016.2,0,1.7,NE,17.7,1.6,72.5,41.2,12.4
22-Feb-17,12.6,16.9,8.2,76.7,90,54,1019.7,1020.7,1018,0,1.8,SSW,19.3,1.1,56.7,36.8,22.3
23-Feb-17,13.8,18.8,8.5,67.7,87,42,1019.2,1020.4,1017.8,0,2.8,SSW,25.7,0.8,44,35.4,34.8
24-Feb-17,14.9,18.4,12.7,70.4,85,52,1018.6,1019.8,1017.4,0,3.9,S,22.5,0.5,14.3,23.4,51.4
25-Feb-17,15.1,17.8,11.3,77.9,86,63,1020.5,1022.6,1018.9,0.4,3.5,S,27.4,0.6,22.5,29,35.6
26-Feb-17,15.2,17.8,13.4,79.8,87,63,1022.1,1023.8,1020.5,2,2.3,SE,17.7,0.7,27.9,31,17.5
27-Feb-17,14.1,16.8,11.3,80.9,92,71,1019.2,1020.8,1017.9,0,1.7,NNE,12.9,0.7,24.4,27,20
28-Feb-17,13.8,18.9,9.8,80.2,92,56,1016.9,1018,1015.5,0,1.7,S,19.3,1,59.6,31.9,16.8
1-Mar-17,14.8,19,10.6,75.4,93,59,1012.9,1015.8,1010.4,0.2,2.9,SSW,29,0.9,60.7,44,2.3
2-Mar-17,14.3,18.2,9.8,46.2,72,32,1014.7,1018.5,1011.2,0,3.9,NNE,35.4,0,0,0,0
3-Mar-17,13.5,18.7,8,64.5,80,45,1019.5,1021.5,1018.1,0,1.5,SSW,16.1,0,0,0,0
4-Mar-17,14.5,19.7,8.8,61.1,77,45,1021.9,1023.1,1021.1,0,1.6,SSW,17.7,0,0,0,0
5-Mar-17,14.4,19,8.9,67.4,87,43,1020.3,1022,1017.8,0,2,SSW,19.3,0,0,0,0
6-Mar-17,15.2,18.6,11.7,71.2,88,50,1014.5,1017.7,1011.6,0,2.1,SSW,20.9,0,0,0,0
7-Mar-17,14.3,17.3,11.1,75,84,59,1007.4,1011.6,1003,0.4,4.8,S,37,0,0,0,0
8-Mar-17,13.5,16.6,11,71.9,82,56,1004.9,1009.5,1001.3,2.4,6.3,S,33.8,0,0,0,0
9-Mar-17,12.3,15.4,10.8,81,92,61,1007.7,1008.7,1006.7,22.2,5.9,N,33.8,0,0,0,0
10-Mar-17,12.4,15.5,10.6,77.2,92,64,1003.8,1007.2,1000.5,1.4,2.7,N,24.1,0,0,0,0
11-Mar-17,10.8,12.1,8.9,83.1,93,73,1002.2,1006.6,999.2,52.2,8.9,NNE,43.5,0,0,0,0
12-Mar-17,12.3,15.2,10.5,70,81,56,1009.9,1012.8,1006.2,0,5.1,NE,35.4,0,0,0,0
13-Mar-17,13.2,17.8,8.3,62.4,90,38,1016.6,1021.2,1012.6,1,3.6,NE,33.8,0,0,0,0
14-Mar-17,12,15.3,8.4,60.5,76,47,1022.4,1023.8,1020.9,0,2.5,N,22.5,0,0,0,0
15-Mar-17,12,14.7,8.6,67.5,83,55,1023.3,1025,1021.6,0,4.2,NNE,24.1,0,0,0,0
16-Mar-17,11.4,16.3,7.1,64.7,87,43,1019.1,1021.6,1018.1,0,2.6,N,22.5,0,0,0,0
17-Mar-17,12.2,18.1,6.2,59.6,82,34,1017.3,1020.2,1015.2,0,6.1,N,40.2,1,24.9,27.7,42.7
18-Mar-17,12.9,16.3,7.5,66.9,80,56,1017.3,1020.8,1013.3,0,3.6,S,27.4,0.7,29.3,26.9,43.3
19-Mar-17,16.3,21.8,11.7,61.7,76,39,1012.1,1013.2,1010.2,0,3.1,WSW,37,0.5,9,24.2,59.4
20-Mar-17,16.2,21.8,11.3,69.5,83,50,1013.8,1014.8,1012.7,0,1.5,SSW,16.1,1,50.9,42.1,28.6
21-Mar-17,16.2,21,11.1,72.9,85,51,1013.4,1014.5,1012,0,1.7,SSW,17.7,1,50.6,40.8,31.1
22-Mar-17,16.8,21.2,12.1,64.5,85,41,1013.9,1016.3,1012.3,0,3.8,NE,27.4,0.8,24.9,33.5,38.6
23-Mar-17,17.4,23,10.6,41,68,23,1018.3,1021,1015.8,0,4.4,NE,29,1.1,48.4,44,22.9
24-Mar-17,17.5,24.5,10.4,39.7,57,24,1020.9,1022.1,1019.5,0,1.9,N,20.9,1.3,70.6,46.3,25.7
25-Mar-17,17,23,10,50.9,68,31,1019.4,1021.3,1016.8,0,1.7,SSW,17.7,1.1,63.1,42,45
26-Mar-17,18,24.2,12.8,58.5,81,29,1013.5,1016.8,1010.9,0,3.3,SW,30.6,0.6,25.3,29.6,43
27-Mar-17,13.2,16.9,10.2,65.3,78,58,1019.4,1023,1012,0,13.4,NNE,49.9,0.6,18.1,20,50.7
28-Mar-17,12.8,16.8,9.6,52.1,65,39,1021,1022.8,1018.8,0,7.5,NNE,37,0.9,19.8,24.3,49.8
29-Mar-17,14.7,19.5,8.8,55.7,67,38,1019.1,1020.5,1017.6,0,2.3,SW,20.9,0.7,26.8,32.2,45.9
30-Mar-17,17.8,21.7,13.3,43,57,31,1017.1,1018.6,1015.6,0,5.2,N,30.6,1.2,28.2,37,29
31-Mar-17,16.4,19.3,13.4,49.2,57,41,1020.7,1022.1,1018.5,0,13.9,N,48.3,0.6,25.5,28.7,55.8
1-Apr-17,16.1,20.6,11.9,41.4,59,29,1020.5,1021.5,1019.4,0,5.3,N,38.6,0.6,19.2,27.3,49.9
2-Apr-17,15.3,20.2,8.8,40.4,60,20,1020.9,1022.2,1019.8,0,2.1,WSW,20.9,0.6,41.8,35.4,39.5
3-Apr-17,15.3,18.6,10.3,60.4,70,44,1019,1020.4,1017.3,0,1.9,WSW,27.4,0.6,34.1,35.5,36.8
4-Apr-17,17,20.1,13.9,67.9,81,46,1018.9,1020.2,1017.4,0.8,2.3,SSW,24.1,0.6,24.2,29.5,46.6
5-Apr-17,16.5,20.4,13.3,70.7,84,50,1016,1018,1013.2,0,2,SSW,27.4,0.6,32.9,36.5,32
6-Apr-17,16.6,21.1,12.6,66.6,81,52,1012.3,1013.8,1010.6,0,2.7,SSW,22.5,0.8,51,39.5,45.7
7-Apr-17,16.5,20.8,12.9,66.8,80,49,1013.6,1015.6,1012.1,0,3.7,SSW,29,0.6,29.4,37.6,57.7
8-Apr-17,15.5,20.2,12.2,48.4,67,31,1018.6,1022.4,1015.6,0,4.2,S,25.7,0.7,20.5,27.3,67.1
9-Apr-17,15.8,19.7,11.8,53.5,70,36,1024.1,1025.4,1022.4,0,3.9,N,22.5,0.7,29.3,35.8,52.4
10-Apr-17,15.8,19.2,11.2,48.4,64,36,1022.5,1024.9,1019.3,0,6.6,N,27.4,0.8,36.2,36.2,44.2
11-Apr-17,17.3,21.6,13,49.5,72,37,1017.1,1019.3,1015.2,0,6.4,N,27.4,0.6,22.9,32.6,55.6
12-Apr-17,16.6,21.3,11.1,52.5,72,39,1014.8,1016.3,1013.4,0,2.8,NW,20.9,0.7,44.1,39.5,47.4
13-Apr-17,18.1,23.9,11.8,54.6,72,36,1010.7,1013.3,1008.4,0,3.3,NNE,27.4,0.7,28.3,39.7,47.4
14-Apr-17,18.7,24.1,13.3,62.1,77,43,1013.2,1015.5,1010.3,0.6,1.9,SW,20.9,0.7,39.5,39.6,45
15-Apr-17,18.8,23.3,13.3,65.1,83,48,1015.3,1016.6,1014.1,0,2.2,SW,22.5,0.6,38.9,34.3,49.6
16-Apr-17,18.6,22.9,13.8,67.9,87,50,1012.1,1014.4,1010.1,0,2.5,SSW,22.5,0.4,12.7,25.8,50.7
17-Apr-17,17.2,21.8,14.2,69.2,81,51,1010.2,1011.9,1008.1,4,2.6,E,48.3,0.4,13.1,22.5,73
18-Apr-17,16.8,20.7,12.5,65.7,86,51,1014.5,1016.7,1011.5,0,3.1,S,27.4,0.5,25.6,29.7,59.8
19-Apr-17,17.6,20.9,14.4,73.8,83,54,1013.4,1015.1,1011.5,0,7.8,S,38.6,0.5,18.1,22.3,67
20-Apr-17,17.9,22.1,14.1,51.9,80,32,1012.6,1017,1010.5,0,4.8,W,33.8,0.3,15.3,22.5,65
21-Apr-17,13.9,16.5,12.3,47.1,57,35,1019.6,1022.6,1016,0,5.2,W,29,0.5,20.8,27.1,61.5
22-Apr-17,12.6,16.2,10.1,57.2,76,40,1018.3,1021.5,1015.9,0,5.1,N,29,0.6,24.6,28.9,63.2
23-Apr-17,15.1,19.7,9.4,56.4,76,36,1018.3,1020.3,1016.1,0,4.2,S,33.8,0.4,16.4,24.4,70.6
24-Apr-17,16.4,21.9,11.3,60.2,78,40,1022.1,1023.9,1019.6,0,3.1,N,27.4,0,0,0,0
25-Apr-17,16.6,20.8,11.8,63.9,80,47,1022.4,1024,1020.8,0,2.5,SW,24.1,0.4,10.5,29.5,45
26-Apr-17,17.7,22.5,12.1,53.9,79,30,1020,1021.2,1018.4,0,2.3,SSW,22.5,0.8,47.7,43.2,60.3
27-Apr-17,18.9,24.8,12.4,56.8,71,36,1017.9,1019.2,1016.7,0,2,SW,17.7,1.1,71.5,57.2,55.2
28-Apr-17,20.4,25.4,14.2,44.8,72,21,1016,1017.1,1014.8,0,2,SW,22.5,1.5,80,61.8,50.4
29-Apr-17,21.8,26.1,14.8,41.8,58,19,1012.5,1014.7,1010.2,0,2,S,24.1,1.1,73.4,55,49.5
30-Apr-17,23,27.8,20.3,38.6,48,24,1009.2,1010.4,1007.6,0,4.9,NE,29,0.7,25.8,36,64.3
1-May-17,22.9,27.9,18.1,38.2,59,26,1011.3,1014.4,1008.6,0,5.4,N,32.2,0.6,24.6,30.2,94.9
2-May-17,22.4,28.4,16.4,43.9,62,25,1014.5,1015.9,1013.4,0,3.3,N,29,0.8,28.9,45.2,65.2
3-May-17,21.7,27.3,17.2,52.7,71,35,1015.2,1016.4,1014.1,0,2.7,SSW,20.9,0.8,33.3,45,51.3
4-May-17,21.8,25.7,16.6,56,72,44,1014.9,1015.9,1014.1,0,2.4,SSW,20.9,0.7,31.7,41.3,56.9
5-May-17,23.4,29.8,17.4,47.4,67,24,1014.3,1015.5,1012.6,0,3.7,SSW,32.2,0.5,21.7,35.1,52.3
6-May-17,23.7,29.9,18.7,47.1,64,25,1012.6,1014.2,1010.4,0,3.9,SW,32.2,0.5,16.3,27.3,52.5
7-May-17,22.3,26.8,18.2,52.4,67,35,1009.2,1013,1004.7,0,4.1,W,38.6,0.4,12.8,24.4,69.3
8-May-17,21.9,26.2,18.1,53.8,70,34,1006.6,1008.1,1004.8,0,2.4,SW,20.9,0.5,16.4,29.1,55.6
9-May-17,21.9,26.9,16.3,47.7,80,31,1004.6,1008.1,1003.1,0,5.1,W,45.1,0.4,17,25.3,54.8
10-May-17,21.3,26.1,17.6,56.1,71,36,1012,1015.5,1008,0,4,S,25.7,0.3,13.4,24.2,69.8
11-May-17,21.1,25.3,16.8,60.7,72,49,1017.6,1018.7,1014.9,0,2.8,SW,22.5,0.5,20.8,31.3,66.1
12-May-17,21.8,25.1,18.1,65.2,76,45,1016.1,1018.4,1013.8,0,1.7,SW,19.3,0.4,18.7,36.5,36.4
13-May-17,25.6,32,18.4,54.8,77,33,1012.1,1013.8,1010.5,0,1.3,SW,16.1,0,0,0,0
14-May-17,27.1,34.5,21.5,42,60,16,1015.1,1017.6,1012.2,0,2.8,SW,25.7,0.5,32.9,31.9,57.6
15-May-17,24.7,29.3,20.7,46.1,55,37,1019.7,1021.2,1017.2,0,8.2,N,32.2,0.5,20,29.8,51.7
16-May-17,21.3,23.4,20.1,49.6,59,38,1019.1,1021.2,1014.6,0,11.6,NNE,46.7,0.6,20.1,25.3,63.8
17-May-17,17.9,20.4,15.8,67.6,81,55,1013.6,1014.6,1012.1,5.2,4.2,N,29,0.4,15.2,23,59
18-May-17,16.5,18.3,15,77.4,90,65,1013.8,1015.2,1011.5,30.2,5.3,NNW,37,0.5,20.5,27.9,57.6
19-May-17,19.6,24.5,14.8,40,75,26,1015.6,1017.3,1013.9,0,7.4,N,35.4,0.8,27.3,34.1,61.4
20-May-17,20.1,24.4,14,51.7,77,31,1015,1017.3,1011,0,3.2,SSW,30.6,0.5,29.9,30.9,69.3
21-May-17,21.1,26.9,14.6,62,84,40,1008.8,1012.1,1006.4,8.4,5.9,SSW,48.3,0.7,26.5,34,78.9
22-May-17,21.1,25.1,15.2,55.4,84,34,1013,1014.9,1011.2,0.8,3.8,N,25.7,0.6,21.9,32,69.5
23-May-17,22.3,27.1,17.1,56.5,73,42,1017,1018.4,1014.9,0,3.2,SSW,24.1,1.1,34.7,39,52
24-May-17,22,26.7,17.5,61,81,49,1016.1,1017.3,1014.6,0,1.8,SW,20.9,0.8,32.9,45.3,59.1
25-May-17,22.1,26.6,18.3,64.7,83,49,1013.3,1014.6,1011.8,0,2.8,SW,29,0.9,34.6,40.1,68.9
26-May-17,21.4,25.3,18.2,61.9,78,47,1011.2,1012.1,1010,0.6,3.4,S,29,0.4,14.9,28.4,64.8
27-May-17,20.4,23.7,17.7,66.1,77,49,1013.1,1015,1011.5,0,2.7,N,20.9,0.5,21.2,31.3,70.3
28-May-17,17.9,19.4,15.7,75.2,86,67,1016.6,1018,1013.9,12,5.5,N,32.2,0.7,17.2,26,46.7
29-May-17,20.3,22.6,17.9,60.4,70,51,1015.9,1016.6,1015.4,0,8.5,NNE,43.5,0.6,25.8,31.4,57.7
30-May-17,21.8,26.3,16.6,58.2,74,44,1017.6,1019.1,1015.6,0,3.1,SSW,27.4,0.5,24.1,31.3,51.2
31-May-17,23,27.3,17,58.7,80,40,1018.7,1019.7,1017.7,0,2.7,SSW,24.1,0.6,39,38,22
1-Jun-17,24.7,29.7,18.8,58.7,76,46,1017.9,1018.5,1016.9,0,2.1,SSW,22.5,0,0,0,0
2-Jun-17,25.7,30.2,20.2,57.4,75,42,1016,1017.2,1013.6,0,2,SW,20.9,0,0,0,0
3-Jun-17,25.3,29.8,21.3,56.1,71,38,1012.9,1014.2,1011.7,0,1.9,SW,17.7,0,0,0,0
4-Jun-17,24.1,29.5,19.7,63.7,86,48,1012.9,1014.4,1011.8,31.4,2.3,SW,27.4,0,0,0,0
5-Jun-17,24.2,29.7,19.3,63.9,80,39,1013.2,1014.3,1012,0,2.4,SSW,24.1,0,0,0,0
6-Jun-17,24.4,28.7,20.3,62.1,75,47,1013.1,1014.1,1012.2,0,2.6,SSW,22.5,0,0,0,0
7-Jun-17,24.8,31,20.7,62.4,77,42,1013.3,1016.3,1011.9,0,2.7,SW,27.4,0,0,0,0
8-Jun-17,23.9,26.9,21.7,67.5,80,50,1012.9,1014.2,1011.6,0,1.5,SW,20.9,0,0,0,0
9-Jun-17,24.7,29.8,20.6,59.9,78,39,1014,1015.8,1012.5,0,3,SW,22.5,0,0,0,0
10-Jun-17,24.9,29.1,20.8,59.9,75,45,1015.7,1016.9,1014.5,0,2.9,SW,22.5,0,0,0,0
11-Jun-17,22,25.1,19.7,69.4,81,53,1013.8,1014.5,1013.1,3.6,5.3,NNE,37,0,0,0,0
12-Jun-17,23.6,27.2,19.2,53.4,76,39,1013.6,1014.3,1012.9,0,8.2,N,49.9,0,0,0,0
13-Jun-17,25.9,30.9,20.6,50.1,73,32,1012.4,1013.1,1011.3,0,4.6,NNW,33.8,0,0,0,0
14-Jun-17,27.4,32.2,21.1,51.5,71,38,1012.3,1013.2,1011.3,0,2.7,SW,22.5,0,0,0,0
15-Jun-17,27.6,30.9,23.1,57,68,46,1013.9,1015.1,1012.5,0,2.2,SW,17.7,0,0,0,0
16-Jun-17,25.9,30.8,22.7,69,86,47,1014.5,1015.8,1013.1,7.2,2.5,W,22.5,0,0,0,0
17-Jun-17,24.5,29.6,20.6,73.5,90,54,1010.9,1013.2,1008.8,15.4,2.6,W,22.5,0,0,0,0
18-Jun-17,19.6,21.9,17.8,80.6,89,64,1011.5,1013.2,1009.1,11.6,1.3,NNW,20.9,0,0,0,0
19-Jun-17,22.4,26.7,16.9,55.5,80,42,1015.5,1017.6,1012.8,0,4.8,N,29,0.5,16.3,24.2,44.5
20-Jun-17,24.8,29.6,18.6,50.2,74,33,1016.7,1018.1,1014.9,0,5,N,30.6,0.5,21.6,32.1,42.6
21-Jun-17,25.7,30.7,20.2,55.2,70,37,1014.5,1015.5,1013.3,0,2.4,SW,22.5,0.6,34.8,37.2,52.3
22-Jun-17,27.1,32.1,20.2,49.9,75,33,1015.7,1016.5,1014.6,0,2.1,SSW,20.9,0.7,40.5,42.2,37.9
23-Jun-17,28,33.4,21.6,49.1,69,33,1015.7,1017.2,1014.2,0,2.2,SSW,22.5,0.9,59.3,45,43
24-Jun-17,29,34.8,22.7,52.3,65,37,1013.5,1014.3,1012.6,0,2,SSW,22.5,0.8,48.6,44.6,52
25-Jun-17,30.5,35.3,24.5,52.2,69,38,1012.8,1013.8,1011.7,0,2.1,SW,17.7,0.7,32.7,40.7,62.3
26-Jun-17,29.7,34.9,25.9,54.5,64,41,1010.9,1011.6,1010.1,0,2.3,SW,19.3,0.6,26,40.6,53.6
27-Jun-17,30,34.4,25.1,48.4,63,34,1011.4,1012.5,1010.8,0,2.7,SSW,22.5,0.6,25.7,36.8,55.6
28-Jun-17,30.3,35.3,24.9,50.7,66,33,1010.2,1010.8,1009.2,0,2.5,SSW,22.5,0.6,26.6,39.3,49
29-Jun-17,31.5,36.8,25.7,48.3,65,34,1011.5,1012.6,1009.9,0,2.1,SSW,19.3,0.7,28.8,41,42
30-Jun-17,34.2,41.3,25.6,41.7,69,21,1011.8,1012.9,1010.5,0,2.1,SSW,17.7,0.9,55.5,51,29.5
1-Jul-17,35,40.6,27.9,35.5,51,23,1009.5,1011.3,1007.3,0,1.8,SW,17.7,1,88.2,56.3,69.3
2-Jul-17,35.3,41.1,28.8,34.7,46,25,1005.5,1007.3,1003.8,0,3,SSW,20.9,0.8,81.1,43.5,36.8
3-Jul-17,31.6,36,26.8,37.5,51,21,1005.5,1009.8,1003.6,0,5.1,W,30.6,0.3,10.2,20.5,64.2
4-Jul-17,26.8,30.1,24.1,49.3,62,42,1014.1,1017.4,1009.6,0,11.4,NNE,37,0.4,12.3,16,65.7
5-Jul-17,26.6,29.9,23.3,42.6,55,30,1016.1,1017,1014.8,0,11.6,N,48.3,0.4,15.3,19.3,55
6-Jul-17,28.2,31.7,24.3,38.1,55,29,1015.3,1016.1,1014.1,0,9.4,NNE,41.8,0.6,15.6,28,57.4
7-Jul-17,29.6,34.3,24.9,39,47,31,1015.4,1016.7,1014,0,8.2,NE,37,0.5,14,32.4,59.3
8-Jul-17,29.6,34.5,25.7,46.2,62,36,1013.7,1015.2,1012.2,0,5.3,SSW,27.4,0.4,7.4,31,80.2
9-Jul-17,31.3,35.4,26.4,41.9,53,33,1013.1,1013.8,1012,0,3.6,SSW,20.9,0.4,11.1,36.7,65.9
10-Jul-17,31.8,35.7,26.6,37.6,49,29,1014.2,1015.6,1013.1,0,8.8,NNE,32.2,0.6,15.5,42.7,57.8
11-Jul-17,32.1,36.5,27.5,39.3,57,30,1014.8,1015.9,1013.7,0,3.3,SW,29,0.4,9.3,41,68.6
12-Jul-17,31.4,36.4,27.5,47.2,58,36,1011.3,1014,1008.4,0,2.4,SW,20.9,0.5,18.9,53.1,56
13-Jul-17,32.3,37.3,27.1,46.8,59,30,1006.8,1008.3,1005.1,0,2.6,SSW,22.5,0.7,27.2,64.3,62.5
14-Jul-17,31.7,35.3,28.8,43,54,36,1007.1,1008.3,1005.9,0,11.3,NNE,38.6,0.6,16.4,45.5,61.8
15-Jul-17,29.6,33.3,26.6,49.2,65,43,1008.2,1009.5,1006.8,0,10.3,NNE,37,0.4,0,0,68.6
16-Jul-17,27.5,32.6,23.6,48,69,36,1008.7,1009.5,1007.8,0,10,NNE,43.5,0.3,0,0,66.4
17-Jul-17,23,27.7,19.8,67.5,79,51,1010.5,1014.3,1007.9,7.4,3.9,N,32.2,0.3,0,0,65.1
18-Jul-17,24.2,28.7,20.8,57.6,73,44,1016.4,1018.7,1013.8,0,6.7,N,32.2,0.4,0,0,58.4
19-Jul-17,26.7,30.2,22.2,44.4,60,36,1016.1,1017.7,1013.9,0,6.8,N,35.4,0.4,0,0,54
20-Jul-17,27.8,31.5,24.6,39.6,47,31,1012.2,1013.8,1010.4,0,8.6,N,38.6,0.5,0,0,62.3
21-Jul-17,28.6,32.6,23.4,37.7,52,26,1012.3,1013.7,1011.1,0,7.4,N,38.6,0.6,0,0,60
22-Jul-17,29.9,34.1,24.1,36.9,49,28,1014.4,1015.8,1012.6,0,6.7,N,38.6,0.5,0,0,56.9
23-Jul-17,30.6,36.4,24.5,43.9,58,31,1013.2,1015.1,1010.5,0,2.4,N,24.1,0.5,0,0,66.1
24-Jul-17,31,36.6,25.8,47.8,60,32,1008.4,1010.5,1006.6,0,2.3,SW,17.7,0.7,0,0,63.6
25-Jul-17,31.2,35.3,26.2,43.8,58,31,1004.1,1006.4,1002.4,0,2.4,SSW,19.3,0.6,0,0,52.5
26-Jul-17,30.5,35,26.7,47.1,62,30,1003.5,1004.5,1002.3,0,2.9,SSW,27.4,0.4,0,0,54.2
27-Jul-17,28.3,32.1,25.3,47.1,57,34,1005,1008.7,1002.5,0,4,W,33.8,0.3,0,0,64.9
28-Jul-17,28.1,33.4,23.9,49.9,72,32,1011.3,1014.9,1008.7,0,3.5,SSW,27.4,0.3,0,0,69.6
29-Jul-17,29.3,35.4,24.3,49.5,71,24,1015.8,1016.9,1014.4,0,3.1,SSW,29,0.4,0,0,53.4
30-Jul-17,30.5,34.7,25.4,38.3,47,32,1015,1016.2,1013.6,0,7.1,NNE,32.2,0.3,0,0,51.4
31-Jul-17,29.2,32.8,26.7,42.2,52,29,1014,1014.7,1013,0,11.1,N,46.7,0.4,0,0,64.7
1-Aug-17,28.6,31.9,25.7,41.7,51,33,1015.2,1016.9,1013,0,11.5,N,41.8,0.4,0,0,63.1
2-Aug-17,29.2,32.2,25.1,41.5,55,35,1014.9,1015.8,1013.6,0,7.7,N,38.6,0.6,0,0,59.7
3-Aug-17,31.2,35.1,27.5,36.6,47,29,1012.6,1014,1011.3,0,8,N,40.2,0.5,0,0,52.7
4-Aug-17,31.9,35.5,26.9,38.6,47,28,1011.1,1011.8,1010.2,0,7.3,N,41.8,0.8,0,0,44.3
5-Aug-17,33.4,37,27.4,34.7,47,27,1010.1,1011,1008.6,0,7.1,N,35.4,0.5,0,0,48.6
6-Aug-17,34.3,38.3,29.7,32.8,41,24,1009.9,1010.9,1009.1,0,6.7,N,33.8,0.4,0,0,63.7
7-Aug-17,34.5,38.2,29.9,34.9,45,28,1010,1011.8,1008.8,0,6.7,N,35.4,0.6,0,0,52
8-Aug-17,33.5,37.2,30,42.1,49,32,1012.3,1013.3,1011.2,0,8.8,N,37,0.5,0,0,59
9-Aug-17,32.2,36.5,29.3,44.7,53,35,1012.8,1013.7,1011.9,0,9.8,NNE,46.7,0.4,0,0,67.2
10-Aug-17,32.3,36,29.3,37.7,50,28,1012.1,1012.9,1011.3,0,9.3,NNE,48.3,0.4,0,0,65.1
11-Aug-17,32.1,36.2,28,39.7,50,32,1011,1012,1010.1,0,7.2,NE,35.4,0.5,0,0,59.1
12-Aug-17,31.9,37.3,26.7,39.4,53,22,1008.4,1010.3,1005.4,0,2.6,NE,24.1,0.5,0,0,68.6
13-Aug-17,30.7,35.1,26.8,37.6,53,24,1006.7,1010.4,1005.1,0,4.6,W,27.4,0.2,0,0,87.9
14-Aug-17,28.9,32.3,25.4,46.3,55,37,1012.9,1015,1010.3,0,3.9,N,22.5,0.3,0,0,83.2
15-Aug-17,29,32.9,25.4,47.4,58,39,1014.4,1015.9,1012.9,0,6.2,N,33.8,0.3,0,0,75.5
16-Aug-17,29.7,32.7,26.3,43,57,32,1012.1,1013.3,1011,0,9,N,43.5,0.4,0,0,72.9
17-Aug-17,30,32.8,26.8,38.1,53,28,1011.3,1012.1,1010.4,0,10,N,48.3,0.3,0,0,68.3
18-Aug-17,30.2,33.5,25.9,34.6,42,25,1013.2,1014.3,1011.6,0,8.7,N,41.8,0.4,0,0,52.5
19-Aug-17,30.4,34.3,25.8,31.9,42,25,1013.4,1014.4,1012.5,0,7.2,N,43.5,0.4,0,0,42.3
20-Aug-17,30.2,35.1,26,41.9,66,27,1011.5,1013.2,1009.4,0,3.5,N,29,0.4,0,0,45.2
21-Aug-17,28.2,34,24.1,55.7,75,32,1010,1011.9,1008.7,0.6,1.9,SW,29,0.4,0,0,48.7
22-Aug-17,26.1,30.6,23.2,58.8,74,44,1012.6,1014.8,1011,0,4.7,WNW,25.7,0.3,0,0,54.6
23-Aug-17,26.1,30.3,22.6,50.4,67,40,1015.6,1016.6,1014.3,0,5.7,NNE,29,0.5,0,0,61.3
24-Aug-17,26.5,30.6,22.9,44.7,54,35,1017.8,1019,1016.6,0,7.8,N,32.2,0.8,0,0,58
25-Aug-17,26.9,31,22.9,37.8,52,29,1018.1,1019.2,1017,0,10.7,NNE,45.1,0.4,0,0,68.6
26-Aug-17,27.2,31.2,23.1,39.7,52,32,1016.2,1017.7,1014.4,0,9,NNE,41.8,0.4,0,0,65.9
27-Aug-17,27,31.4,22.8,40.4,53,26,1012.5,1014.3,1011,0,5.6,N,40.2,0.4,0,0,60
28-Aug-17,28.9,33.2,22.7,38.9,54,27,1009.9,1011,1008.7,0,7,N,37,0.6,0,0,47.7
29-Aug-17,28.8,35.4,23.9,43.7,67,31,1009.9,1012.5,1008.2,0,9.5,NNE,43.5,0.6,0,0,49.1
30-Aug-17,24.3,27.7,21.7,55.6,79,39,1015.3,1017.2,1012.5,0.8,11.6,NNE,40.2,0.4,0,0,54.7
31-Aug-17,24.9,28.9,20.3,44.6,62,34,1016.8,1017.6,1016.3,0,6,NNE,40.2,0.5,0,0,49.5
1-Sep-17,25.2,30.2,19.4,50.2,69,37,1014.5,1016.6,1012.5,0,2.2,SW,17.7,0.5,0,0,54
2-Sep-17,26.5,31.3,21.2,60.3,70,47,1012.3,1013.3,1011.1,0,1.8,SSW,16.1,0.7,0,0,49.8
3-Sep-17,28,32.2,22.6,56.8,72,43,1009,1010.9,1007.2,0,2.1,SSW,22.5,0.6,0,0,50.3
4-Sep-17,27.4,31.8,23.5,44.2,58,28,1013.1,1016.1,1009.6,0,3.3,W,24.1,0.4,0,0,63.3
5-Sep-17,26,30.4,21.3,50.1,72,33,1015.2,1016.9,1013.5,0.2,4.3,WSW,30.6,0.5,0,0,57.2
6-Sep-17,24.5,29.2,20.1,50.6,76,28,1016.8,1018,1015,0,4.5,N,27.4,0.4,0,0,66.6
7-Sep-17,25,29.5,20.6,51,67,29,1015.8,1017.2,1014.1,0,2.3,S,20.9,0.5,0,0,61.3
8-Sep-17,25.6,30.3,20.2,56.3,65,41,1013.9,1014.6,1013.1,0,2,S,22.5,0.7,0,0,42.8
9-Sep-17,26,30.1,22.3,64.8,75,50,1012.9,1014.6,1010.9,0,3.6,S,27.4,0.6,0,0,34.8
10-Sep-17,26.5,30.7,23.3,70.5,88,47,1011.9,1012.7,1011.1,0,2.3,S,25.7,0.3,0,0,44
11-Sep-17,26.6,29.8,24.6,72,88,51,1010.1,1012.3,1007.4,0,5.2,S,33.8,0.3,0,0,40.7
12-Sep-17,27,32.1,23.7,54.2,70,39,1011.9,1014.8,1007.8,0,3.7,WSW,27.4,0.3,0,0,56.5
13-Sep-17,27.7,34.4,22.1,50.1,68,26,1015.5,1016.5,1014.2,0,2.2,S,22.5,0.5,0,0,38.2
14-Sep-17,27.8,33.3,22.4,48.7,66,29,1014.1,1016,1011.9,0,2.6,S,32.2,0.6,20.2,27,33.6
15-Sep-17,26.8,31.3,21.8,52.2,66,37,1012.5,1013.5,1011.3,0,1.9,SSW,22.5,0.7,45.7,35.2,40.4
16-Sep-17,26.9,32.6,21.2,56.3,78,38,1013.7,1015.1,1012.5,0,1.9,SW,19.3,0.7,43.1,34.3,52.1
17-Sep-17,27.4,33.4,21.1,53.9,75,34,1013.7,1015.5,1012.2,0,1.4,SW,14.5,0.7,41.3,35.3,53.3
18-Sep-17,28.6,36.5,22,48.4,69,27,1011.5,1013,1010.1,0,1.5,SSW,17.7,1.2,81.5,51.1,23.8
19-Sep-17,28.3,34.4,23.3,49,65,31,1010.1,1011,1009.1,0,1.8,SSW,17.7,0.8,46.6,38.6,28.1
20-Sep-17,26.8,31.7,23,52.2,64,34,1009,1011.3,1007.9,0,3.2,SSW,25.7,0.6,40.1,30.1,40
21-Sep-17,24,27.8,20.9,44.4,58,32,1013.2,1015.7,1011.2,0,5.3,W,38.6,0.2,11,13.8,68.9
22-Sep-17,22.7,27.2,19.4,43.3,59,25,1017.2,1019.5,1015.5,0,3.4,SW,24.1,0.4,18.2,21.9,56.3
23-Sep-17,22.4,26.4,19.1,51.8,61,38,1020.3,1021.2,1019.4,0,2.6,SSW,19.3,0.4,22.9,25.7,55.6
24-Sep-17,22.6,27.5,18.8,50.6,69,33,1019.1,1020.7,1017.4,0,3.1,SSW,19.3,0.5,32.8,29.8,44.7
25-Sep-17,22.8,27.7,19.5,58.1,85,38,1015.7,1017.3,1014.3,0.4,3.1,N,24.1,0.4,24.6,28.1,55.2
26-Sep-17,22,27.2,18.8,71.1,86,47,1016.5,1018.9,1014.9,14.6,2.7,NNW,20.9,0.6,38.9,34.5,38.1
27-Sep-17,22.1,26.6,18.7,71,86,55,1020.2,1021.8,1018.8,4.8,4.1,NNE,27.4,0.6,44.3,29.7,37.3
28-Sep-17,20.9,23.7,19,70,78,61,1020.5,1021.9,1018.9,0,13.5,NNE,45.1,0.5,25.8,19.3,40.3
29-Sep-17,19.1,21,17.8,65,71,56,1018.4,1019.2,1017.6,0,13.9,N,45.1,0.5,29.7,18.4,40.5
30-Sep-17,18.4,20.4,16.8,65.7,78,57,1018,1019.2,1017,0,6.3,N,32.2,0.5,24.7,19.7,39.9
1-Oct-17,17.9,20.1,16.7,72,77,64,1021,1023.5,1018.6,0,5.6,N,27.4,0.4,20,17.8,41.5
2-Oct-17,18.7,22.6,16.3,64.8,77,50,1023.7,1024.9,1022.8,0,8.3,NNE,33.8,0.6,29.5,20.8,43.2
3-Oct-17,18.7,22.8,14.7,61.4,75,47,1023.1,1024.4,1021.4,0,5,NNE,27.4,0.6,32.9,26.7,35.8
4-Oct-17,19.9,26,14.1,60.3,79,34,1023.3,1024.7,1021.7,0,2.1,NNE,24.1,0.7,40.7,33,32
5-Oct-17,20.8,26,14.9,59.6,78,39,1019.1,1022.9,1013.3,0,1.6,S,17.7,0.8,73.3,38.9,37
6-Oct-17,22.5,27.3,17.7,65.3,81,45,1009.6,1013.3,1007.6,0,1.5,S,19.3,0.7,46,38,33.3
7-Oct-17,22,26.2,17.7,65.6,81,49,1006.2,1008.4,1002.6,0.8,4.8,SSW,37,0.6,45.8,27.6,31.8
8-Oct-17,17.8,21.8,14.2,46.8,64,34,1013.5,1016.5,1008.5,0,3.4,N,29,0.4,22.4,17.9,39.6
9-Oct-17,18.6,23.7,13.4,55,70,38,1017.8,1019.7,1016.2,0,1.6,N,19.3,0.8,78.5,36.2,26.3
10-Oct-17,19.1,23.8,14.6,58.4,74,38,1020.8,1021.8,1019.3,0,2.2,S,20.9,0.9,86.7,37.9,29.6
11-Oct-17,19.6,24.4,15.4,51.6,74,33,1022.2,1023.3,1021.3,0,3.4,N,24.1,0.9,79.3,39.8,20.5
12-Oct-17,19.8,25.5,13.8,50.1,67,29,1023,1024.3,1022,0,2.2,NE,20.9,0.9,84.9,41.2,21.5
13-Oct-17,20.4,26.1,14.6,51.2,68,35,1021.6,1023.1,1020.3,0,2.1,N,25.7,1.2,102.3,48.6,18.9
14-Oct-17,20.8,26.1,15.3,51.9,67,34,1022.6,1025.8,1021,0,4.7,N,27.4,0.9,88.1,42,30.2
15-Oct-17,20.4,24,17.5,49.1,65,33,1025.9,1027.4,1024.9,0,7.1,NNE,35.4,0.5,28.5,25.4,44.2
16-Oct-17,22,27.4,16.2,48,63,33,1026,1027,1024.9,0,6.3,NNE,30.6,0.8,63.8,40.9,25.6
17-Oct-17,21.6,26.1,17,54.3,70,42,1024.1,1026.8,1022.3,0,5,NNE,35.4,0.6,39,30.8,31.8
18-Oct-17,21,27.3,15.8,56.5,75,35,1020,1022.3,1018.1,0,1.3,NNW,17.7,0.9,81.8,43.4,25.4
19-Oct-17,20,25.6,14.4,63.1,79,44,1018.8,1019.7,1017.9,0,1.1,SSW,14.5,1.1,109,44.1,25.4
20-Oct-17,20.3,26,15.6,70.2,82,49,1018.6,1019.5,1017.6,0,1,SSW,14.5,1.2,115.8,46.7,24
21-Oct-17,20.7,25.8,15.6,71.2,84,51,1017.4,1018.6,1016.2,0,1.1,SSW,14.5,1.1,106.6,40.8,26.2
22-Oct-17,20.5,25.9,15.7,73,84,51,1014.4,1016.2,1012,0,1.2,SSW,16.1,1,85.9,33.4,24.2
23-Oct-17,20.2,24.7,16.1,73.2,84,51,1006.6,1011.9,1002.1,0.2,1.8,SSW,32.2,0.9,88.1,33.6,20.3
24-Oct-17,18.5,21.8,15.7,62.2,83,42,1004.1,1008,1001.2,3.4,3.5,S,27.4,0.3,20.3,20.3,39.7
25-Oct-17,17,20.9,14.9,68.1,79,50,1015.1,1021.7,1007.9,0,5.4,N,41.8,0.5,30,21.8,28.9
26-Oct-17,16.4,18.9,13.4,68.9,77,61,1023.7,1025.1,1021.7,0,8.8,NNE,40.2,0.6,35.9,19.3,26.3
27-Oct-17,17.8,23.8,12.7,63.2,81,38,1016.3,1021.8,1010.5,0,1.1,N,20.9,0.8,59,33.7,26.2
28-Oct-17,16.9,22.9,13.7,70,86,47,1008.4,1011.5,1005.9,2,2.1,SSW,20.9,0.7,65.7,31.7,26.2
29-Oct-17,16.6,19.4,13.1,56.7,66,43,1009.6,1013,1006.3,0.2,3.3,W,35.4,0.3,17.4,16,41.1
30-Oct-17,17.7,21.3,14.6,56,74,44,1013.6,1019.3,1007.2,0,2.7,SW,17.7,0.5,31,27.8,37
31-Oct-17,15.8,17.3,14.9,49.8,74,42,1021.8,1023.3,1019.3,0,3.9,NNE,22.5,0.5,30.2,24.5,37.3
1-Nov-17,14.8,17.5,12.1,52.3,66,43,1024,1025,1022.6,0,8.4,NNE,29,0.6,38.3,25.2,39.8
2-Nov-17,14.2,19.1,10.1,60.9,75,43,1021.8,1024.3,1019.2,0,1.4,N,17.7,0.8,68.9,32.5,34.1
3-Nov-17,15.4,20.1,9.6,69.5,80,58,1016.4,1019.2,1014.5,0,1,S,16.1,1.5,183.1,49.6,16
4-Nov-17,15,16.8,13.8,71,77,64,1017.4,1020.9,1013.9,0,4.2,N,37,1,94.6,39.5,18.9
5-Nov-17,15.2,18.8,12.3,63,79,47,1019.6,1021,1018,0,5.3,NNE,29,0.5,29.8,23.2,33.4
6-Nov-17,15.3,19.2,10.1,63.4,78,44,1019.6,1021.5,1018.5,0,1.2,S,16.1,0.7,52.5,33.7,26.3
7-Nov-17,16.6,20.7,13.3,73.7,84,63,1021.9,1022.7,1021,0,1.8,S,22.5,0.9,82.8,39,24.5
8-Nov-17,15.5,19.4,12.2,81.4,91,64,1020.4,1022,1018.6,4.6,0.6,NNW,20.9,1.4,130.3,46,7.7
9-Nov-17,16.4,21.9,11.8,74.3,93,51,1021,1022,1020.2,0.4,0.5,NNW,14.5,1.5,151.6,41.8,13
10-Nov-17,16.4,20.7,12.1,74.2,89,56,1021,1022.3,1019.7,0,1.1,WSW,14.5,1.2,128.6,38.9,16.2
11-Nov-17,17.8,20.8,13.7,73.9,83,58,1018.4,1019.8,1017.2,0,2.7,S,24.1,0.8,72.9,32,28
12-Nov-17,18.9,21.4,16.5,77.3,85,65,1015.9,1018.7,1011.2,0,2,S,20.9,0.4,18.8,22.9,41.4
13-Nov-17,16.4,20.2,13.1,81,91,69,1007.5,1011.3,1004.1,14.8,2.5,SE,33.8,0.7,45.9,25.8,37.5
14-Nov-17,17.2,21.2,12.1,78.6,93,61,1013.1,1016.3,1008.7,1.8,1.6,SSE,22.5,1,93.6,31.3,21.3
15-Nov-17,19.2,23.3,16.3,75.4,85,58,1017.2,1018.3,1015.4,0.4,2.8,NNE,30.6,0.5,34.2,25,29.6
16-Nov-17,16.9,19.7,13.1,81.4,91,70,1017.2,1019.5,1015.2,55.2,6.1,NNE,40.2,0.5,38,26.7,26.1
17-Nov-17,14.9,18.8,12.9,88.3,95,71,1014.2,1015.4,1013.3,25,1.1,WNW,25.7,1.1,81,32.8,18.9
18-Nov-17,15.2,18.8,13.3,86.2,93,67,1012.4,1013.8,1011.4,2.6,0.4,WNW,11.3,1.2,97.6,35.5,10.2
19-Nov-17,14.7,18.3,11.9,82.2,92,66,1010.5,1011.7,1009.5,21,1.2,WNW,22.5,1.1,91.9,29.3,13.8
20-Nov-17,13.4,18.2,9,59.8,76,39,1012.9,1019.8,1009.2,0.2,5.5,W,46.7,0.3,18.2,18.5,39.7
21-Nov-17,10.6,15.6,6.9,51.1,75,29,1021.6,1023.1,1019.8,0,1.5,WNW,20.9,1,107.3,33,24
22-Nov-17,12.1,18.3,6.4,68.3,82,46,1021,1022.4,1019.9,0,0.6,WSW,12.9,1.7,213.7,46.4,12
23-Nov-17,13.3,20.6,7.6,72.3,88,44,1021,1022.3,1020.1,0,0.6,WSW,12.9,2.1,271.4,53.6,9.3
24-Nov-17,14.3,19.4,8.9,76.4,94,57,1021.3,1022.4,1020.2,0.2,0.6,WSW,12.9,2.1,265.5,50.8,13
25-Nov-17,14.9,19.3,11.2,77.4,88,62,1020.7,1021.7,1019.8,0,0.7,WSW,11.3,1.6,169,45.7,11.7
26-Nov-17,15.7,19.8,12,72.6,86,52,1018.4,1020.1,1014.9,0,0.8,WSW,19.3,1.1,98.7,37.8,16.4
27-Nov-17,14.7,19.4,12.9,75,89,59,1011.5,1015,1008.2,4,3.4,SSW,37,0.8,68.1,27.8,23.3
28-Nov-17,12.6,16.1,8.5,64,79,51,1014.4,1016.9,1012.5,0,2,W,20.9,0.5,36.3,23.4,26
29-Nov-17,12.5,16.7,8.7,64.6,81,48,1018.6,1019.8,1016.9,0,1.2,S,19.3,0.9,103.6,35.7,21.5
30-Nov-17,16.9,20.9,9.9,76.3,87,67,1017.3,1018.6,1016.1,0,8.4,S,51.5,0.8,94.4,25.2,36.7
1-Dec-17,18.7,20.1,18.1,74,82,68,1015.4,1017.1,1014.1,0,11.8,S,45.1,0.3,17.3,12.7,53.8
2-Dec-17,19.3,20.6,18.6,72.4,81,63,1015.5,1017.9,1013.4,0,10,S,40.2,0.3,17.7,14,52.7
3-Dec-17,18.6,21.7,13.1,72.2,80,62,1019.2,1021.5,1017,0,5.9,S,32.2,0.3,17.2,17,46.4
4-Dec-17,14.7,19.9,11,65.1,80,45,1020.7,1021.8,1019.3,0,1.4,W,20.9,0.7,78.1,32.8,22.6
5-Dec-17,11.2,14.4,8.8,55,72,44,1023.7,1027.3,1020.9,0,6.8,N,40.2,0.5,41.7,25.6,29.1
6-Dec-17,8.9,12.1,6.1,53.3,72,41,1029.7,1031.6,1027.4,0,3.5,N,30.6,0.5,44.8,24.9,33.1
7-Dec-17,10,16.4,4.8,69,85,51,1028.3,1029.3,1027.3,0,0.6,SSW,14.5,2.1,301.6,53,10.2
8-Dec-17,11.5,17.1,6.2,73.4,87,52,1024.3,1027.3,1021,0,0.5,SSW,11.3,1.7,248.1,53.3,10.5
9-Dec-17,14.8,17.9,10.8,64.2,77,52,1017.7,1020.9,1012.9,0,4.2,SSW,35.4,0.4,30.5,28.3,37.9
10-Dec-17,14.3,17.2,8.3,56.2,72,40,1017.5,1022.2,1011.9,0,4.6,W,37,0.5,40.6,22.5,49.1
11-Dec-17,11.1,15.8,6.7,67.4,82,42,1023.4,1024.5,1021.8,0,1.1,SSW,19.3,1.5,197.6,48.5,17.1
12-Dec-17,13,18.1,8.3,75.5,88,51,1023.8,1025.1,1022.9,0,0.8,SSW,14.5,1.6,228.2,52.2,12.2
13-Dec-17,15.5,20.3,10.6,70.6,90,49,1021,1023.1,1018,0,2.8,WSW,27.4,0.7,89.2,35.6,20.3
14-Dec-17,16.3,19.8,13.9,64.2,76,52,1016.7,1018.2,1015.3,0,3.5,WSW,33.8,0.4,19,21.3,38
15-Dec-17,15,18.5,11.6,67.7,79,54,1016,1018,1014.6,0,1.7,SW,17.7,0.6,42.8,33.3,25.2
16-Dec-17,15.8,18.9,11.4,80.9,88,74,1012.5,1014.7,1009.6,3.6,7.9,S,46.7,0.8,84.6,28.4,27.9
17-Dec-17,16,20.1,11.1,71.5,91,56,1011.2,1016.6,1008.2,0.8,4.4,SSW,38.6,0.3,17.7,17.5,38.6
18-Dec-17,12,16,9.6,67.6,78,52,1016.2,1019.5,1013.2,0.4,1.7,WSW,22.5,0.7,81.3,32.8,22
19-Dec-17,9.8,12.9,7.5,60.5,75,44,1024.7,1027.3,1019.5,0,4.2,NW,27.4,0.6,45.2,28.3,24.1
20-Dec-17,9.1,11.2,8.3,60.1,66,50,1027.5,1028.9,1026.5,0,5.7,NNE,33.8,0.6,44.8,26.1,25.6
21-Dec-17,7.8,8.8,6.1,72.2,83,65,1026.2,1028,1024.8,2.8,8.7,NNE,33.8,0.6,52.8,26,23.5
22-Dec-17,6.2,6.9,5.3,78.6,85,73,1018.1,1024.8,1013.8,7.4,9.6,N,48.3,0.5,48.5,26.9,23.7
23-Dec-17,7.1,9.4,4.8,69.2,84,57,1020.3,1024.3,1015.1,1,4.4,N,29,0.5,43,29,23.5
24-Dec-17,8.3,12.2,4.8,66.7,84,50,1023.9,1026.7,1021.8,0.2,2.1,W,25.7,0.8,101.7,37,21.9
25-Dec-17,10.6,16.4,6.1,75.8,89,54,1027.3,1028.9,1026.2,0,0.7,W,9.7,1.8,259.9,50.7,9.4
26-Dec-17,10.8,15.8,6.1,79.7,92,64,1023.3,1026.4,1020.5,0.2,0.6,WSW,11.3,1.9,262,46.4,11.1
27-Dec-17,12.5,16.7,7.4,79.3,91,65,1016.9,1020.5,1012.9,0.2,1.2,SSW,17.7,1.2,166.9,45.5,11.6
28-Dec-17,14.2,16.2,10.8,79.5,90,67,1008.8,1012.8,1006.7,4.6,6.8,S,45.1,0.3,29.5,22.8,39.1
29-Dec-17,13.2,16.7,10.3,73.6,91,58,1008.1,1009.2,1006.1,5.8,2.2,SW,29,0.7,55.3,31.7,23.3
30-Dec-17,12,15.2,8.4,60.4,77,43,1012.6,1017.3,1008.6,0,1.8,NW,29,0.7,56.6,33.5,17.2
31-Dec-17,10.2,14.8,5.9,57.2,75,38,1020.2,1022,1017.4,0,1.2,W,19.3,0.9,101.5,36.8,17
1-Jan-18,11.7,17.1,5.3,66.7,80,44,1018.1,1021.6,1013.3,0,1.9,SW,24.1,1.8,199.3,34.9,16.7
2-Jan-18,14.2,17.7,10.6,68.1,84,47,1010.3,1013.3,1006.7,2.4,2.7,WSW,27.4,0.4,36.8,28,30
3-Jan-18,11.5,15.1,8.4,69.4,88,49,1009.4,1011.3,1006.5,0,1.3,W,25.7,0.9,95.5,36,15.8
4-Jan-18,10.1,12.1,7.8,71.7,88,55,1006.5,1012.3,1003.1,12.4,3.7,WSW,29,0.6,58.9,30.1,24.6
5-Jan-18,10.6,15.1,6.7,63.1,83,41,1015.4,1019.1,1010.9,0,0.8,W,16.1,1.2,158.5,43.8,17.5
6-Jan-18,11,15.9,6.2,78.2,88,64,1021.5,1024.1,1019,0,0.6,WSW,12.9,1.6,230.6,48.4,14.8
7-Jan-18,13.7,17.2,9.5,83.9,88,76,1027.6,1030.3,1024.3,0,0.7,WSW,14.5,1.4,168.3,44.6,14.2
8-Jan-18,14.9,17,13.6,84.8,89,70,1030.9,1032.8,1029.9,0,1,SSW,16.1,0.8,77.8,37.3,14.7
9-Jan-18,14.1,17.3,11.5,80.6,92,65,1029.8,1031.5,1027.5,0,1.7,SSW,17.7,0.8,75.1,31.3,12.5
10-Jan-18,13.1,15.1,11.7,76.6,84,68,1019.9,1027.6,1012.3,0.6,2.3,E,17.7,0.7,44.9,29.1,9.8
11-Jan-18,13.1,15.7,11.3,83.7,90,72,1011.7,1013.9,1010.3,1.8,1,N,16.1,0.7,54.8,29.7,12.6
12-Jan-18,13.2,16.7,9.7,77.8,92,54,1015.9,1017.7,1013.7,7.6,3,NW,24.1,0.7,69.1,33.5,18.8
13-Jan-18,11.6,14.2,9.8,81,91,66,1012.8,1016.6,1010.7,21,5.9,NNE,40.2,0.5,47,30.1,25.2
14-Jan-18,8.8,10.2,7.4,73.5,78,68,1024.1,1028.7,1016.8,0,12.7,NNE,45.1,0.4,35.8,18.9,29.9
15-Jan-18,10.6,12.9,7.7,73.8,82,63,1027.1,1029.5,1023.5,0,1.8,N,14.5,0.6,44.2,26.9,21.9
16-Jan-18,12.7,16.7,9.3,75.5,90,58,1018.8,1023.4,1014.7,0,1.6,WSW,17.7,1.1,128.5,38.2,18
17-Jan-18,14.3,16.7,10.4,70.2,84,57,1006.8,1014.7,998,0,3.5,SSW,54.7,0.4,38.8,27,33.9
18-Jan-18,10.6,14.8,6.7,44.7,74,28,1010.1,1018.5,999.6,0.8,7.8,W,51.5,0.3,13.5,12.1,53.1
19-Jan-18,11,15.8,4.7,53.3,80,35,1017.5,1019,1016.4,0,2.6,W,37,0.7,77.2,26.6,22.3
20-Jan-18,14.1,16.8,10.7,76.1,86,57,1014.9,1016.9,1013.1,0,3.5,SW,24.1,0.5,45.3,21.8,32.8
21-Jan-18,14.4,16.3,11.6,77.5,83,68,1007.2,1013.7,999.3,0,4.2,S,32.2,0.4,22.8,14.6,42.8
22-Jan-18,10.4,11.9,7.9,65,90,49,1004.7,1013.1,998,2.6,3,WSW,38.6,0.4,26,15.3,30
23-Jan-18,8.3,11.6,5.3,70,83,56,1019.2,1024,1013.3,1.8,6.2,N,29,0.6,52.1,19.8,23.8
24-Jan-18,6.9,8.4,5.3,57,76,47,1027.8,1030.7,1023.9,0.2,15.8,N,66,0.4,32.7,12.6,46
25-Jan-18,6.6,8.9,5.1,53.8,62,43,1028.5,1030.3,1026.7,0,8.1,N,38.6,0.5,42.3,18.8,36.7
26-Jan-18,7.7,11.9,3.7,59.3,73,45,1026.7,1028.8,1025.1,0,3.1,N,29,0.6,58.3,25,26.7
27-Jan-18,8.5,13.3,3.5,68,81,54,1030.6,1032.4,1028.8,0,1.7,W,24.1,0.6,61.3,27.1,22.4
28-Jan-18,9.4,15.7,4.4,72.2,85,51,1031.6,1033,1030.4,0,0.7,W,14.5,1.2,153,31.4,16.5
29-Jan-18,9.7,15.9,4.6,75.5,88,52,1029.6,1031.5,1027.3,0,0.7,SSW,12.9,1.8,247,35.5,10.1
30-Jan-18,11,17.3,5.6,75.6,90,52,1025.1,1027.3,1023.1,0.2,1.1,SSW,17.7,1.8,251.8,33.2,10.3
31-Jan-18,11.6,17.3,6.5,77.3,89,54,1024.2,1025.8,1022.2,0,0.8,SSW,14.5,1.7,227.3,34,12
1-Feb-18,12.1,16.3,8.1,78.4,90,59,1020.8,1022.2,1019.3,0.2,1.3,SSW,17.7,1,88.2,28.7,19.5
2-Feb-18,13.6,15.3,10.3,80.5,88,74,1020.9,1022.2,1019.8,0,4.1,S,33.8,0.7,67.1,22.7,22
3-Feb-18,14.7,16.7,12.3,81.3,88,75,1017.3,1020.2,1013.7,3,7.5,S,38.6,0.3,26.8,13.1,39.7
4-Feb-18,15.3,18.9,10.4,71.7,85,56,1013.2,1016.8,1010.7,0,4.7,S,30.6,0.3,16.7,11.3,50.6
5-Feb-18,12.6,16.8,9.2,66.7,85,53,1019.5,1021.1,1016.8,0,6.1,NNE,27.4,0.9,79.8,21.1,19.2
6-Feb-18,12.6,15.9,10.6,60.3,69,47,1021.7,1022.9,1020.6,0,5.3,NNE,25.7,0.5,24.3,15.4,42.5
7-Feb-18,14,17.2,9.7,72.3,88,59,1017.5,1021.1,1013.2,0,1.9,N,24.1,0.8,61,24.6,22.5
8-Feb-18,15.1,18.4,12.7,63.1,90,43,1015.1,1016.6,1012.7,0,3,WSW,27.4,0.4,24.5,17.6,39.1
9-Feb-18,14.1,17.1,11,68.6,78,55,1014.6,1016.7,1011.8,0.2,0.8,WSW,12.9,0.6,57,25.9,20.3
10-Feb-18,13.2,14.6,11.1,83.3,88,79,1002.2,1011.7,994.7,11.8,6.2,NNE,38.6,0.5,42.6,18.8,32.9
11-Feb-18,13.8,17,10.4,66.6,84,56,1004.2,1011,995.7,0,5.2,W,37,0.2,10.5,8.1,58.8
12-Feb-18,12.2,16.2,7.7,58.1,82,37,1012.6,1015,1010.9,0,2,WSW,22.5,0.4,29.5,17.2,41.8
13-Feb-18,12.2,14.7,7.7,69.7,87,54,1014.1,1016.8,1009.9,3,3.2,WSW,32.2,0.6,47.4,22.1,35.2
14-Feb-18,12.2,15.4,8.8,61.9,88,50,1012.4,1015.2,1007.8,0,3.8,W,30.6,0.4,24.8,15.8,45.8
15-Feb-18,9.6,11.6,6.9,82.2,90,67,1010.7,1014.8,1007.9,21.8,2.4,NNW,22.5,0.7,61.1,26.3,20.8
16-Feb-18,9.7,13.3,6.9,75.9,87,65,1020,1023.4,1014.8,1.4,4.2,NNW,33.8,0.7,51,21.4,19.8
17-Feb-18,11.3,15.8,6.3,71.7,86,56,1022.8,1024.1,1021.8,0,2.8,NNE,25.7,0.9,91.9,27.2,20
18-Feb-18,11.7,15.9,6.3,72,88,45,1019.1,1022.5,1016.3,0,1.7,NNE,14.5,0.8,77.8,27.2,24.2
19-Feb-18,11.9,14.5,10.7,72.3,77,63,1015.4,1016.3,1014.5,0,5.6,N,25.7,0.5,30.2,16.7,34.6
20-Feb-18,11,12.9,9.3,78.2,86,68,1012.2,1014.5,1009.7,3,6.5,NNE,27.4,0.5,29.8,16.5,32.1
21-Feb-18,13.2,16.4,10.7,79.1,87,66,1007.7,1009.6,1006.1,0,2,N,17.7,0.9,62.6,23.4,16.4
22-Feb-18,13.6,16.6,10.6,78.9,91,61,1009.2,1011,1007.2,0,2.3,S,24.1,0.9,80.5,22,22.5
23-Feb-18,13.6,17.8,10.4,75,87,61,1011,1012,1010.1,0,4.6,NNE,19.3,0.8,62.9,22.4,17.8
24-Feb-18,12.8,17,9.5,73.6,90,52,1007.2,1010.1,1005,16.2,4.8,WNW,33.8,0.4,26,15.3,36.6
25-Feb-18,11.3,12.9,10.4,73.7,79,67,1008.8,1011.2,1003.8,0.4,6.3,NE,27.4,0.4,23.9,13.3,33.3
26-Feb-18,12.1,15.7,9.6,72.9,89,57,1000.4,1003.5,998.4,12.2,4.2,WSW,41.8,0.4,22,14.5,49.5
27-Feb-18,13,16.4,7.2,69.4,88,48,1005.8,1007.8,1003,5.4,5.4,WSW,41.8,0.6,50.8,16.3,41
28-Feb-18,12.3,15.4,7.1,58.9,90,37,1011.4,1018.8,1004.3,1.4,4.9,W,38.6,0.3,16.9,13.7,57.6
1-Mar-18,11.1,14.3,6.8,60.9,76,47,1018.7,1021,1015.8,0,2.7,WNW,20.9,0.6,44.3,19.7,39.3
2-Mar-18,14.8,16.1,12.8,80,86,70,1009.3,1015.6,1004.5,1.2,4.7,S,29,0.5,0,0,53.8
3-Mar-18,16.7,21,12.3,64.8,91,45,1005.9,1007.3,1004.2,0.2,2.6,SSW,20.9,0.6,0,0,35.2
4-Mar-18,16.5,20.3,12.6,65.5,79,47,1005.1,1006.4,1003.7,0,2.3,SW,22.5,0.7,0,0,27.7
5-Mar-18,16.7,20.3,12.2,74.3,88,60,1001.9,1006.3,998.8,0,3.7,NE,29,0.9,0,0,18.9
6-Mar-18,16.9,20.8,13.6,71.1,90,52,1005.6,1007.8,1002.1,0.8,5.7,S,32.2,0.5,0,0,46.2
7-Mar-18,18.2,22.6,13.6,57.5,86,41,1006.8,1008.6,1004.3,0,3.2,WSW,27.4,0.4,0,0,55.5
8-Mar-18,15.4,18.6,12,57.1,72,44,1009.5,1015.5,1006.2,0,6.9,W,53.1,0.3,0,0,63.9
9-Mar-18,14.7,18.9,10.6,50.8,67,34,1017.2,1018.4,1015.2,0,1.6,SSW,16.1,0.5,0,0,34.5
10-Mar-18,14.2,19.2,9.7,58.7,76,37,1018.1,1019.4,1017.1,0,2,SSW,17.7,0.8,0,0,34.1
11-Mar-18,14.9,19.7,10.1,67.1,84,49,1015.8,1017.1,1014.5,0,2,SSW,24.1,0.7,0,0,38.1
12-Mar-18,15.6,19.3,11.2,78.2,88,60,1012.9,1016,1008.7,0,4.8,SSW,38.6,0.5,0,0,37.5
13-Mar-18,16.9,20.9,14.2,56.8,87,43,1010.8,1013,1008.5,0,5.8,W,37,0.3,0,0,64.1
14-Mar-18,16.1,20.6,13.1,57.2,77,38,1011.7,1013,1010.6,0,5,WSW,30.6,0.3,0,0,65.4
15-Mar-18,16,20.6,11.5,53.7,74,30,1013.1,1015.4,1011.2,0,3.3,SW,27.4,0.4,0,0,54.5
16-Mar-18,15.1,18.7,10.7,62.9,82,47,1014.3,1015.4,1013.2,0,1.7,S,19.3,0.7,0,0,23.7
17-Mar-18,17.9,22.1,13.3,63.9,83,40,1010,1013.5,1004.8,0,4.3,SSW,40.2,0.7,0,0,38.3
18-Mar-18,18.3,20.8,13.5,63.4,77,48,1003.8,1006.3,1002,0.2,5.4,SW,43.5,0.4,0,0,50.2
19-Mar-18,15.7,19.7,12.4,67,86,48,1005.1,1007.3,1002.4,5.8,5.1,SW,38.6,0.4,0,0,52.3
20-Mar-18,15.2,19.1,11.2,62.4,77,43,1011,1015.6,1005,0,3.8,SSW,25.7,0.4,0,0,57.6
21-Mar-18,15.1,17.7,10.4,71.2,82,56,1014.9,1016.5,1012.3,0,5.6,SSE,38.6,0.6,0,0,37.8
22-Mar-18,17.6,19.8,15.3,68.1,87,45,1003.9,1012.2,998.2,2,6.9,NE,30.6,0.7,0,0,45.3
23-Mar-18,15.3,18.9,12.4,57.6,82,42,998.9,1000.7,997.5,0,6.1,WSW,37,0.3,0,0,66.5
24-Mar-18,13.3,16.8,10.8,64.3,74,44,1003,1009.6,998.1,0,4.3,WSW,27.4,0.3,0,0,65.7
25-Mar-18,14.6,17.4,9.9,65,78,51,1011.9,1014.5,1009.7,0,5.5,W,35.4,0.3,0,0,66.9
26-Mar-18,17.1,20.3,13.4,63.2,80,43,1010.2,1012.3,1008.1,0,4.5,SSW,27.4,0.4,0,0,62.1
27-Mar-18,15.6,19.3,11.1,62.1,78,49,1012.4,1013.7,1011.4,0,2.3,WSW,22.5,0.4,0,0,45.1
28-Mar-18,14.4,17.8,11.6,64.9,75,50,1009.2,1011.8,1007.4,1,2.8,WSW,22.5,0.6,24.3,49.4,32.3
29-Mar-18,14.8,19.9,11,53.1,76,27,1014.1,1018.9,1009.2,0,3.8,SSW,29,0,16.3,38.5,68
30-Mar-18,15.1,20.2,9.8,68.3,86,48,1019.8,1020.9,1018.5,0,2.1,SSW,17.7,0,41,58.3,56.3
31-Mar-18,15.6,18.5,11.8,77.3,86,66,1017.5,1020.4,1013.1,0,3.7,SSW,30.6,0,40,56.3,38.5
1-Apr-18,17.8,22.9,13.8,58.6,81,39,1008.9,1012.9,1005.8,0,10.3,S,53.1,0,11.7,21.4,79.2
2-Apr-18,16.3,20.7,11.9,53.5,69,35,1016.9,1020.8,1012.7,0,3.4,S,25.7,0,15.4,39.2,68.4
3-Apr-18,16.4,21.4,11,55.8,72,34,1022.4,1023.4,1020.5,0,2.3,SSW,24.1,0.5,61.1,67,39.1
4-Apr-18,16.8,22.4,11.4,53.3,68,39,1020.6,1022.6,1017.7,0,1.8,SSW,17.7,0.8,68.7,74.2,40.5
5-Apr-18,17.7,23.7,11.4,54,68,38,1013.9,1017.6,1009.4,0,1.8,SW,19.3,0.8,67.5,78.3,39.1
6-Apr-18,17.6,21.5,14.3,63.5,80,52,1008.8,1010.4,1007,0,3.5,NNE,25.7,0.5,19.9,52,57.8
7-Apr-18,16.6,18.1,14.1,57.5,82,42,1014.4,1016.5,1010.2,1.8,4.4,N,37,0.4,21,45.2,49.8
8-Apr-18,19.6,23.9,15.6,40.2,51,28,1015.9,1017.3,1014.8,0,7.2,NNE,35.4,0.3,12.8,28.1,77.7
9-Apr-18,18.7,24.2,13.2,46.9,79,29,1015.9,1017.3,1014.5,0,2.7,NNE,32.2,0.3,9.4,31.4,87.5
10-Apr-18,17.5,22.1,12.5,62.9,80,44,1013.7,1015,1011.8,0,1.7,SSW,17.7,0.5,33.3,60.9,47.9
11-Apr-18,17.2,21.2,14.1,66.2,77,51,1011.7,1013.1,1010.3,0,0.9,SW,14.5,0.7,46.8,69.9,29.8
12-Apr-18,18.4,24.3,12.8,65.6,83,46,1012,1013.3,1010.9,0,1.6,SSW,22.5,0.7,59.5,76,29.5
13-Apr-18,19.7,24.8,14.4,64.2,81,48,1014.5,1016.7,1012.3,0,1.7,SSW,19.3,0.7,51,68.7,41.1
14-Apr-18,21.3,28.6,15.4,61.1,80,34,1018,1019.5,1016,0,2.3,SW,22.5,0.8,49.7,70.5,48.5
15-Apr-18,22.8,26,20.3,46.9,61,36,1017.2,1018.9,1014.8,0,5.6,NNE,29,0.4,19.4,51.9,60.4
16-Apr-18,20.4,23.7,17.1,57.7,68,45,1014.3,1016,1012.4,0,2.3,S,20.9,0.5,23.7,59.1,42.3
17-Apr-18,18.9,22.6,14.7,64.3,81,50,1017,1019.4,1015,0,2.2,SW,20.9,0.4,21.2,50.1,57.3
18-Apr-18,19.8,24.7,15.6,62.3,81,43,1020.8,1021.9,1018.9,0,2.8,SSW,27.4,0.6,32.4,56.8,55.8
19-Apr-18,20.7,25.2,15.6,46,61,37,1020.4,1022.3,1017.7,0,6.9,N,41.8,0.6,26.3,59.3,48.6
20-Apr-18,19.8,25.9,15.9,52.1,62,37,1016.8,1020.7,1014.9,0,9.2,N,48.3,0.6,36.5,55.4,48.3
21-Apr-18,17.9,21.3,14.7,44.7,64,35,1020.4,1021.7,1019.2,0,9.4,N,37,0.4,21.2,40.8,68.2
22-Apr-18,19.2,24.6,12.9,46.2,60,34,1017.8,1019.5,1015.9,0,2.4,SSW,24.1,0.5,25.3,53.7,68.5
23-Apr-18,19,24.3,13.8,60.2,78,41,1015.4,1016.3,1014.4,0,2.1,SSW,20.9,0.7,47,67,52.2
24-Apr-18,21.1,27.4,14.1,51.3,71,29,1016.6,1018.1,1015.4,0,1.7,SW,16.1,0.7,50.9,79,50
25-Apr-18,22.2,28.9,16,50.2,66,32,1015.2,1016.6,1013.9,0,1.7,SW,19.3,0.7,51.7,80.7,47.4
26-Apr-18,21.9,27.6,16.1,54.8,66,36,1012.6,1014.3,1010.8,0,1.1,0,19.3,0.7,48.5,80.8,54.4
27-Apr-18,23.2,28.5,17.2,50.8,66,38,1013,1014.8,1011.3,0,2,0,20.9,0.8,55.1,89.2,50.3
28-Apr-18,25.2,29.8,19.7,40.8,54,32,1014,1015.3,1013,0,8.3,0,37,0.6,25.8,65.7,66
29-Apr-18,23.7,27.5,20.9,52.9,72,40,1013.5,1014.9,1012.3,0,3.6,0,22.5,0.3,13.3,47.3,79.7
30-Apr-18,23.5,27.8,20.7,54.7,71,41,1012.7,1014.3,1011.1,0,4.3,0,37,0.5,20.8,56.3,48.1
1-May-18,23.8,28.9,19.6,55.7,76,34,1012.2,1012.9,1011.2,0,2.8,0,20.9,0.3,13.9,45.3,58.8
2-May-18,22.8,27.7,19.4,60.6,77,40,1010.6,1012.1,1008.4,0,2.6,0,29,0.5,33.3,64,55.6
3-May-18,24.1,28.1,20.3,59.4,74,47,1007.4,1009.1,1006.5,0,2.3,0,20.9,0.6,22.1,64.8,55.3
4-May-18,23.9,27.7,19.8,60.4,71,51,1007.9,1008.9,1007,0,2.3,0,19.3,0.5,31.3,72.2,49.5
5-May-18,22.4,27.9,17.7,66.4,81,48,1008.9,1011.8,1007.7,11.6,2.7,0,24.1,0.4,16.3,50.2,54.5
6-May-18,19.3,23.6,16,76,90,57,1009.7,1010.6,1008.7,38.2,2.8,0,24.1,0.3,17.5,42.5,52
7-May-18,19,23.1,16.8,80.4,89,60,1009.1,1010,1008.3,1.8,3.4,0,22.5,0.5,20.4,45.8,38.4
8-May-18,20.3,24.6,16.2,74,89,54,1007.9,1009.1,1006.2,1.2,1.5,0,24.1,0.7,40.2,64,31.8
9-May-18,21.3,25.7,16.3,69.9,87,48,1006,1006.9,1004.7,0,2.5,0,25.7,0.5,37,45.4,47.6
10-May-18,21.1,25.9,17.5,63.3,87,39,1007,1009.8,1005.2,0,3.2,0,37,0.4,23.8,43,53.1
11-May-18,21.2,25.2,17.1,64.5,75,52,1011.9,1014.7,1009.3,0,3.4,0,25.7,0.5,20.4,44.8,50.9
12-May-18,21.8,25.2,18.3,50.3,71,35,1014,1015.2,1012.8,0,7.1,0,35.4,0.5,20.3,44.3,56.3
13-May-18,20.9,24.7,17,59.2,77,48,1013.1,1013.8,1012.4,0,3.2,0,29,0.3,17.1,46,72.3
14-May-18,22.8,27.9,18.3,62.2,83,40,1014.7,1016.5,1012.5,0,3.1,0,27.4,0.4,19.8,44,57.8
15-May-18,23.7,28.1,18.4,61.7,80,43,1016.2,1017.2,1015.3,0,2.3,0,20.9,0.5,30.8,53.9,45.1
16-May-18,23.4,26.6,19.9,65.6,80,50,1015.7,1016.7,1014.9,0,1.2,0,12.9,0.5,28,62.9,29.7
17-May-18,23.9,28.7,19.6,58.6,80,43,1015.5,1016.6,1014.3,0,1.7,0,22.5,0.5,28.2,64.4,37.1
18-May-18,24.7,28.7,20.2,51.6,71,39,1014.2,1016.2,1011.9,0.2,2.1,0,24.1,0.7,47.4,64.3,27.2
19-May-18,25.6,29.4,21.3,52.6,69,36,1011.1,1012.7,1009.6,0,4.6,0,30.6,0.6,42.5,55.5,48.1
20-May-18,24.2,28.1,21.4,61.7,73,52,1013.8,1014.7,1011.9,0,3.3,0,32.2,0.3,15,41.7,53.3
21-May-18,24.8,29.1,21.6,51.1,65,39,1013,1014.5,1011.2,0,9.5,0,32.2,0.4,19.6,41.6,65.2
22-May-18,24.9,29.6,20.7,51.5,66,41,1016.1,1018.6,1013.2,0,4.5,0,27.4,0.4,14.5,46.3,79.5
23-May-18,24,27.7,20.9,61.2,79,50,1016.5,1018.4,1013.5,0,3.6,0,22.5,0.4,15.8,45.4,67.8
24-May-18,22,25.8,19.3,74.3,90,58,1012.4,1013.9,1010.8,14.6,1.7,0,19.3,0.4,21.9,53.3,38.6
25-May-18,24.5,28.8,18.7,57,87,38,1011.5,1013.1,1010.6,0.2,6,0,29,0.6,29,52.7,41.4
26-May-18,25.2,28.1,22.2,51.7,66,41,1014.1,1015.5,1012.5,0,11.2,0,45.1,0.4,18,44.4,75
27-May-18,24.7,27.6,22.1,55.5,66,46,1016.1,1017.2,1015,0,11.2,0,41.8,0.3,17.4,31.3,68
28-May-18,24.9,28.7,21.5,46.8,67,33,1016.5,1017.6,1014.8,0,9.4,0,38.6,0.3,17.5,31.4,63.5
29-May-18,25.1,28.6,21.6,42.1,54,33,1015.3,1016.7,1013.4,0,10.2,0,40.2,0.4,20.2,39.8,66.8
30-May-18,25.3,29,21.4,44.6,60,33,1014.3,1015.3,1013.2,0,7.8,0,35.4,0.4,16.9,36.7,70.1
31-May-18,25.4,29.4,21.9,38.4,55,28,1014.2,1015.2,1012.6,0,8.1,0,33.8,0.5,19,43.3,66.6
1-Jun-18,27.1,32.3,19.3,31.6,45,23,1014.5,1015.3,1013.6,0,5.9,0,33.8,0.6,29.5,64.2,53.5
2-Jun-18,28.2,31.8,22.7,35.1,44,27,1014.5,1015.2,1013.8,0,7.9,0,37,0.5,26,61.5,63.1
3-Jun-18,26,29.9,22.6,48,57,39,1013.5,1014.9,1011.7,0,2.6,0,27.4,0.3,15.3,51.4,77.4
4-Jun-18,26.8,31.5,21.7,49.4,63,37,1009.9,1011.5,1008.3,0,2.9,0,27.4,0.5,25.9,63.8,65
5-Jun-18,28.2,32.5,22.7,46.8,64,34,1008.8,1010.8,1007.7,0,3,0,27.4,0.5,32.4,63.1,56.6
6-Jun-18,28.2,32.1,23.1,48.3,67,31,1012.1,1014,1010.4,0,2.7,0,22.5,0.4,29,55.2,44.9
7-Jun-18,27.9,32.2,24.1,56.4,70,41,1015.8,1017.6,1013.2,0,2.8,S,22.5,0.4,23.4,53.1,44.7
8-Jun-18,27.6,31.5,24.3,59.7,75,47,1016.2,1018.1,1012.8,0,2.2,W,24.1,0.4,25.3,64.8,49.6
9-Jun-18,27.6,31.5,23.2,55.4,81,38,1009.2,1013.1,1006.3,0,3.6,SSW,27.4,0.4,18.9,49.3,58
10-Jun-18,26.9,32.5,23.9,54.6,75,35,1006.4,1007.9,1005.3,2.6,3.3,W,22.5,0.2,10.9,33.3,65.6
11-Jun-18,27.8,32.2,23.8,43.4,66,30,1008.3,1009.9,1006.9,0,5.2,NNE,32.2,0.4,16.2,42.5,70
12-Jun-18,29.1,33.9,24.8,37.8,55,27,1008,1009.1,1006.6,0,5,NE,30.6,0.4,18,49.8,73.7
13-Jun-18,28.2,32.8,23.8,46.7,57,38,1004.4,1006.6,1002.7,0,3,SW,25.7,0.4,20.6,56.4,72.1
14-Jun-18,28.4,32.1,24.9,52.8,69,41,1003.3,1004.5,1002.3,0,3.8,SSW,24.1,0.4,21.8,48.7,59.6
15-Jun-18,25.9,29.2,23.3,59.9,80,44,1004.5,1005.3,1003.4,1.2,5.9,SSW,33.8,0.3,17,34.3,60
16-Jun-18,23.4,26.3,21.9,72.6,80,59,1006.3,1008.9,1004.1,5.8,2.2,NNE,22.5,0.4,17.5,39,49.8
17-Jun-18,22.7,27.7,20.3,74.6,87,56,1009.7,1010.7,1008.4,4.6,1.5,NNE,27.4,0.3,20.1,45.5,41.9
18-Jun-18,23.2,28.1,19.9,74.7,85,54,1010,1010.8,1009.3,9,1.6,SSW,22.5,0.6,42.9,60.1,34.5
19-Jun-18,26,29.7,20.3,56,84,39,1012.1,1014,1010.4,0,6.7,NNE,35.4,0.6,36.4,53.6,36.5
20-Jun-18,27.4,30.7,23.9,42.6,65,28,1015.1,1015.9,1013.3,0,7.5,NNE,41.8,0.5,23,51.6,59.4
21-Jun-18,26.8,30.8,23,52.7,75,35,1014.5,1015.1,1013.4,0,3.2,SSW,27.4,0.5,27.1,58.4,59.3
22-Jun-18,26.8,31.2,22.2,57,74,41,1012.1,1013.6,1010.6,0,3.7,SSW,27.4,0.4,30.8,51.9,60.4
23-Jun-18,26,31.8,21.2,63.8,87,43,1011.7,1013.5,1010.5,11.8,3.6,NNE,30.6,0.4,19.5,47.7,57.2
24-Jun-18,24,27.9,21.3,64,77,50,1013.9,1014.8,1012.8,0.2,6.4,NE,33.8,0.3,16.4,32.6,50
25-Jun-18,24.4,28.7,20.7,57.2,69,43,1012,1014.1,1008.9,0,9.4,NE,37,0.4,22.1,38.6,55.3
26-Jun-18,23.3,25.5,20.9,69.8,86,51,1006.3,1008.8,1004.6,7.6,7,SSW,32.2,0.3,16.9,32.5,67.7
27-Jun-18,22.4,25.9,19.9,78.3,89,67,1003.7,1004.9,1002.4,14.4,5.9,SSW,38.6,0.3,17.6,34.4,60
28-Jun-18,23.7,27,20.2,61.7,81,50,1005.4,1007.5,1004.2,0,5.1,W,29,0.2,11.2,27.2,67.5
29-Jun-18,25.4,29.3,20.7,51.2,70,38,1006.6,1007.7,1005.1,0,6,W,38.6,0.2,11.9,30.5,74.7
30-Jun-18,25.8,30.6,21.2,54.4,71,39,1006.6,1009.2,1005.3,0,3.8,SSW,29,0.3,16.5,43,67.6
1-Jul-18,27.4,32.1,22.6,61.3,77,44,1012.2,1014.5,1009.1,0,2.9,SSW,24.1,0.3,19.4,43.7,62.7
2-Jul-18,28.5,33,23.7,55.5,76,40,1014.8,1015.5,1013.8,0,2.9,SSW,20.9,0.5,32.5,64,59.7
3-Jul-18,29.6,34.8,24.1,51.4,64,37,1013.5,1014.5,1012.3,0,2.7,SSW,17.7,0.6,45.1,71.4,64.1
4-Jul-18,30.9,35.5,26.3,48.4,68,31,1012,1013.1,1010.4,0,3.2,SSW,19.3,0.5,38.4,70.6,60.7
5-Jul-18,30.5,35.3,25.7,55.2,71,38,1010.8,1011.7,1009.5,0,2.9,W,24.1,0.5,31.5,62,53.4
6-Jul-18,30,33.7,26.9,55.9,68,44,1010,1011.2,1008.5,0,3.6,SSW,22.5,0.4,24.4,55.3,52.8
7-Jul-18,29.9,33.7,26.6,52.9,67,40,1008.3,1009.4,1006.9,0,4.4,SSW,29,0.3,19.2,49.6,65.9
8-Jul-18,26.7,32.4,21.4,65.7,90,48,1009,1011.2,1007.5,32.4,3.8,NNE,32.2,0.2,12.8,32.3,72.9
9-Jul-18,26.5,30.8,21.4,65.1,87,48,1010.2,1011.6,1009.1,0,3.8,SSW,32.2,0.3,17,38.6,66.2
10-Jul-18,26.8,30.8,23.8,68.8,79,50,1011.4,1012.6,1010.5,0,3.7,SSW,24.1,0.3,13.7,33.7,63
11-Jul-18,27.9,32.2,23.7,58.7,78,42,1012,1012.9,1011,0,3.2,SW,20.9,0.3,16.5,41.5,70.7
12-Jul-18,29.3,33.6,23.4,52.7,70,35,1012.6,1013.4,1011.3,0,2.8,W,20.9,0.4,23.7,51.8,50.7
13-Jul-18,30.1,34.5,24.2,51.2,66,40,1011.8,1012.9,1010.2,0,3,NE,27.4,0.5,41.4,58.3,42
14-Jul-18,30.4,35.1,25.9,47.5,62,34,1011.4,1012.3,1010.2,0,6.6,NE,33.8,0.5,30.2,51.4,41.7
15-Jul-18,29.8,34.3,25.3,47.5,70,24,1011.4,1012.4,1010.1,0,4.5,NNE,30.6,0.3,16.3,40.3,60.5
16-Jul-18,29.7,33.6,25,46.5,64,36,1011.2,1011.8,1010.4,0,3.4,SSW,24.1,0.4,30.7,54.8,62.6
17-Jul-18,30.1,34.3,25.4,50.6,63,39,1007.9,1011.4,1004.8,0,4,SSW,29,0.4,27.8,54.6,49.5
18-Jul-18,29.8,33.6,26.8,52.4,69,35,1006.7,1008.6,1004.5,0,5,NNE,30.6,0.3,13.1,35,64.6
19-Jul-18,29.7,34.1,25.9,46.5,60,33,1008.1,1009.3,1006.6,0,5,SSW,29,0.3,22.5,49.2,67
20-Jul-18,28.9,33.3,26.4,54.9,69,39,1009.9,1011.1,1008.9,0,4,SSW,25.7,0.3,17,40.1,63.6
21-Jul-18,30,35.7,24.8,54.3,71,35,1011.7,1012.9,1010.6,0,2.8,SW,22.5,0.4,26.3,49.3,63
22-Jul-18,30.8,34.8,25.8,47.8,62,35,1010.5,1012.5,1007.9,0,3.8,SSW,25.7,0.4,24.9,52.7,56.3
23-Jul-18,31.1,36.9,27.3,40.8,51,28,1005.6,1008,1003.3,0,6.4,W,54.7,0.3,23.4,45.6,55.7
24-Jul-18,28,30.9,25.4,55.3,74,41,1003.3,1005.3,1001.9,0,3.3,NE,24.1,0.3,17.4,39.5,59.6
25-Jul-18,28.3,32,24.1,56.6,66,43,1005.8,1006.6,1004.9,0,4,SSW,33.8,0.3,21,41.8,63.2
26-Jul-18,26.9,31.2,24.2,61.4,71,52,1008.5,1010.8,1006.1,0,3.8,W,49.9,0.4,23.7,44,50.9
27-Jul-18,27.3,31.1,23.4,60.7,69,49,1010.6,1011.3,1009.8,0,3.4,SSW,22.5,0.4,19.3,45.5,54.5
28-Jul-18,28.1,32.6,24.8,63.2,71,51,1009.2,1009.8,1008.1,0,3.8,SSW,51.5,0.3,14.5,37.9,55.8
29-Jul-18,26.5,32.3,20.8,67.7,88,50,1008.5,1009.6,1007.3,25.4,2.7,NE,38.6,0.3,17.3,41.8,49.3
30-Jul-18,28.6,33.9,23.4,62.5,81,43,1008.6,1009.8,1007.1,0,2.9,NNE,24.1,0.4,21.3,44.5,42.6
31-Jul-18,28.3,33.8,25.3,65.7,82,45,1009.7,1011.2,1008.5,7.4,2.5,NE,27.4,0.5,28.8,48.1,40
1-Aug-18,29.2,33.5,23.8,62.5,83,48,1012,1013.1,1010.8,0,2.5,NNE,19.3,0.5,34.5,48.8,33.9
2-Aug-18,29.8,33.6,25.4,58.2,71,47,1012.3,1013.3,1010.9,0,4.9,NE,30.6,0.6,31.8,46.6,33.1
3-Aug-18,29.5,33.3,26.9,49.6,68,35,1011.2,1012.1,1010,0,8.4,NE,33.8,0.5,30.5,47.3,45
4-Aug-18,29.2,32.1,26.6,47.8,64,36,1011.2,1012.3,1010.2,0,9.1,NNE,41.8,0.4,21.6,39.8,55.1
5-Aug-18,29.2,32.3,26.3,42.4,53,32,1012.4,1013.7,1011,0,7.8,NE,38.6,0.3,17.4,37.2,68.3
6-Aug-18,29.5,33.3,24.7,39,52,28,1013.4,1014,1012.6,0,7.1,NE,38.6,0.5,26,53.7,58.5
7-Aug-18,29.4,33.7,23.6,43,55,33,1013.4,1014.1,1012.5,0,6.2,NNE,35.4,0.6,44.4,62,43.2
8-Aug-18,30,33.8,24.3,44.7,54,36,1013.8,1014.4,1013.2,0,8.2,NE,38.6,0.6,33.9,58.1,41.5
9-Aug-18,29.5,32.8,27.2,46.2,59,33,1014.8,1015.6,1013.4,0,10.3,NNE,38.6,0.5,27.1,42.5,50
10-Aug-18,28.6,31.7,25.7,48.1,59,40,1016.1,1017,1014.9,0,12.5,NNE,45.1,0.4,25.3,36.2,50.8
11-Aug-18,27.6,30.6,25.3,49.1,60,38,1015.7,1016.5,1014.4,0,11.5,NE,46.7,0.4,22.8,33.2,51.3
12-Aug-18,27.3,31.2,24.3,46.4,60,31,1015.4,1016.1,1014.5,0,8.8,NE,37,0.3,18.3,30.3,55
13-Aug-18,27.7,33,23.2,45.3,60,34,1013.2,1014.8,1011.8,0,6,NE,37,0.4,23.5,41.8,47.8
14-Aug-18,28.3,33.9,22.1,43.7,60,33,1011.3,1012.6,1009.6,0,2.9,NNE,29,0.4,23.7,43.8,54.3
15-Aug-18,28.6,34.4,23,45.9,61,34,1010.7,1011.8,1009.7,0,2.8,NE,20.9,0.3,17.8,36.8,55
16-Aug-18,28.6,33.1,23.5,47.3,58,38,1010.8,1011.4,1009.7,0,3.3,NNE,27.4,0.3,23.4,44.7,57.7
17-Aug-18,28.5,32.7,24.1,53.5,68,40,1011,1011.8,1010,0,2.6,SSW,19.3,0.3,14.7,41.8,59.4
18-Aug-18,29.8,33.8,24.3,44.3,65,36,1011.4,1012.1,1010.5,0,5.7,NNE,33.8,0.4,28,50.3,43.7
19-Aug-18,30.2,33.1,26.2,43.1,54,37,1010.5,1011.2,1009.8,0,10.1,NNE,46.7,0.3,19,42.1,56.8
20-Aug-18,28.9,32.5,26.8,43.9,51,33,1010.6,1012,1009.6,0,10.2,NE,43.5,0.3,18,32.8,69.5
21-Aug-18,28.2,33,24.8,42.6,63,31,1012.6,1014.2,1010.9,0,5.1,NE,32.2,0.3,18,36.8,58.3
22-Aug-18,28.5,34.2,23.1,44.2,57,26,1013.4,1014.2,1012.6,0,3.8,NE,29,0.4,24,42.8,54.2
23-Aug-18,29,34.1,23.5,42.3,57,30,1011.5,1012.6,1010.4,0,3.3,NE,24.1,0.3,17.7,43,63.5
24-Aug-18,28.6,33.5,25,52.1,67,34,1010,1011.1,1008.5,0,3.1,W,25.7,0.3,16,42.7,67.8
25-Aug-18,27.5,30.5,24.2,61.4,73,52,1009.6,1010.9,1008.5,0,3.6,SSW,24.1,0.3,18.1,39.6,54.9
26-Aug-18,28.2,32.1,24.7,60.9,71,48,1007.5,1008.9,1005.9,0,3.3,SSW,22.5,0.4,17.7,39.7,47
27-Aug-18,27.8,32.1,22.8,60.1,80,42,1006.2,1008.7,1005.2,1.6,5.1,NNE,33.8,0.3,16.3,38.1,53.8
28-Aug-18,24.5,29.2,21.4,69.7,84,55,1009,1011.3,1006.7,4.8,3.5,NE,22.5,0.4,27.9,44.8,41.3
29-Aug-18,28,31.6,24.1,50,71,37,1012.1,1013.5,1009.9,0,7.6,NNE,40.2,0.5,29.5,47.7,39.6
30-Aug-18,28.6,33.3,23.3,44.2,60,29,1014,1014.6,1013,0,6.4,NE,35.4,0.7,50.9,63.3,32.9
31-Aug-18,28.8,33.8,22.7,44.8,61,34,1013.9,1014.5,1013,0,5.2,NE,43.5,0.7,52.3,66.2,29
1-Sep-18,29.4,35.9,23.3,39.8,57,27,1014,1014.8,1013.3,0,4.1,NE,27.4,0.7,58.3,61.7,39.4
2-Sep-18,30.3,35.3,24.1,35.5,48,28,1013.7,1014.5,1012.4,0,4.8,NE,32.2,0.6,46.1,63.2,39
3-Sep-18,30.2,36.3,24.1,42.8,66,27,1010.9,1012.6,1009.5,0,3.2,E,20.9,0.6,50.8,69.1,36.4
4-Sep-18,29.2,34.3,25.5,50.4,69,30,1009.1,1010,1007.8,0,3.2,SSW,25.7,0.4,17.8,44.6,55.2
5-Sep-18,28.9,33.7,24.6,47.5,63,32,1008.7,1009.8,1007.1,0,3.6,W,30.6,0.4,18.6,47,52.4
6-Sep-18,27.5,31.4,25.3,55,69,40,1010.1,1011.4,1009.1,0,4.5,SSW,24.1,0.4,17.2,42.5,61.1
7-Sep-18,27.3,31.9,23.7,61.5,72,44,1011.2,1012.5,1010.1,0,3.6,SSW,27.4,0.4,17.2,42.4,62
8-Sep-18,25.6,31.8,22.5,66.5,79,45,1013.3,1015.2,1011.3,0.8,3.5,NNE,38.6,0.4,26.5,51.9,42.1
9-Sep-18,26.5,31.5,21.3,55.7,80,38,1015.9,1017.1,1015,0,2.6,NE,19.3,0.6,33.4,48.9,42.4
10-Sep-18,26.7,31.6,21.7,48.4,63,37,1017.5,1019.1,1016.2,0,3.8,NE,25.7,0.6,46.6,61.2,39
11-Sep-18,26.1,30.8,21.4,48.2,62,35,1018.9,1019.9,1017.6,0,3.6,NNE,33.8,0.7,50.1,59.7,41.5
12-Sep-18,25.1,28.8,21.6,51.2,59,41,1017.8,1019.4,1015.4,0,8.6,NE,40.2,0.6,35.5,53.1,45
13-Sep-18,24.7,29.3,21.9,56,65,42,1014.1,1015.3,1012.7,0,4,NE,33.8,0.5,20.8,41.3,53.2
14-Sep-18,24.7,28.9,21.2,60.5,75,46,1015.9,1017.1,1014.7,0,3,NE,20.9,0.6,35.4,58.6,42.3
15-Sep-18,25,30.2,20.9,63.5,78,40,1017.3,1018.4,1016.2,0,2.2,SSW,16.1,0.7,50.6,56.8,42.5
16-Sep-18,26.6,32.4,20.2,52.5,77,36,1018.6,1019.6,1017.6,0,3.5,NE,27.4,0.8,61.3,57.4,35.5
17-Sep-18,26.3,30.1,22.8,51.7,62,38,1019.4,1020.3,1018.6,0,9.6,NE,43.5,0.6,33.3,57,44
18-Sep-18,25,28.4,22.4,50.1,60,43,1019.2,1020.1,1018.5,0,9.9,NE,37,0.6,28.7,42.2,46.4
19-Sep-18,24.4,28.4,21.6,52.3,65,39,1018.6,1019.6,1017.2,0,6.2,NE,38.6,0.6,29.3,45.6,41.8
20-Sep-18,24.6,29.3,21.2,51,67,38,1017,1018.3,1015.7,0,5,NE,27.4,0.5,26.5,46.4,43.5
21-Sep-18,24.7,30,19.9,51.2,68,37,1016.4,1017.2,1015.3,0,3.4,NE,25.7,0.5,40.1,53.7,33.6
22-Sep-18,24.6,30.2,18.9,58.1,75,43,1017,1018,1016,0,2.5,N,17.7,0.7,63,57.6,38.6
23-Sep-18,25.4,31.8,19.5,55.5,80,32,1018.2,1019.4,1017.2,0,2.8,NE,25.7,0.7,51.5,60.1,42.7
24-Sep-18,24.6,30.4,19.1,61,79,41,1014.3,1017.2,1012.2,0,2.6,SSW,22.5,0.8,73.8,63.8,34.5
25-Sep-18,20.8,24.3,18.4,62.4,79,50,1019.6,1024.5,1013.2,0,13.4,NE,53.1,0.6,47.3,41.9,27
26-Sep-18,18.1,20.2,16.6,49.4,58,44,1024,1025.3,1022.3,0,20.8,NE,69.2,0.4,22.8,27.3,55.8
27-Sep-18,17.4,18.3,16.1,65.6,71,58,1020.2,1022.3,1017.7,0,20,NE,61.2,0.3,23.4,25.7,52.5
28-Sep-18,18.2,19.4,16.4,75.7,85,70,1015.3,1017.7,1012.9,9.6,13.3,NE,57.9,0.4,28.9,31.3,40.7
29-Sep-18,19.3,21.4,17.9,84.2,92,73,1008.6,1013.1,1005.2,27.8,8.7,NE,38.6,0.3,25.4,34.5,39.3
30-Sep-18,16.9,18.8,16.1,86.9,92,82,1010.5,1013.2,1005.2,5.8,5.1,W,27.4,0.2,13.3,24.8,42.9
1-Oct-18,19.5,23.2,16.2,77.2,88,62,1013,1014.3,1012.1,0.2,2.9,SSW,24.1,0.4,31.8,37.5,30.9
2-Oct-18,20.6,25.6,15,69.5,92,45,1016.5,1018.1,1014.1,0,2.3,E,19.3,0.9,84.7,54.1,26.8
3-Oct-18,21.5,25.8,17.6,77.5,90,54,1019.1,1020.6,1017.2,0,1.6,SSW,19.3,1,86.9,47.2,20.6
4-Oct-18,22.2,26.8,18.8,73.2,86,62,1023.2,1026.4,1020.2,0,5,NE,30.6,1,84.1,47.4,18.3
5-Oct-18,20.7,23.1,18.1,52.2,71,41,1026.2,1027.7,1025.1,0,10.1,NE,37,0.6,33.9,46.8,42.5
6-Oct-18,20.1,25,16.3,57.2,71,43,1022.3,1025.2,1019.2,0,2.6,NE,17.7,0.5,27.4,47.3,40.6
7-Oct-18,19.9,25.6,14.5,65,80,46,1017.1,1019.1,1015.3,0,1.8,SSW,17.7,0.4,25.6,44,38.2
8-Oct-18,20.7,24.9,16.4,65.3,83,44,1016.9,1018.5,1015.7,0,3.2,NNE,16.1,0.7,64.7,47.1,28.7
9-Oct-18,19.9,23.8,16.1,60.8,76,47,1019,1020.6,1017.9,0,5.8,NE,32.2,0.7,71,53.9,26.6
10-Oct-18,20.2,23.9,16.3,55.6,73,36,1020.2,1021.5,1019.2,0,6.5,NE,35.4,0.6,34.1,50.8,38
11-Oct-18,20.2,23.4,16.6,57.9,73,44,1021,1022,1019.9,0,5.2,NE,38.6,0.7,35.3,50.5,38.4
12-Oct-18,19,21.7,17.2,69.6,75,55,1021.1,1021.9,1020.2,0,5.4,NE,32.2,0.6,30.6,44.8,29.6
13-Oct-18,19.6,21.7,18.6,69.7,76,63,1021.4,1022.5,1020.2,0,9.9,NE,35.4,0.6,34.1,40.9,36.3
14-Oct-18,19.3,21.4,17.6,68.4,74,64,1021.1,1022.1,1020.1,0,5.9,NE,30.6,0.4,27.3,35.9,32
15-Oct-18,18.7,21.8,16.8,72.4,80,61,1020.5,1021.3,1019.4,0,3.2,NNE,25.7,0.5,28.3,40.4,25.3
16-Oct-18,19.6,25,15.6,65.7,86,50,1020.6,1021.8,1019.8,0,2.2,NE,20.9,0.7,46.2,51.8,22.6
17-Oct-18,19.7,24.6,15.2,63.8,78,49,1017.8,1019.7,1016.3,0,3.5,NE,41.8,0.5,44.7,54.1,26.1
18-Oct-18,19.5,23.4,15.6,72.2,82,59,1016.5,1017.5,1015.1,0,2.4,NNE,19.3,0.4,80.2,65.1,20.2
19-Oct-18,19.8,24.2,16.2,74,83,56,1016.9,1017.7,1015.8,0,2.2,N,20.9,0.5,60.5,51.7,22.7
20-Oct-18,20.4,24.7,16.2,70.7,84,53,1017.7,1018.7,1016.4,0,2.7,NNE,20.9,0.7,81.1,50.8,26.1
21-Oct-18,19.5,23.3,17.4,66.5,81,52,1017.6,1018.5,1016,0,5.7,NE,30.6,0.2,23.9,42.1,38
22-Oct-18,18.7,21.4,17.3,68.1,76,59,1017.2,1018.7,1015.7,0,9.5,NE,35.4,0.2,25.5,40.2,45.5
23-Oct-18,18.4,19.9,17.4,77.3,84,68,1014.3,1015.9,1011.9,0.2,8.2,NE,29,0.3,27.4,40.2,34
24-Oct-18,19,22.7,15.7,71.7,82,58,1007.4,1011.7,1004.6,0,2.7,NNE,19.3,0.3,34.6,48.5,33.1
25-Oct-18,15.2,17.4,11.8,49,84,37,1014.5,1019.3,1006.2,0,8.5,NNE,51.5,0.4,54.4,46.6,26.3
26-Oct-18,16.1,21.4,9.4,58.3,76,42,1020.1,1021.1,1018.9,0,1.8,SSW,16.1,0.6,96.3,61.7,22.8
27-Oct-18,18.9,24.2,13.4,73.1,83,50,1021,1021.8,1020.3,0,2.4,SSW,19.3,1.2,139,55.3,21.2
28-Oct-18,20.4,23.1,18.4,77.6,87,67,1022.5,1023.7,1021,0,5.9,S,30.6,0.2,29,34.7,38.8
29-Oct-18,19.5,22.8,16.1,76.9,87,63,1021.9,1023.1,1021.2,0,3,SSW,20.9,0.3,45,43.5,28.6
30-Oct-18,19.9,22.2,17.1,82,88,72,1021.9,1023,1020.9,0,2.2,SSW,19.3,0.3,46.4,45.8,19.6
31-Oct-18,21.3,26,18.6,81.7,90,62,1024.4,1025.8,1022.3,0,1.7,SSW,12.9,0.4,46.8,49.1,15.4
1-Nov-18,21.6,26.3,17.1,74.1,91,53,1024.8,1026.1,1023.8,0.2,2.2,NNE,19.3,0.8,98.8,55.6,9.8
2-Nov-18,21.3,28.1,16.4,57.9,80,33,1022.2,1023.9,1020.5,0,2.6,NE,22.5,0.6,112,61.2,9.1
3-Nov-18,19.3,24.6,14.8,60.7,75,48,1021.3,1022.2,1020.2,0,3.7,NNE,24.1,0.5,80,50.8,15.4
4-Nov-18,17.7,21.4,14.2,62.3,74,48,1021.3,1022.3,1020.3,0,4.5,NE,37,0.1,34.6,43.6,24.6
5-Nov-18,17.1,21.5,12.5,68.5,84,54,1019.9,1021,1018.8,0,2.2,ESE,22.5,0.5,65.4,58,12.9
6-Nov-18,17,21.2,13.1,66.3,82,51,1019.7,1020.8,1018.5,0,3,NE,25.7,0.4,46.5,52.5,16.7
7-Nov-18,17.1,20.9,13.3,70.2,84,59,1020.7,1021.6,1019.7,0,5.5,NE,27.4,0.4,56.2,44,13.6
8-Nov-18,16,20.4,14.2,72.6,83,57,1019.9,1021.3,1018.9,10.2,3.6,NNE,27.4,0.3,42,43.3,15.5
9-Nov-18,16.2,19.7,13.6,69.2,80,61,1019.5,1020.4,1018.4,0,5.2,NE,32.2,0.4,44.4,46.4,15.3
10-Nov-18,15.8,19.6,12.2,67.6,83,52,1019.5,1020.6,1018.3,0,4.6,NE,19.3,0.3,48.9,47.7,16.1
11-Nov-18,15.8,20,11.8,68.5,80,56,1022.8,1025.6,1020.5,0,4.2,NNE,20.9,0.3,52,43.5,19
12-Nov-18,15.5,19.9,11.2,69.2,84,53,1026.7,1027.9,1025.3,0,3.2,NNE,29,0.4,64.8,54.9,11.8
13-Nov-18,15.8,18,12.7,61.1,77,48,1026.4,1028,1024.8,0,11.4,NNE,48.3,0.2,42.8,46.7,23.7
14-Nov-18,15,17.9,13.2,65.4,73,54,1023,1025.1,1021.4,0,7.1,NE,35.4,0.3,36,37,28.8
15-Nov-18,14.5,17.6,12.1,64.2,73,48,1021.3,1022.7,1020,0,8,NE,37,0.3,36.6,37.1,28.7
16-Nov-18,12.6,13.6,11.9,63,71,56,1023.1,1024.2,1021.6,0.4,8.8,NE,33.8,0.3,37.5,39.4,22.4
17-Nov-18,12.2,13.4,10.3,77.6,86,70,1021,1021.7,1020.3,7.6,9.4,NE,32.2,0.2,30.1,28.9,21.5
18-Nov-18,13.5,16.7,11.4,86.7,91,77,1014.1,1020.4,1009.4,19.8,5,NE,30.6,0.4,62.8,33.2,12.8
19-Nov-18,17,21.1,13.7,80.5,91,58,1013.3,1018.2,1008.5,0.8,1.9,NNE,17.7,0.6,105.1,35.4,15.9
20-Nov-18,16.9,20,13.1,85.9,93,77,1017.2,1019.2,1013,0.4,1.8,NE,16.1,1.1,139.8,38.7,7.5
21-Nov-18,17.8,22.1,13.8,75.4,91,57,1012.7,1014.3,1011.4,4.6,2.8,W,27.4,0.6,60.8,48.6,17.1
22-Nov-18,15.8,19.3,13.1,71.4,83,58,1017,1020.7,1013.7,0,5.2,NE,29,0.5,72,43.1,11.1
23-Nov-18,13.8,16.6,12.1,71.8,77,64,1023.5,1025.8,1020.7,0,9.7,NE,33.8,0.3,40.7,33.9,21.3
24-Nov-18,12.9,16.5,10.7,68,78,53,1024.5,1025.8,1022.9,0,5,NNE,25.7,0.4,48.7,41.4,19.2
25-Nov-18,14.9,17.7,10,79.4,89,69,1018.7,1023,1012,3,3.9,S,29,0.6,79.2,35.2,20
26-Nov-18,18.5,20.1,16.3,77.5,90,62,1009.8,1011.9,1008.2,4.4,6.1,SSW,33.8,0.1,24.2,26.8,38.5
27-Nov-18,18.5,19.8,16.3,79.6,86,64,1007.2,1009.9,1005.3,0,6.4,SSW,38.6,0.1,22.3,29.6,36.7
28-Nov-18,16.5,19.8,12.4,66.4,82,49,1007.9,1012.9,1005.7,0,4.6,NE,43.5,0.2,38.3,42.3,23.9
29-Nov-18,10.1,12.5,8.4,72.5,82,67,1018.3,1020.8,1012.9,0,20.4,NE,59.5,0.1,28.8,22.5,26.8
30-Nov-18,8.8,10.6,6.9,74.1,78,67,1020.7,1022.4,1019.2,0.2,10.2,NNE,46.7,0.3,40.3,39.3,20.9
1-Dec-18,9.7,12.9,5.1,70.2,87,54,1022.1,1023.2,1021.4,0,3.2,NE,17.7,0.5,62.5,51.2,10.5
2-Dec-18,11.1,12.4,9.5,69.8,76,64,1021,1022.1,1019.8,0,4.4,NE,22.5,0.3,32.4,41.2,18.5
3-Dec-18,11.1,15.7,6.6,68.3,82,53,1017.5,1020,1014.8,0,1.9,NE,16.1,0.7,96.8,58.5,10.2
4-Dec-18,11.3,16.2,6.7,72,87,49,1013,1014.8,1011,0,1.5,NNE,11.3,0.7,90.3,58.2,8.3
5-Dec-18,12.7,16.4,8.4,67.2,83,56,1015.9,1018.6,1012.7,0,3.8,NE,32.2,0.4,52.9,54,11.5
6-Dec-18,9.6,12.3,8.1,71.5,84,54,1021.3,1023.2,1018.3,0.8,9.7,NE,40.2,0.2,27.6,33.5,24.5
7-Dec-18,9.3,12.9,6.7,66.3,77,50,1022.8,1024.9,1019.9,0,6.5,NE,29,0.8,54.8,45.4,23.7
8-Dec-18,10.9,15.5,4.4,72.5,85,58,1016.8,1020.2,1013.6,0,2.3,NE,19.3,1.3,135.2,61.8,12.2
9-Dec-18,14.6,18.8,11,68.2,86,48,1011.2,1013.6,1010.1,0,5.4,W,32.2,0.9,78.4,42.5,26.7
10-Dec-18,12.9,15.8,10.7,64.8,84,47,1007,1011.2,1003,3,3.3,W,25.7,0.5,48.2,46,24.6
11-Dec-18,9.5,12.3,6.7,70.3,86,48,1013.8,1016.9,1010.9,5.8,2.2,NNE,12.9,0.6,40.6,49.6,13.6
12-Dec-18,8.6,12.8,5.3,64.1,82,42,1020.3,1022.5,1017,0,1.9,N,19.3,1,92.4,56.7,13.1
13-Dec-18,8.7,9.6,6.8,82.9,87,75,1019.6,1022.2,1017.6,12,4,NNE,22.5,1.2,109.6,60.5,3.8
14-Dec-18,13.6,16.4,9.6,84.9,91,76,1018.5,1019.7,1017.7,1,1.8,NNE,19.3,1.7,152.7,62.1,3.8
15-Dec-18,16.7,19.3,12.4,73.6,88,61,1015.4,1017.9,1011.9,9.2,4.3,S,30.6,0.5,38.7,45.9,21.2
16-Dec-18,13.7,17.6,11.6,78,89,62,1012.2,1014.5,1010.8,5,2.2,NNE,12.9,0.6,41.9,53,20.6
17-Dec-18,11.7,15.8,9.2,71.9,88,45,1015.5,1017,1013.6,6.6,1.6,NNE,22.5,1,99.3,54.2,9.2
18-Dec-18,10.4,11.7,8.7,78.3,90,72,1014.4,1018.5,1010.8,10.2,6.9,NNE,45.1,0.5,37.5,38.5,15.7
19-Dec-18,9.1,10.7,8.3,72.4,78,65,1022.8,1026.5,1018,0.2,6.2,NNE,32.2,0.6,34.4,34.4,14
20-Dec-18,9.8,12.5,7.8,73.5,82,63,1027.6,1028.8,1026.4,0,2.6,NE,16.1,0.8,56.6,41.3,12.3
21-Dec-18,10.7,14.6,6.9,77.3,87,64,1028.3,1029.9,1026.9,0,1.5,NNE,12.9,1.4,134.3,54.5,6.4
22-Dec-18,12.8,17.2,7.5,73.3,89,57,1023.9,1026.8,1021.4,0.2,3.6,WSW,27.4,1.3,139.8,45.5,20.9
23-Dec-18,13.1,19.2,8.6,68.4,85,43,1023,1025.1,1021.2,0,1.8,E,12.9,1.4,130.5,57.8,10.6
24-Dec-18,13,17.5,8,77.4,90,58,1018.6,1024.8,1013.6,0,2.2,SSW,16.1,1.5,145.1,52.3,9.2
25-Dec-18,9.6,14.8,6.6,77,84,68,1017.4,1022.7,1012.7,12,5.2,NE,30.6,0.4,32.4,35.2,16.4
26-Dec-18,6.3,8.3,3.7,64.6,77,55,1024.6,1026.4,1022.5,0,7,NE,41.8,0.4,21.5,29.4,28.7
27-Dec-18,7.7,10.6,3.9,61.8,76,52,1024.9,1026.3,1023.3,0,2.6,NNE,24.1,0.7,59.2,55,11.2
28-Dec-18,8.8,12.3,6.3,70.2,81,55,1023.6,1026.1,1020.9,0,1.2,SW,11.3,1.1,95.2,59.2,11.2
29-Dec-18,10.7,15.6,5.1,63.7,85,47,1021.4,1023.5,1019.8,0,2.2,NE,19.3,1.6,165.7,62,7.7
30-Dec-18,10.7,11.9,9.9,64.4,74,54,1022.4,1023.8,1021.5,0,3,NNE,17.7,0.6,40.9,47.6,12.7
31-Dec-18,9.5,10.8,8.3,75.2,86,67,1017.7,1021.9,1012.7,12,10.5,NE,38.6,0.6,36.8,40.8,17.8
1-Jan-19,8.6,9.4,7.8,77,84,71,1015.2,1017,1012.1,5,15.9,NE,51.5,0.2,23,26.9,37.8
2-Jan-19,7.6,9.4,5.2,73.1,82,65,1012.8,1015.5,1010.8,0,2.1,NNE,17.7,0.8,80.1,50.7,13.7
3-Jan-19,6.4,8.4,4.4,77.4,87,72,1008.2,1014.8,1003.4,11.6,6.4,NE,33.8,0.5,44.8,38.7,19.6
4-Jan-19,6,9.3,3.4,78.1,92,61,1016.9,1019.1,1014.7,9.2,3.4,NNE,22.5,0.7,68.2,48.8,9.4
5-Jan-19,4,7.6,1.8,69.5,86,54,1014.8,1016.5,1013.2,0,3.2,NNE,20.9,0.4,31.5,44.6,17.9
6-Jan-19,5.5,9.2,1.3,52.1,66,33,1013.4,1015.6,1011.8,0,3.5,W,30.6,0.3,24.9,43,27
7-Jan-19,4.8,7.7,1.9,61.9,79,49,1018.1,1021.3,1015.6,0,6.4,NE,32.2,0.4,26.6,38.9,30.1
8-Jan-19,2.7,6.2,-0.1,67.8,86,48,1020.7,1023,1018.1,0.4,3,NNE,24.1,0.7,63.1,41.5,26.4
9-Jan-19,8.3,13.7,0.8,78.3,88,65,1011.4,1018.2,1006.2,1.2,5.9,SSW,43.5,1.1,123.4,47.4,23.3
10-Jan-19,14,16.1,11.1,70.6,88,58,1008.6,1012.9,1006.1,0.2,8.3,SSW,37,0.2,12.9,24.8,50.8
11-Jan-19,11.9,14.1,9.9,74.5,90,61,1013.7,1015.5,1012,16.8,2.4,ESE,22.5,0.6,54,58.2,22
12-Jan-19,7.9,10,6.6,80.5,91,74,1009.9,1012,1008.3,13.8,7.2,NE,33.8,0.4,33.3,44.8,20.8
13-Jan-19,8.6,11.7,4.1,68.6,83,53,1009.8,1012.1,1006.9,0,2.1,W,14.5,0.6,38.4,47.6,19.3
14-Jan-19,9.9,12.7,7.1,74.1,87,59,1003.5,1006.9,1000.1,1.2,2.3,ENE,30.6,0.8,73,54.6,11.1
15-Jan-19,7.3,9.8,3.7,58.6,81,39,1005.7,1015.4,999.2,1.4,9.7,NNE,48.3,0.4,22.8,35.3,36.3
16-Jan-19,7.1,11.8,3,49.6,76,34,1019.9,1022,1015.5,0,4.8,NE,40.2,0.5,39.6,41.4,34.9
17-Jan-19,8.7,14.1,3.1,70.8,84,49,1021.2,1022.8,1020.2,0,1.8,ENE,16.1,1.3,146.4,67.2,12.7
18-Jan-19,10.3,15.1,6.1,73.4,87,53,1019.5,1020.6,1018.5,0,2.3,SSW,20.9,1.3,146.7,67.7,13.3
19-Jan-19,10.9,14.2,6.4,78.7,88,65,1019,1020.4,1018.1,0,1.4,SSE,14.5,1.6,178.3,70.4,7.2
20-Jan-19,12,15.8,9.1,79.4,89,64,1016.8,1018.6,1015.1,3,2.7,SSW,25.7,0.5,36.2,43,23.7
21-Jan-19,11.7,15.7,7.4,77.8,91,62,1016.4,1018.1,1014.9,0.2,1.8,N,16.1,1,97.8,51.8,11
22-Jan-19,13,15.6,8.9,81.9,90,73,1013.9,1017.7,1009.5,0,5.3,SSW,32.2,0.7,79.2,41.8,26.9
23-Jan-19,13.7,16.1,10.9,80,90,67,1004.4,1010.1,997.9,8.8,7.1,S,40.2,0.4,34,35.8,36
24-Jan-19,12.5,15.4,9.4,75,88,52,998.4,1001.1,996.1,5.8,4.7,S,56.3,0.3,34.5,41.4,37.1
25-Jan-19,12.3,15.3,10.5,79.8,92,64,996.1,1000.5,992.8,34.2,10.8,S,46.7,0.2,19.5,29.8,50.1
26-Jan-19,11.9,14.1,9,74.4,85,62,998.9,1004.7,992.8,0.2,3.5,W,38.6,0.4,24.8,39.8,38.6
27-Jan-19,11.1,15.3,7.2,70.6,84,50,1008.6,1011.2,1004.9,0,2.2,SSW,19.3,0.8,67.9,51.5,18.5
28-Jan-19,12.2,15.2,7.2,77.6,90,59,1008.9,1010.5,1007.5,0,5.3,SSW,32.2,1.1,115.9,43.2,25.7
29-Jan-19,14.9,16.8,12.3,70.4,82,53,1005.6,1008.1,1002.4,0.4,9.7,S,38.6,0.3,14.6,25.6,57.4
30-Jan-19,12.9,15.8,10.4,72.1,87,59,1002.6,1006.3,1000.2,4,3.9,SW,38.6,0.4,36.8,46.2,33.3
31-Jan-19,11.1,14.7,8.4,71.9,88,51,1008.6,1015.9,1004.5,3.4,4.9,W,38.6,0.4,56.1,42.6,33.8
1-Feb-19,12.7,16.6,9.3,67.9,81,53,1018.4,1019.8,1016,0,2.4,SW,17.7,0.8,101.3,58.6,27.6
2-Feb-19,12.7,16.4,8.2,80.4,87,65,1018.9,1020,1018.2,0,3.5,SSW,25.7,1.3,151,53.3,21.3
3-Feb-19,14.9,18.7,11.1,78.6,91,65,1018.3,1019.3,1017.1,0,3.7,E,29,0.9,84,55.1,15.3
4-Feb-19,15.1,17.4,13.1,76.3,87,62,1018.4,1019.5,1016.8,0,3.9,NE,22.5,0.7,62.4,48,17.6
5-Feb-19,15.4,19.1,11.9,68.5,88,51,1012.8,1017.9,1004.3,19.8,12.6,NE,48.3,0.5,28.8,43.8,33
6-Feb-19,10.8,13.8,9.1,82.3,89,70,1011.7,1014.6,1005.3,25,6.9,NE,32.2,0.4,31.5,48.4,30.4
7-Feb-19,9.7,10.9,8.2,77.1,86,71,1016.6,1018.8,1014.2,0.2,13.6,NE,46.7,0.4,30.5,30.9,28
8-Feb-19,8.9,12,6.9,69.7,78,58,1019.2,1020.9,1017.5,0,3.4,NNE,29,0.5,28,41.3,25.8
9-Feb-19,8.2,11.1,4.7,74.5,85,65,1021.7,1023.1,1020.2,0,3.3,NE,20.9,0.8,72.1,52,12.1
10-Feb-19,9.7,13.8,4.8,76.9,88,61,1022.4,1024.3,1019.9,0,2,S,17.7,1.1,113,49.4,16.4
11-Feb-19,13.5,16,9.9,68.1,80,56,1015.7,1020,1010.7,0,5.7,SSW,37,0.3,15.7,36.8,45.5
12-Feb-19,12.8,15.7,9,65.1,82,51,1013.4,1017,1009.9,0,4.9,NE,37,0.3,21.3,38.2,40.7
13-Feb-19,7,9,6.1,71,78,62,1018.3,1020.8,1016.6,1.2,11.9,NE,45.1,0.3,27.1,32,30.4
14-Feb-19,8.6,10.8,6.3,57.8,76,42,1021.2,1022.1,1019.8,0,15.4,NNE,59.5,0.4,29,35.8,38.3
15-Feb-19,6.5,8.7,5.4,75.5,82,62,1021.9,1023.4,1020.6,6.4,9.5,NNE,40.2,0.4,32,43.5,29.5
16-Feb-19,7.3,8.6,6,71.5,78,66,1025.6,1027.2,1023,0.2,10.9,NE,46.7,0.4,36.1,43.8,31.6
17-Feb-19,8.6,12,4.7,64.5,81,50,1026.1,1027.5,1025,0,4.3,NE,29,0.5,37,49.7,26.5
18-Feb-19,9.7,15.9,3.8,69.4,84,44,1024.4,1025.6,1023.1,0,2,ESE,17.7,1.2,146.8,76,13.3
19-Feb-19,10.6,16.3,4.9,71.5,88,44,1022.6,1024,1021.3,0,1.7,SSW,16.1,1.3,161.8,71.6,12.3
20-Feb-19,11.1,16.8,5.9,76.8,89,58,1020.9,1021.8,1019.7,0.2,1.7,S,14.5,1.2,144.9,68,16.5
21-Feb-19,12.2,18.2,6.3,64.8,90,39,1022.9,1023.9,1021.3,0,3.1,NE,22.5,1.1,125.6,69.4,18.7
22-Feb-19,11.7,15.5,6.3,74.2,85,49,1017.8,1023.5,1013.4,2.8,3.1,SSW,22.5,0.8,103.1,62.4,28
23-Feb-19,6.5,9.9,3.6,79,84,74,1017.7,1023.8,1012.4,3.2,19.1,NE,72.4,0.3,29.9,39.2,36.5
24-Feb-19,4.2,5.3,3.3,74.4,82,69,1026.5,1027.6,1023.8,0.2,23.2,NE,61.2,0.2,20,21.3,48.2
25-Feb-19,5.9,8.7,3.9,70.6,79,61,1023.1,1026.9,1020.6,0,12.1,NE,49.9,0.3,22.6,31.3,38.8
26-Feb-19,9.6,14.4,5.4,59.8,73,42,1017.5,1021,1012.8,0,5.4,NE,37,0.5,39.5,42.3,38.2
27-Feb-19,9.4,11.7,6.8,61.9,75,46,1017.3,1021.2,1012.8,0,9.4,NNE,51.5,0.5,32.5,46.9,38.2
28-Feb-19,9.9,13.3,6.3,61.6,79,46,1018.9,1021.8,1015.3,0,4,SW,24.1,0.3,18.6,42.8,40
1-Mar-19,12.6,17.8,6.6,64.2,83,42,1012.6,1015.3,1010,0,3.7,SSW,22.5,0.5,31.6,57.5,30.8
2-Mar-19,13.6,18.9,8.4,67.8,85,42,1009.2,1013,1007.2,0,4.1,SW,22.5,0.4,25,53.9,38.2
3-Mar-19,12.2,15.9,9.8,63.2,74,52,1017.1,1019.5,1012.9,0,6.4,NE,32.2,0.3,21.3,41,38.3
4-Mar-19,11.3,15.6,7.1,62.8,79,47,1017.8,1019.9,1016,0,2.9,S,19.3,0.4,42.6,54.5,36
5-Mar-19,13.2,17.4,7.7,68.2,86,47,1016.6,1018.6,1015.2,0,3.8,SSW,25.7,0.6,55.6,57.5,33
6-Mar-19,15.5,20.4,11.2,65,82,48,1020.7,1023.4,1018.1,0,3.3,SW,20.9,0.4,28.7,55.7,41.1
7-Mar-19,14.5,19.7,9.4,71.9,89,47,1023.4,1024.3,1022.5,0,2.3,SSW,17.7,0.6,68.2,63.5,25.3
8-Mar-19,14.4,19.7,9.6,72.7,89,45,1022.9,1023.7,1021.8,0.2,2.4,SW,17.7,0.8,82.2,64.9,22.9
9-Mar-19,15.1,19.8,10.2,61.6,79,41,1023.4,1025.1,1022.3,0,4,SSW,24.1,0.4,37.8,61.8,27.9
10-Mar-19,17,24.1,10.7,55.1,79,27,1021,1023.4,1017.5,0,4.2,SW,25.7,0.3,17.4,43,44.5
11-Mar-19,17.2,21.8,14.2,55.4,68,39,1013.8,1017.4,1010.9,0,6.5,SW,35.4,0.1,9.2,22.7,65.9
12-Mar-19,14.7,17.3,10.7,73.5,83,61,1005.7,1010.7,1002.7,0.6,6.8,S,35.4,0.3,24.8,34.9,40.2
13-Mar-19,9.4,11.4,6.5,70.8,85,61,1011.7,1016.5,1004.1,4.4,8.6,NNE,56.3,0.3,21.7,36,41.3
14-Mar-19,10.5,14.7,5.3,72,87,53,1011.5,1015.8,1006.1,9,4.4,SW,25.7,0.4,40.7,43.4,34
15-Mar-19,9.9,11.9,7.1,76.2,89,66,1010.8,1015.5,1006.5,12.6,2.9,WNW,19.3,0.4,27.6,45.1,31.5
16-Mar-19,13.4,19.3,5.8,60,83,35,1017.4,1018.9,1015.4,0,4,SW,37,0.7,64.6,53.3,32.2
17-Mar-19,14.9,20.3,8.7,64,86,40,1018.4,1019.8,1017.2,0,3,SSE,22.5,0.7,58.3,54.3,36.5
18-Mar-19,14.7,19.4,9.5,70.4,88,49,1016.7,1017.7,1015.4,0,3,SSE,17.7,0.7,58.5,46.6,30.5
19-Mar-19,14.5,19.2,9.5,71.7,88,53,1017.5,1019.5,1015.7,0,2.4,SW,17.7,0.5,37.3,48.5,36.8
20-Mar-19,15.1,18.2,10.6,68.9,83,56,1021,1023.6,1018.8,0,7.8,NNE,35.4,0.7,61.8,47.4,23.4
21-Mar-19,14.6,17.3,12.4,50.3,67,39,1024.6,1026.2,1022.4,0,16.4,NNE,59.5,0.4,21.3,34.3,55.4
22-Mar-19,13.4,16.3,11.2,53.1,61,47,1024.9,1027.1,1022.8,0,13.2,NE,51.5,0.5,23.8,37.4,51
23-Mar-19,14.7,18.2,10.5,50.4,62,41,1020.1,1022.8,1018.7,0,12.2,NE,46.7,0.4,25.7,44.1,52.3
24-Mar-19,13.6,16.3,10.7,46.1,63,36,1019.8,1021.2,1018.2,0,9.8,NNE,35.4,0.4,22.2,39.3,53.9
25-Mar-19,14.2,19.3,7.7,49.6,77,26,1014.1,1018.2,1010,0,3,SW,19.3,0.4,18.5,44.1,59.5
26-Mar-19,15.2,21.2,10.3,63.5,80,42,1011.6,1016.3,1009.1,0,2.6,N,19.3,0.7,54.3,63.6,34.5
27-Mar-19,14.3,17.7,10.8,62.9,81,51,1019.7,1021.6,1016.1,0,8.3,NE,35.4,0.7,42.4,50.3,31.8
28-Mar-19,11.7,13.2,9.7,62.2,70,51,1019.7,1021.3,1018.5,0,15.3,NE,49.9,0.4,22.1,34.8,53
29-Mar-19,10.8,13.2,9.5,52.7,59,44,1019,1020.3,1018.1,0,21.4,NE,64.4,0.3,21.3,29.3,62.9
30-Mar-19,11.3,13.3,8.7,46.5,55,34,1016.8,1019.1,1014.2,0,16.9,NNE,56.3,0.4,23,35.3,61.5
31-Mar-19,13.3,16.1,10.8,46,55,37,1013.7,1014.7,1012.6,0,11.1,NNE,51.5,0.3,21.5,37.7,57
1-Apr-19,15.4,18.7,11.2,46.3,58,35,1013.9,1015.5,1012.6,0,7.8,NNE,37,0.5,28,50,44.5
2-Apr-19,15.6,19.6,11.5,46.5,56,32,1016.1,1017.4,1014.6,0,11.9,NE,48.3,0.5,25.5,47.3,55.3
3-Apr-19,14.2,18.2,11,45.5,56,40,1016.3,1017.5,1015.1,0,7.5,NE,37,0.5,23.6,48.1,55.9
4-Apr-19,13.9,17.9,10.7,57.8,74,41,1015.8,1017.3,1014.7,0,5.4,NNE,29,0.4,19.9,46,59.7
5-Apr-19,14.2,17.1,10.7,70.8,87,55,1012.4,1015.4,1006.7,5.4,3.9,N,24.1,0.6,32.2,48.7,48.7
6-Apr-19,13.6,14.7,12.7,83.8,89,78,1006,1008.4,1004.1,10.6,8.5,NE,54.7,0.4,22.9,40.5,45.2
7-Apr-19,15.2,19.3,10.9,72.4,87,56,1009.5,1011,1007.8,1,3.4,SW,24.1,0.3,14,40.8,57.8
8-Apr-19,13.3,15.4,11.4,84.6,90,75,1004.7,1008.7,1001.9,31.8,3.5,SSW,29,0.3,19.8,47,38.8
9-Apr-19,14.3,16.6,12.6,66.7,80,57,1003.3,1005.2,1001.5,0.2,9.1,W,49.9,0.2,11.2,29.8,71.3
10-Apr-19,16.3,20.4,13.2,64.6,80,52,1007.5,1010.9,1004.8,0.2,6.6,W,37,0.2,12.4,31.8,63
11-Apr-19,17.1,20.7,13.2,62.3,77,44,1012.2,1013.5,1010.4,0.2,3.9,SSW,25.7,0.3,15.3,35.7,61.6
12-Apr-19,15.1,19.1,12.3,79.1,88,62,1012.8,1014.8,1011.2,16.4,2.6,W,24.1,0.4,28.5,53.4,30.4
13-Apr-19,13.3,15.3,10.3,77.5,90,67,1011.5,1013,1010.1,4.6,2,NNE,17.7,0.6,43.1,62.3,23.8
14-Apr-19,14.2,18.6,9.1,75.4,92,54,1011,1012.6,1009.9,0.2,2.6,SSW,24.1,0.8,74,44.7,37.5
15-Apr-19,13.2,17.1,10.5,79.4,89,60,1012.2,1014,1010.8,36.4,3.8,WNW,30.6,0.5,33.3,53.5,26.6
16-Apr-19,13.8,17.4,10,61.1,90,45,1016.9,1018.4,1013.7,0,7.8,NE,45.1,0.5,27.8,43.2,47.7
17-Apr-19,13.6,18.7,8.9,72.9,85,55,1017.3,1018.3,1016.3,7,2.4,N,25.7,0.7,66.3,56,25.1
18-Apr-19,13.7,17.2,9.9,63.1,86,45,1020.8,1023.9,1017.8,0.2,5.7,NE,30.6,0.7,57.2,57.4,31.8
19-Apr-19,13.8,18.1,10.7,58.9,75,38,1023.9,1025.6,1022.4,0,5.7,NE,32.2,0.5,32,50.3,40.2
20-Apr-19,12.9,16.2,10,62.6,86,51,1024.8,1027.7,1022,0.8,8.3,NE,33.8,0.5,37.1,52.4,38.5
21-Apr-19,13.4,17.6,8,55.3,75,39,1024.5,1027,1022.2,0,3.6,N,22.5,0.4,19.8,45.3,57.3
22-Apr-19,14.5,18.2,8.8,50.9,78,31,1021.7,1023,1019.7,0,2.7,NNE,16.1,0.5,43.3,57.2,43.2
23-Apr-19,16,19.1,11.6,59.3,72,38,1022.2,1024.2,1020.3,0,2.4,NNE,20.9,0.6,43,71,34.4
24-Apr-19,17.2,20.4,14,66.9,81,48,1023.3,1025.3,1021.5,0,2.1,SW,19.3,0.7,53,78.6,18.4
25-Apr-19,17.6,22,12.5,68.6,84,49,1022.4,1024.2,1020.3,0,2.5,SW,19.3,0.8,69.9,71.3,17.6
26-Apr-19,19.2,23.5,14.3,69.7,86,55,1018.9,1020.5,1016.6,0,2.4,SSW,17.7,0.5,34.1,56.9,38.1
27-Apr-19,20.2,25.8,14.3,62.8,87,41,1014.2,1016.5,1012.1,0,2.6,SW,22.5,0.5,47.1,50.4,32.4
28-Apr-19,19.6,23.8,15.6,70.3,87,51,1012.6,1013.5,1011.4,0,3.4,SW,29,0.5,37.9,56.4,7.3
29-Apr-19,19.2,23.4,14.7,60,91,35,1012,1013.2,1010.8,0,4.1,SW,24.1,0,0,0,0
30-Apr-19,18.7,22.1,14.1,56.9,77,47,1011.2,1012.4,1010.1,0,4.4,SSW,25.7,0,0,0,0
1-May-19,17.1,22.1,12.7,51.9,70,30,1011.3,1012.3,1010.4,0,3.6,W,30.6,0,0,0,0
2-May-19,17.3,21.8,11.2,58,78,37,1012,1013.5,1010.7,0,3.9,SSW,25.7,0,0,0,0
3-May-19,18.6,22.6,13,60.6,81,43,1013.6,1015,1011.9,0,4.3,SSW,27.4,0.3,10.8,31.5,76.4
4-May-19,16.5,17.4,15,72,80,61,1010.4,1012.6,1006.6,1.2,3.1,SSW,27.4,0.3,20.6,49.5,48.5
5-May-19,18.9,24.4,14.1,70.3,85,46,1005.7,1007.7,1004.2,0,7.2,SSW,46.7,0.3,17.7,37.3,62.5
6-May-19,18,22.8,14.3,60.7,83,34,1007.7,1010.2,1005.5,0,6.3,W,35.4,0.2,17,32.4,61.8
7-May-19,16.8,21.1,13.7,54.7,68,39,1012,1014.9,1009.9,0,6.5,W,41.8,0.2,11.4,26,71.5
8-May-19,16.6,20.6,13.9,59,71,45,1015.9,1016.7,1014.8,0,3.8,SSW,25.7,0.3,26.5,41.1,53.2
9-May-19,17.2,20.3,13.3,65.5,77,52,1012.8,1015,1009.7,0,4.8,SSW,29,0.3,29.6,43.2,50.5
10-May-19,19,22.9,16.1,63.6,87,49,1009.9,1012,1008.7,0,4.4,W,22.5,0.3,12.8,33.8,49.3
11-May-19,18.8,22.7,15.3,74.3,87,60,1015.3,1017.7,1011.9,0,3.4,SW,24.1,0.3,28.4,38.5,20.5
12-May-19,19.5,23.8,14.9,66.9,86,50,1016,1017.4,1013.2,0,3.4,SSW,29,0.4,24.4,36.3,20.4
13-May-19,19.6,23,17.2,60.5,71,47,1013.3,1015,1010.7,0,2.9,SW,17.7,0.4,26.3,51.2,16.6
14-May-19,19,22.4,15.8,68.3,81,54,1010.2,1011.2,1009.4,0.4,3.8,S,30.6,0.4,31,49.3,16.5
15-May-19,18.4,21.9,14.8,65.8,86,45,1010.2,1011.1,1009.2,0,3.2,SSW,24.1,0.4,25.9,46.2,17.6
16-May-19,18.7,22.8,13.8,65.2,85,50,1009,1010,1007.9,0,3.8,SSW,25.7,0.3,25.6,40.3,20.7
17-May-19,18.7,24.3,14.4,70,87,52,1008.5,1009.9,1007.1,0.6,2.5,SSW,24.1,0.5,34.1,56.5,18.3
18-May-19,20.9,25.3,14.4,60.9,87,45,1010.6,1011.9,1009.2,0,3.4,SSW,25.7,0.5,38.8,44.2,19.1
19-May-19,21.4,25.2,17.6,57,79,40,1010.1,1011.8,1008.4,0,3.8,SW,25.7,0.4,21.3,43.4,24
20-May-19,20.2,23.7,16.8,69.9,88,57,1012.4,1014.6,1009.2,0,2.2,SSW,19.3,0.4,23.9,55,18.8
21-May-19,21.8,25.5,17.6,59.1,88,40,1013.6,1014.3,1012.3,0,2.8,SW,22.5,0.4,37.1,50.3,18.6
22-May-19,21.3,26.6,15.8,51,70,33,1013.9,1015.8,1011.9,0,2.4,S,17.7,0.5,48.5,66.1,13.3
23-May-19,22,26.3,18.2,53.9,68,40,1010.5,1012.6,1008.5,0,4.1,SSW,22.5,0.4,23.5,46.8,23.5
24-May-19,21.8,25.9,18.3,54.3,70,40,1010.3,1012.5,1008.5,0,4,W,24.1,0.3,15.6,37.1,28.4
25-May-19,21.9,26.2,17,56.5,77,42,1014.3,1016.3,1012.1,0,4.3,SSW,24.1,0.3,15.1,35.9,27.9
26-May-19,22.2,26.7,18.1,57.1,69,45,1015.7,1016.3,1014.8,0,3,WSW,20.9,0.3,19.3,47,24.8
27-May-19,22.1,27.2,18.3,60.2,74,40,1014.3,1017.1,1012,0,2.8,SSW,24.1,0.6,42.5,69.5,13.9
28-May-19,22.2,26.7,17.3,62.7,74,45,1011.3,1012,1010.2,0,4.3,SSW,30.6,0.5,42,49.4,18.4
29-May-19,22.7,28.1,17.3,57,75,37,1014.1,1015.9,1011.6,0,3.9,SSW,29,0.3,19,38.4,20.5
30-May-19,24.4,29.3,18.1,51.7,76,36,1017,1018.3,1015.5,0,3.8,SSW,24.1,0.4,28.2,45.7,19.8
31-May-19,25,30.2,19.2,48.1,69,33,1014.6,1015.8,1012.8,0,3.5,SSW,24.1,0.5,47.5,54.2,15.8
1-Jun-19,22.6,26.5,19.3,59.4,79,45,1013.7,1014.3,1012.8,0,4.2,SSW,25.7,0.2,14.7,36.2,27.1
2-Jun-19,22.2,25.7,19.7,54.8,74,46,1013.5,1014.6,1012.4,0,4.5,SSW,25.7,0.2,10.8,28.9,28.4
3-Jun-19,21.7,24.7,17.9,52.9,64,42,1014.3,1015.3,1013.2,0,4.3,W,29,0.2,15.7,33.7,26.7
4-Jun-19,21.3,24.8,18.3,61.9,73,52,1013.6,1014.5,1012.8,0,4.4,SSW,25.7,0.3,15.3,33.2,28.7
5-Jun-19,22.4,26.6,18.2,62.2,76,48,1013.2,1014.3,1012.4,0,3.7,SSW,25.7,0.3,17.3,35.5,27.2
6-Jun-19,23.6,27.8,18.7,62,81,47,1015.6,1016.6,1013.8,0,3.6,SSW,20.9,0.3,20.3,43,24.5
7-Jun-19,25.3,30.2,20.4,59.5,75,45,1017,1018.1,1015.8,0,3.2,SSW,20.9,0.4,33.3,53.2,20.5
8-Jun-19,28.2,34.3,21.5,48.6,71,25,1016.4,1017.7,1015.2,0,3.8,NE,25.7,0.6,47.3,60.7,14.8
9-Jun-19,28.7,33.2,23.3,45.8,64,34,1013.7,1015.4,1012,0,8.6,NE,43.5,0.5,37.5,50.2,14.7
10-Jun-19,26.3,29,23.9,52.3,65,43,1011,1013,1009.3,0,9.1,NE,41.8,0.4,26.7,41.1,21.3
11-Jun-19,25.5,30.3,21.5,60.9,78,44,1010.5,1011.9,1009.2,0,3.5,E,32.2,0.4,17.3,42.9,21.5
12-Jun-19,26.1,30.6,21.1,60.9,79,44,1012.4,1014.3,1010.7,0,3,SSW,19.3,0.5,29.5,50.4,16
13-Jun-19,27.7,32.1,22.9,56.5,69,42,1014.6,1015.5,1013.4,0,3,WSW,20.9,0.4,25.1,51.1,20
14-Jun-19,28.9,33.4,22.3,47.5,65,36,1013.6,1014.8,1012.5,0,3.4,SW,19.3,0.5,43.2,66.4,15.3
15-Jun-19,29.7,33.6,26.2,43.8,55,32,1011.3,1012.8,1009.5,0,8.2,NNE,33.8,0.5,29.5,52.5,15.7
16-Jun-19,28.7,32.7,25.1,49,63,39,1010.6,1011.8,1009.1,0,6,NE,30.6,0.2,16.2,35.2,19.5
17-Jun-19,27.7,31.7,23.6,51.8,66,38,1010.8,1011.9,1009.3,1,2.8,SW,19.3,0.3,14.3,43.5,21.6
18-Jun-19,26.8,32.7,23.2,55,72,39,1012.2,1013.3,1011.2,0.4,3.1,ESE,32.2,0.5,22.8,56.5,17.5
19-Jun-19,25.6,30.6,21.8,61.6,77,45,1011.6,1013.1,1010.6,1.2,2.8,WNW,30.6,0.5,25.5,60,17.4
20-Jun-19,26.8,30.8,22.6,57.7,73,47,1011.3,1012.3,1010.5,0,3.3,SSW,20.9,0.4,25.3,53.4,20.8
21-Jun-19,27.9,31.9,22.8,54.1,70,43,1012.3,1013.3,1011.2,0,3.4,NNE,24.1,0.5,30,59.2,21.5
22-Jun-19,30.1,35.2,23.7,43.9,66,32,1013.5,1014.1,1012.5,0,5.1,NNE,25.7,0.6,37.3,61.9,13.3
23-Jun-19,30.1,34.8,24.4,43.6,55,35,1013.6,1014.5,1012.3,0,3.6,SW,20.9,0.3,20,47,18.4
24-Jun-19,30.1,34.5,24.9,50.3,69,36,1010.2,1012.2,1008.6,0,3.8,WSW,19.3,0.4,25.2,58.5,19.1
25-Jun-19,29.4,31.9,26.6,50.8,63,42,1012.3,1014,1010.2,0,11.1,NE,49.9,0.4,20.3,39.8,20.8
26-Jun-19,28.9,32.2,25.9,55.2,65,46,1014.2,1015,1013.2,0,12.9,NNE,46.7,0.4,23.4,36.1,20.4
27-Jun-19,29.1,32.4,25.9,50.5,66,38,1012.2,1013.8,1010.2,0,9.8,NE,37,0.4,23.5,39,21.4
28-Jun-19,30.7,35.1,25.2,40,59,26,1008.4,1010.1,1006.9,0,6.8,NE,33.8,0.5,24.6,54.5,21.9
29-Jun-19,27.6,30.6,24.1,50.3,60,41,1012.3,1015,1009.2,0,13.7,NE,45.1,0.3,21.5,36.5,17.7
30-Jun-19,25.8,28.9,23.2,43.5,61,33,1016.8,1017.7,1015,0,15.2,NE,51.5,0.2,16.2,24.3,19
1-Jul-19,26.8,30.2,23.1,44.4,57,33,1015.2,1017.3,1012.8,0,13.7,NE,62.8,0.3,23.6,34.8,19.9
2-Jul-19,28.1,33.4,22.6,46.9,72,26,1011,1012.7,1009.5,0,5.6,NNE,35.4,0.3,19.8,45.1,24.3
3-Jul-19,28.3,33,22.4,47.4,69,33,1011,1012,1010.3,0,3.2,SW,19.3,0.3,30.6,56.8,20.9
4-Jul-19,31.1,36.4,23.1,36.4,61,26,1012.5,1014.1,1011.4,0,6.3,NE,32.2,0.6,43.3,67.3,16.8
5-Jul-19,30.4,35.3,26.2,49.7,72,37,1012,1013.8,1010.1,0,4.1,NE,22.5,0.4,34.6,54.5,21.2
6-Jul-19,29.3,32.9,25.8,52.6,71,43,1010.8,1011.4,1009.9,0,3.7,SW,27.4,0.3,25,53,18.9
7-Jul-19,30.2,35.1,24.1,42.7,58,31,1009.4,1011.1,1007.7,0,3.8,SSW,22.5,0.3,18.4,43.2,22.4
8-Jul-19,31.2,36.4,25.3,45,59,34,1008.7,1010.4,1007.5,0,3.9,SSW,24.1,0.4,26.4,53.1,20.3
9-Jul-19,30.5,34.8,27.1,51,67,38,1009.9,1011.6,1008.4,0,3.5,SSW,22.5,0.4,27.6,53.7,21.1
10-Jul-19,31.3,35.6,26.8,49.1,64,35,1006.9,1008.7,1003.4,0,4.7,SSW,30.6,0.3,19.4,45.9,23.4
11-Jul-19,24.9,28,21.7,60.2,71,51,1007.3,1011.4,1001.4,0,10.6,NE,45.1,0.4,21.5,34.7,21.3
12-Jul-19,25.2,29,21.3,49.4,61,36,1011.4,1012.4,1010.5,0,4.9,SSW,29,0.3,17.4,35,23
13-Jul-19,25.7,29.3,22.4,62.1,80,47,1009.4,1011.4,1005.7,0,5,SSW,29,0.2,13.2,31.8,27.4
14-Jul-19,25.7,30.8,23.3,65.2,81,50,1005,1007.5,1002.8,0.2,5.3,NE,32.2,0.2,13.3,24.1,19.8
15-Jul-19,24.8,28,22.9,64.2,73,52,1008.2,1010,1007.2,0,4.6,SSW,25.7,0.2,14.5,30.5,20.9
16-Jul-19,25,29.5,21.1,59.7,76,41,1006.1,1007.8,1004.4,0.6,7,NE,32.2,0.3,17,34.3,22.9
17-Jul-19,24.6,28,20.9,56.5,77,43,1007,1009.7,1004.4,0,6.7,NNE,38.6,0.4,20.9,35.8,20.8
18-Jul-19,26.3,30.3,20.9,47,64,35,1011.1,1013,1009.4,0,4.2,NE,30.6,0.4,25.6,49,21.6
19-Jul-19,27.4,31.8,21.4,40,62,28,1013.4,1014.9,1012.5,0.2,6.6,NE,35.4,0.5,40.4,56.9,19.4
20-Jul-19,28,32.3,23.9,40.6,59,27,1015.3,1016.8,1014.3,0,6.7,NE,32.2,0.3,22.4,43.5,19.1
21-Jul-19,28.7,32.8,22.7,38.2,53,27,1016.1,1016.6,1015.3,0,8.8,NE,45.1,0.3,20.2,41.9,17.9
22-Jul-19,29.5,33.2,25.3,41.2,50,34,1014.6,1016.1,1012.5,0,8.3,NNE,40.2,0.4,27,51.6,23.4
23-Jul-19,30.1,33.8,26.4,41,53,29,1011.2,1012.6,1010,0,7.6,NNE,33.8,0.5,27.5,57,22.2
24-Jul-19,28.3,32.6,24.8,51.5,59,36,1011.4,1014.4,1009.8,0,7.3,NE,32.2,0.4,22,43.6,20.4
25-Jul-19,27.5,31.1,23.9,44.6,62,34,1014.8,1015.5,1013.9,0,9.1,NNE,38.6,0.4,30.7,43.1,34
26-Jul-19,28.6,33.1,22.5,41.3,54,30,1011,1014.1,1008.3,0,6.4,NNE,30.6,0.6,33.5,55,40.7
27-Jul-19,29.1,33.9,23.2,46.2,62,32,1006.8,1008.2,1004.9,0,3.3,W,24.1,0.4,25.9,50.9,56.9
28-Jul-19,29.2,34.9,24.4,47.8,61,35,1005.9,1007.1,1004.1,0,3.9,SSW,24.1,0.4,21.4,48.5,67.8
29-Jul-19,30.4,36.2,23.8,46.1,62,28,1003.3,1004.5,1002.1,0,4.4,W,25.7,0.3,18.1,39.4,52.2
30-Jul-19,29.8,34.7,25.9,54.9,70,35,1005.6,1007.7,1004.1,0,3.5,W,24.1,0.3,19.6,39.3,49.9
31-Jul-19,29.5,32.7,26,55,64,44,1008.1,1009,1006.7,0,3.5,WSW,32.2,0.5,21.8,51,40.4
1-Aug-19,31.6,36.3,25,44.7,66,34,1008.9,1009.9,1007.9,0,5.6,NE,30.6,0.6,34,58.7,31.8
2-Aug-19,31.2,35.7,27.7,51.2,68,42,1009.6,1010.6,1008,0,4.5,NE,27.4,0.5,25,54.8,50.6
3-Aug-19,30.9,35.8,26.9,51.6,68,36,1005.9,1007.9,1003.9,0,4,SSW,24.1,0.3,16.2,46.9,58.4
4-Aug-19,29.8,35.2,26.5,49.1,64,32,1007.4,1010.9,1004,0,6.6,NE,33.8,0.3,12.8,32.1,64.6
5-Aug-19,27.4,30.4,24.4,47.4,67,40,1012.2,1013.8,1010.7,0,9.2,NE,38.6,0.4,24,39.7,60.5
6-Aug-19,27.3,31.3,23.1,42,55,34,1014.2,1015.2,1013.3,0,8.2,NNE,38.6,0.5,29.9,48.2,51.7
7-Aug-19,28.4,32.9,22.7,37.1,54,27,1013.7,1014.8,1012.8,0,8.3,NE,43.5,0.5,48.1,59.2,43.9
8-Aug-19,29.2,34.8,23.1,44.4,67,30,1011.5,1012.9,1010,0,4.4,ENE,32.2,0.5,26.5,57.5,52.6
9-Aug-19,30.9,36.2,23.3,35.5,52,26,1009.7,1010.7,1008.3,0,5.4,NE,30.6,0.6,53.9,67.8,28.2
10-Aug-19,31.7,35.4,27.8,37.4,46,31,1010.8,1011.7,1009.5,0,11.3,NNE,51.5,0.4,28.9,52.2,49.9
11-Aug-19,31.2,34.7,27.8,34.9,47,24,1010.9,1011.9,1009.9,0,11.3,NNE,45.1,0.3,20.2,36.7,66.6
12-Aug-19,30,35.1,26.9,39.9,50,30,1009.2,1010.5,1007.7,0,7.1,NE,38.6,0.3,20.2,38.1,67
13-Aug-19,29.8,35.1,25.4,43.2,54,32,1007.6,1008.5,1006.5,0,5,NE,33.8,0.4,19.5,42.8,67.9
14-Aug-19,29.1,34.7,25.1,52.3,74,28,1006.5,1007.5,1005.1,0,3,W,22.5,0.3,13.8,34.7,70.9
15-Aug-19,29,33.7,25.2,55.9,72,41,1007.6,1010.1,1006,0,3.3,W,20.9,0.2,12,32.8,64.6
16-Aug-19,28.7,32.8,25.6,57,74,41,1010.2,1011.4,1008.8,0,3.2,NNE,29,0.3,14.9,38.2,60.5
17-Aug-19,27.6,33,24.3,51,64,36,1012.2,1014.6,1010.7,0,6.5,NE,33.8,0.2,15,31.3,60.4
18-Aug-19,26.6,30.1,23.4,45,60,34,1014.9,1015.5,1014.2,0,9.2,NE,35.4,0.3,15.5,30.2,66
19-Aug-19,27,30.7,23.7,42,54,32,1015.3,1016,1014.7,0,10.2,NE,38.6,0.4,33.4,47,53.3
20-Aug-19,27.3,30.9,24.5,41.7,53,30,1016.4,1017.4,1015.4,0,10.5,NNE,41.8,0.4,41.4,46,52.3
21-Aug-19,28.3,32.4,24.2,44.8,60,33,1015.5,1016.4,1014.4,0,8.4,NE,37,0.4,38.7,45.6,49
22-Aug-19,30.5,34.2,26.7,42.6,53,31,1015.2,1016,1014.3,0,9.4,NE,38.6,0.4,26,46.9,57.5
23-Aug-19,30.6,33.8,27.9,39.9,46,29,1014.9,1016.4,1013.3,0,13.5,NE,49.9,0.4,28,45.5,66.3
24-Aug-19,30.9,34.1,27.3,42.8,51,38,1013.6,1014.7,1012.2,0,8.8,NE,38.6,0.3,29.2,49.7,56.9
25-Aug-19,30.5,34.4,26.7,44.2,57,35,1012.5,1013.4,1011.7,0,7.4,NE,38.6,0.3,15.6,35.9,66
26-Aug-19,31.4,36.3,26.8,42.9,51,35,1012.4,1013.7,1011.4,0,5.5,NE,32.2,0.4,18.9,43.2,61
27-Aug-19,30.2,34.2,27.3,41.7,51,31,1014.2,1015.3,1013,0,8.2,NE,40.2,0.4,27.2,45.7,53.4
28-Aug-19,28.9,32.1,25.2,39.5,48,31,1014.3,1015.2,1013.3,0,9.6,NE,46.7,0.4,35.6,47.3,51.8
29-Aug-19,28.4,32.8,24.7,33.5,50,22,1014.5,1015.2,1013.7,0,6.7,NE,35.4,0.4,28.9,49.6,53.1
30-Aug-19,27.7,31.4,22.6,40.3,52,30,1014.6,1015.7,1013.7,0,10.2,NE,46.7,0.5,34.8,53.3,47.1
31-Aug-19,26.9,30.6,24.1,42.1,50,30,1012.7,1014.1,1011.7,0,10.1,NNE,43.5,0.4,27.1,44.2,53.3
1-Sep-19,27,31.3,23.8,39.1,56,27,1011.4,1012.4,1010.5,0,5.5,NNE,32.2,0.3,16.8,36.4,56.4
2-Sep-19,27.9,32.7,22.8,35.2,46,26,1011.6,1012.2,1010.6,0,5.9,NE,40.2,0.5,27.9,53.7,40.8
3-Sep-19,27.6,32.3,22.2,34,47,26,1011.5,1012,1010.6,0,5.3,NE,32.2,0.6,50.9,66.2,31.7
4-Sep-19,27.6,31.2,23.6,38.2,48,29,1010.2,1011.5,1008.7,0,8.1,NNE,40.2,0.5,54.5,62.5,47.9
5-Sep-19,26.8,30.3,24,52.8,61,44,1009.5,1011,1008.4,0,7.2,NE,37,0.5,22.1,43.8,60.5
6-Sep-19,26.9,30.5,24.1,46.9,63,37,1013,1014.9,1010.8,0,8.9,NE,37,0.5,22,45.5,57
7-Sep-19,26.4,30.8,22.8,41.9,54,36,1014.6,1015.6,1013.4,0,7,NE,29,0.5,23.8,43.5,54.3
8-Sep-19,26.3,31.1,21.1,42.5,54,33,1014.9,1015.6,1014,0,3.3,NE,22.5,0.5,22.9,51,51.1
9-Sep-19,26.2,30.9,22.2,46.4,59,36,1013.5,1014.8,1011.5,0,3.7,NE,30.6,0.4,25.9,51.1,48.3
10-Sep-19,25.8,31.1,21.7,47.2,54,39,1013.1,1014.7,1011.8,0,4,NNE,24.1,0.5,38,52.3,44.8
11-Sep-19,25.7,30.6,22.7,49.7,62,38,1016.1,1018.5,1013.6,0,5.3,NE,33.8,0.4,20.5,44.8,46.6
12-Sep-19,25.9,30.3,21.8,49.9,61,38,1018.6,1019.9,1017.4,0,5.9,NNE,32.2,0.5,29.4,49.1,41
13-Sep-19,24.8,27.3,21.2,48.8,71,37,1018.4,1019.4,1017.4,0,12.6,NNE,49.9,0.4,23.4,39,49.9
14-Sep-19,26,29.1,23.3,33.5,40,26,1018.4,1019.5,1017.3,0,12.5,NNE,51.5,0.4,22.9,43.8,67.2
15-Sep-19,25.6,28.8,23.2,41.5,53,34,1019.5,1020.7,1018.5,0,13.2,NE,51.5,0.3,18.9,36.5,68.8
16-Sep-19,25.1,30.1,20.9,47.5,60,36,1016.4,1018.7,1014.6,0,4.2,NNE,29,0.5,22.8,46.8,51.4
17-Sep-19,24.5,30.3,19.7,55,72,35,1014.8,1016,1013.7,0,2.4,S,19.3,0.6,57.7,59.3,41
18-Sep-19,24.5,29.4,19.3,63.7,84,44,1013.9,1014.7,1012.9,0,2.5,SSW,20.9,0.5,43,50.9,39.5
19-Sep-19,24.8,28.6,20.1,65,76,50,1014.7,1015.5,1013.8,0,2.7,SW,17.7,0.6,47.5,55.3,40.8
20-Sep-19,22.2,26.7,19.4,66.4,75,57,1016.3,1020.6,1013.5,0.8,7.9,NE,41.8,0.5,26.9,46.1,32.2
21-Sep-19,20.4,23.4,18.2,48.1,65,37,1022.3,1023.6,1020.4,0,11.7,NE,43.5,0.3,21.1,32.4,48.4
22-Sep-19,21,25.8,17.2,51.6,62,36,1020.5,1022.9,1018.3,0,4.8,NE,27.4,0.3,17.4,36.1,47.3
23-Sep-19,21.7,25.3,16.8,67.8,81,58,1016,1018.6,1013.1,0,3.1,SSW,19.3,0.5,53.7,45,38.9
24-Sep-19,21.7,24.1,19.3,82.8,90,72,1009.6,1012.9,1006.7,4,1,SSW,12.9,0.5,35.5,44.5,20.5
25-Sep-19,22.9,27.6,19.1,67.8,88,48,1010.9,1013.5,1007.5,0,2.6,NNE,19.3,0.5,25.9,42.5,28.4
26-Sep-19,23,26.7,18.4,75.8,87,58,1012.9,1013.9,1011.9,0,2.9,SSW,20.9,0.5,45.7,40.4,31.4
27-Sep-19,23.9,28.6,20.2,67.9,88,53,1015,1017.9,1012.7,0,4,NNE,30.6,0.7,57.4,48.1,20.5
28-Sep-19,23.8,28.2,19.2,55.8,71,41,1017.8,1019.1,1016.8,0,3.9,NNE,20.9,0.6,42.8,49.1,33
29-Sep-19,23.5,28.1,18.2,62.5,78,43,1015.5,1017,1013.6,0,2.1,SSW,16.1,0.5,39.7,46.8,46.1
30-Sep-19,24.1,28.9,19.3,65.5,81,52,1011.8,1013.5,1010.2,0,2.3,SSW,17.7,0.6,59.9,54.1,32.5
1-Oct-19,24.2,28.9,19.6,67.3,82,50,1011.1,1012.5,1010.1,0,2.1,SSW,20.9,0.6,61.6,52,27.2
2-Oct-19,23.5,28.1,19.8,71.8,83,50,1009.8,1010.8,1008.6,0,2.4,SSW,20.9,0.6,56,43.1,31.5
3-Oct-19,23.1,27.2,19.9,74.3,85,57,1009.4,1011.6,1007.7,5.8,3.3,SSW,32.2,0.4,31.5,40.6,20.5
4-Oct-19,23.2,27.4,19.9,71.9,83,58,1006.8,1009.5,1004,3.4,3.5,SSW,33.8,0.4,23.6,27.5,25.4
5-Oct-19,22,26.1,17.8,56.7,86,38,1009.1,1010.3,1007.2,0,3.8,W,30.6,0.3,14.9,22.4,40.5
6-Oct-19,22.5,26.7,18.8,58.2,72,44,1010.4,1011.4,1009.6,0,2.6,SSW,20.9,0.3,12.3,21,41.1
7-Oct-19,20.3,22.9,18.3,74.1,84,63,1007.8,1009.5,1006.3,1,6.7,NE,29,0.3,12.5,16.6,38.8
8-Oct-19,18.9,22.6,17.5,73.6,82,62,1017,1022.6,1008.6,0,8.1,NE,37,0.4,14.3,14.1,31.8
9-Oct-19,20.1,24.8,16.8,66.9,80,48,1021.8,1024.2,1019.7,0,4.2,NNE,25.7,0.4,20,18.4,33.2
10-Oct-19,20.8,25.2,16.4,76.5,84,59,1018.8,1020.6,1017.2,0,1.8,NNE,16.1,0.7,35,22,23.8
11-Oct-19,22.3,25.6,19.6,76.7,86,63,1019.6,1022,1017.7,0.2,1.6,NNE,14.5,0.9,36.5,27.7,9.4
12-Oct-19,22.8,27.6,18.8,53.7,85,34,1022.4,1023.5,1021.5,0,5.4,NE,37,0.5,20,23.3,20.8
13-Oct-19,21.9,28,16.5,57.2,73,42,1021.2,1022.4,1019.7,0,2.3,NNE,20.9,0.5,17.2,21,29.8
14-Oct-19,21.1,28.3,14.9,57.6,74,32,1019.9,1021.7,1018.4,0,1.5,NNE,16.1,0.8,44,30.1,23.8
15-Oct-19,21.3,26.9,15.3,61.4,79,35,1017.1,1018.9,1015.3,0,1.7,NNE,16.1,0.8,46.3,33.3,20.4
16-Oct-19,21.5,25.4,17,69.8,80,56,1016.2,1016.9,1015,0,1.7,SSW,17.7,0.7,42.8,29.4,22
17-Oct-19,21.6,25.4,18.8,73.9,83,58,1017.7,1018.7,1016.2,0,1.9,SSW,17.7,0.6,30.3,25.9,26
18-Oct-19,21.1,24.8,17.7,76.7,85,64,1017.9,1019,1016.7,0,1.8,SW,19.3,0.6,36.7,22,30.6
19-Oct-19,21.4,25.2,17.6,76.8,86,60,1018.5,1019.7,1017.3,0,1.9,SW,16.1,0.6,35.5,23.1,29.1
20-Oct-19,21.6,25.5,17.9,74.4,87,60,1020.1,1021,1019.2,0,1.9,NNE,16.1,0.6,20.7,21,23.9
21-Oct-19,22.2,27.5,16.4,57.2,85,38,1020.3,1021.4,1019.4,0,4.2,NE,29,0.8,58.7,27.4,13.8
22-Oct-19,22.3,25.9,19.7,51.9,61,40,1019,1019.9,1017.8,0,9,NNE,43.5,0.5,23,21,40.5
23-Oct-19,21.4,26.1,18.2,51.8,66,38,1018.4,1019.9,1017,0,4.8,NE,33.8,0.4,15.2,19.9,36.3
24-Oct-19,21.2,26.7,15.2,43.9,61,30,1016.8,1018.3,1015.4,0,4.4,NE,33.8,0.6,22.2,25.7,25.6
25-Oct-19,20.3,27.6,13.7,47.4,60,30,1017.1,1019.5,1015.5,0,1.7,NE,16.1,1,63.6,34.1,16
26-Oct-19,20.3,25.6,14.3,51.7,65,39,1020.4,1021.3,1019.4,0,4.6,NE,37,0.6,31.5,29.8,19.8
27-Oct-19,20.5,27.5,14.9,52.6,64,34,1017.7,1020,1015.4,0,3.2,NE,24.1,0.7,33.8,31.4,21.5
28-Oct-19,19.2,23.6,14.9,64.1,81,42,1014.5,1015.7,1013,0,1.8,NNE,16.1,0.4,16.5,24.6,40
29-Oct-19,18.3,22.9,14,75.2,86,55,1016.3,1017.8,1014.3,0,1.6,SSW,16.1,0.7,35.6,25.6,27.2
30-Oct-19,19.1,23.6,14.1,75.1,87,56,1018,1018.9,1017,0,1.6,NNE,14.5,0.8,45.7,29.6,20.8
31-Oct-19,18.1,21.7,16.4,85,91,75,1016,1018.2,1014.5,13,1.7,NNE,25.7,0.7,41.9,27.1,11.5
1-Nov-19,17,18.9,15.3,73.7,84,66,1017.3,1019.3,1015.2,0,10.9,NE,40.2,0.5,30.4,18.8,21.3
2-Nov-19,16.9,21,14.3,64.1,79,43,1018,1019,1016.7,0,7.1,NE,30.6,0.6,31.2,25.7,18.2
3-Nov-19,17.8,21.1,11.6,71.2,83,58,1017,1018.3,1014.6,0,5,SSW,30.6,0.6,35.7,22.6,26.2
4-Nov-19,19.1,22.8,16.1,85.5,92,69,1013.1,1014.6,1011,13.4,5.6,SSW,30.6,0.3,19,15.3,36.3
5-Nov-19,19.3,23.4,14.3,80.2,94,55,1014.7,1016.1,1013.7,0.2,1.7,NNE,14.5,0.7,43,17.7,18.1
6-Nov-19,19.5,22.7,15,80,93,61,1013.3,1014.7,1011.8,0,2.6,SSW,20.9,0.5,25.9,18.8,19.8
7-Nov-19,21.6,24.8,17.4,75.8,91,59,1012,1013.2,1010.5,0,4.6,S,25.7,0.4,19.6,14.4,28.1
8-Nov-19,19.4,23.4,15.2,75.1,87,60,1013.2,1016.4,1010.3,10,3.6,SSW,32.2,0.4,20.6,18.3,25.7
9-Nov-19,18.8,22.2,13.4,73.9,88,55,1016.4,1018.3,1013.8,0,2.8,SSW,19.3,0.7,36.6,16.5,25
10-Nov-19,19.3,21.9,14.7,76.1,85,63,1014.5,1016.8,1012.4,0.8,4.1,SSW,35.4,0.2,8.1,10.3,45.1
11-Nov-19,18.1,22.6,14.1,77.9,90,61,1016.3,1017.7,1015.2,0,1,NNE,14.5,0.9,42.3,22.1,8.9
12-Nov-19,20.5,24.8,15.9,75,93,52,1013.1,1015.4,1010.5,1.4,1.9,NNE,20.9,0.7,34.7,24.5,14.4
13-Nov-19,15.6,18.6,13.5,88.5,92,82,1011.7,1013.2,1009.1,26.6,3.5,S,32.2,0.4,21.6,20.3,15.1
14-Nov-19,16.2,21.1,13.1,82.1,92,55,1011.6,1014.4,1010,19,1.5,E,41.8,0.7,34.8,19.5,17.4
15-Nov-19,16.5,21.4,12.5,78.5,94,52,1018.2,1021.2,1014.4,0,1,SSW,12.9,1.3,71.7,19.8,11
16-Nov-19,16.7,21.2,12.4,76.4,91,63,1020.4,1021.9,1018.7,0,1.7,N,16.1,1,55.3,22.2,8.3
17-Nov-19,17.2,20.5,13.4,78,90,67,1018.1,1019.3,1017.1,0.4,1.5,NNE,14.5,0.6,26,17.8,21
18-Nov-19,18.1,22,15.1,81.4,93,62,1019,1021.7,1016.6,0.2,1.2,SSW,14.5,0.7,38,19.5,18
19-Nov-19,17.8,22.3,14.2,78.4,90,56,1021.3,1022.8,1019.3,0,1.2,NNE,16.1,0.9,32.4,23.7,12.8
20-Nov-19,18.4,21.1,14.7,80.3,90,74,1018.2,1019.7,1016.6,0,4,S,24.1,0.7,30.8,22.5,29.5
21-Nov-19,18.5,21.7,14.7,80.7,90,72,1014.7,1016.6,1012.2,12.4,5.1,S,29,0.3,11.7,15.5,43.8
22-Nov-19,16.1,20.5,12.7,75,92,48,1015.1,1017.5,1013,0,1.7,W,17.7,0.9,39.5,21.5,18.3
23-Nov-19,15.8,19.8,12.3,71.9,85,51,1018.2,1019.2,1017.2,0,2,NNE,11.3,0.9,39.3,23.5,15.8
24-Nov-19,16.5,18.8,14.2,77.2,85,64,1015.2,1018.6,1008,3.2,4.7,NE,22.5,0.6,23,17.8,23.1
25-Nov-19,15.5,18.7,12,81.1,92,62,1005.3,1008.2,1003.7,32.8,3.1,ENE,40.2,0.7,25.4,20.7,31.4
26-Nov-19,14.9,18.3,11.3,78.7,89,64,1007.2,1010.8,1004.7,0,1.9,NNE,19.3,1,40.5,20.8,9
27-Nov-19,14.6,19,10.6,78.4,90,59,1013.6,1015.6,1011,0,1,NE,11.3,1.1,52.6,23.1,11.9
28-Nov-19,16.9,20.2,11.6,75.6,92,64,1014.3,1016.1,1011.2,0,2.6,SW,22.5,0.9,47.6,17.4,22.3
29-Nov-19,19,21.7,17.3,64.1,75,50,1013.2,1015.4,1010.6,0,5,W,24.1,0.3,10.7,15.7,42.5
30-Nov-19,18.1,21.8,15.4,66.3,76,48,1014.5,1016.1,1013,0,2.7,SW,20.9,0.4,11,19.7,32.4
1-Dec-19,13.5,16.7,10.3,55.1,72,37,1022.1,1026.2,1016.2,0,5.3,NE,25.7,0.5,16.1,19.8,25.9
2-Dec-19,12,15.2,9.3,65.7,81,52,1023.7,1026.1,1020.6,0,2.3,NNE,17.7,0.8,34.6,26.8,16.6
3-Dec-19,13.6,19,8.7,78.7,88,61,1018.8,1020.6,1017.3,0,1,SSW,14.5,1.2,72.4,27.6,10.3
4-Dec-19,11.4,13.8,10.4,79.5,91,73,1021.5,1026.7,1016.6,0.2,9.6,NE,45.1,0.8,39.9,19.2,12.8
5-Dec-19,11,12.8,9.3,66.7,76,59,1027.8,1028.8,1026.6,0,7.4,NE,33.8,0.5,19.4,21.9,23.5
6-Dec-19,11.2,15.1,7.1,71.6,80,60,1025.8,1027.9,1022.9,0,1.4,NNE,14.5,0.8,41.2,22.8,16.5
7-Dec-19,13.9,18.2,10.7,79.4,87,68,1018.9,1022.7,1016.7,0,1.1,NNE,11.3,1.2,70.5,24.4,6
8-Dec-19,13.7,18.8,10,68.5,89,47,1018.3,1019.2,1017,0,2.9,ENE,24.1,1,53.7,24.8,10.5
9-Dec-19,12.9,17.4,7.9,75.6,85,61,1014.5,1018.3,1010.5,0,1.4,ENE,14.5,1.2,73.5,26.5,11.2
10-Dec-19,13.5,16.7,12.2,85.8,92,74,1008,1010.7,1005.3,26.8,3,NNE,32.2,0.6,24.4,24.8,12.2
11-Dec-19,13.2,16.6,10.9,83.2,94,69,1006.7,1008.3,1004.8,11.2,2.2,E,29,0.7,31.8,26,11.9
12-Dec-19,11.9,14.3,9.7,81.8,90,71,1005.7,1006.4,1004.7,0.6,3.4,NNE,22.5,0.9,43.5,21.8,13.2
13-Dec-19,12.1,16.2,8.9,81.6,92,62,1003.5,1005.4,1000.7,0,1.2,W,16.1,1.2,71.8,23.6,7.8
14-Dec-19,12.9,15.7,10.4,83.8,91,73,997.6,1008.1,991.8,17.8,5,S,38.6,0.6,26,20.5,24.8
15-Dec-19,13.5,18.6,10,82.9,93,68,1018.9,1025,1008.5,0,1.3,ENE,14.5,1.1,57.6,22.6,7.7
16-Dec-19,13.6,18.2,9.4,85.8,93,71,1025.9,1027.4,1025.1,0,1.2,NNE,14.5,1.8,111.7,21.3,6.5
17-Dec-19,13.4,18.5,9.8,84.8,94,66,1026,1027,1025.1,0.2,0.9,NNE,11.3,2,115.9,22.6,7
18-Dec-19,13.1,17.9,9.1,84.8,93,69,1027.9,1029.2,1026.8,0.2,0.9,SSW,11.3,2,112.4,19.9,6.6
19-Dec-19,15,17.6,10.8,83.1,91,76,1027.9,1029.8,1025.4,0,1.2,S,12.9,1.4,76.3,25.1,8.1
20-Dec-19,16,18.9,13.2,83.4,92,73,1022.3,1025.4,1019.6,0,2.7,SSW,27.4,0.7,32.8,23.1,20
21-Dec-19,15.5,19.1,11.8,76.7,91,60,1016.7,1019.8,1013.1,0,2.2,SW,24.1,0.8,39.3,22.5,12.5
22-Dec-19,16.7,18.7,11.7,73,87,62,1006.9,1013.3,999.1,9.2,8.1,SSW,53.1,0.2,7.3,9,55.3
23-Dec-19,13.8,15.9,11.2,73.5,84,66,997.7,999.8,994.9,1.4,2.2,W,27.4,0.5,17.5,21.3,24.1
24-Dec-19,12.1,14.8,8.7,58.2,76,48,1004.7,1009.2,998.9,0,3,W,29,0.6,26.3,21.5,13.9
25-Dec-19,10.9,13.9,8.8,51.8,67,40,1009.2,1011,1008.1,0,3.6,W,40.2,0.3,14,18.2,26.3
26-Dec-19,10.3,12.6,7.6,63.9,78,52,1014.5,1018.5,1011.2,0,5,NE,40.2,0.4,14.4,18.5,30
27-Dec-19,10.1,13.6,6.1,60.3,79,44,1018.4,1019.9,1016.8,0,2.9,NE,19.3,0.7,32,28.9,12.1
28-Dec-19,8.3,11.1,5.1,60.9,82,46,1016,1017.2,1014.2,7.2,4.3,NE,27.4,0.4,20.9,25.3,24.5
29-Dec-19,6.4,7.9,4.7,73.4,82,66,1017.6,1018.9,1016.5,3.4,10.6,NNE,48.3,0.4,22.8,21.4,22.5
30-Dec-19,4,7.1,2.4,83.9,90,65,1020,1024.2,1016.6,12.4,5.1,NE,45.1,0.4,24.1,17.9,9.8
31-Dec-19,6.3,9.3,3.2,72.8,86,58,1025.2,1026.7,1023,0,2.6,W,27.4,0.5,28.2,23.2,15.6
1-Jan-20,7.3,11.5,2.1,69.5,84,53,1022.9,1025.1,1021.1,0,5,NE,35.4,1,66.5,29.7,8.5
2-Jan-20,6.9,8.4,4.4,64.1,79,53,1024.9,1026.7,1023.9,0.6,11.7,NNE,61.2,0.3,15.7,21.8,29.9
3-Jan-20,8.5,11.6,6.1,54.9,69,42,1022.7,1024.8,1020.7,0,3.5,NE,37,0.5,20,30.6,22
4-Jan-20,9.7,15.8,4.5,59.2,80,29,1018.4,1020.7,1015.1,0,1.4,ENE,11.3,0.9,78.7,48.6,5.2
5-Jan-20,8.6,12.6,6.3,71.7,83,55,1010.9,1015.1,1008.7,1.2,4.8,NNE,46.7,0.6,38,29.5,10.8
6-Jan-20,5.7,6.8,4.8,78.5,84,72,1012.6,1016,1009.5,6,12,NE,49.9,0.2,13,15.5,28.7
7-Jan-20,5.7,7.8,3.4,71.3,84,60,1019.8,1022.9,1016,0.2,5.3,NE,33.8,0.3,14.3,23.2,22.8
8-Jan-20,6.9,8.9,5,55.7,69,48,1025.4,1027.4,1022.8,0,6.5,NNE,40.2,0.4,18.7,28.8,22.5
9-Jan-20,7.1,10.7,3.7,61.5,77,52,1026.1,1027.7,1024.9,0,2.3,NE,29,0.6,34,34.6,17.8
10-Jan-20,7.8,14.6,2.2,62.6,81,32,1024,1025.2,1022.5,0,1.1,ENE,12.9,1.6,123.2,47.8,5.6
11-Jan-20,9.1,14.7,3.7,74.4,87,46,1023.3,1024.6,1021.7,0,1,N,11.3,1.7,139.9,41.4,6.9
12-Jan-20,10,14.9,5.3,71.6,84,49,1025,1026.9,1023.1,0,1.6,NNE,22.5,1,64.3,32.6,7.6
13-Jan-20,10.1,13.9,6.9,72.9,87,56,1026.4,1027.6,1025.2,0,2.3,NE,24.1,0.8,48.2,30.9,5.4
14-Jan-20,9.6,14.7,5.1,74,88,58,1026,1027.2,1024.9,0,1.3,NNE,12.9,1.1,86.5,30.4,6.1
15-Jan-20,9.9,13.6,7.2,74.7,85,62,1026.5,1027.8,1025.2,0,3.6,NE,37,0.7,48,29.4,5
16-Jan-20,10.6,14.2,7.2,63.7,79,53,1023.3,1025.4,1021.7,0,3.5,SSW,25.7,0.5,24,32.1,13.2
17-Jan-20,9.8,11.5,8,62.4,80,53,1024.1,1025.8,1022.2,0.2,7.3,NE,45.1,0.5,16.4,25.3,23.5
18-Jan-20,8.8,9.9,7.7,71.9,80,66,1023.7,1025.5,1022.3,0.4,4.2,NE,19.3,0.4,18.5,24.2,18.2
19-Jan-20,8.4,10.6,6.4,73.2,81,64,1024.2,1029.9,1021.4,0.2,4,NE,25.7,0.4,14.6,22.4,22.1
20-Jan-20,8.3,10.1,7.4,69,77,59,1035.8,1039.8,1030.1,0,6.4,NE,29,0.4,19.8,25.3,19.2
21-Jan-20,7.3,9.5,3.3,65.3,74,60,1037.6,1039.5,1034,0,4.7,NE,29,0.5,18.6,24.3,20.6
22-Jan-20,8,14.8,2.2,60.6,79,32,1029.3,1034,1024.1,0,1.2,E,14.5,1.2,93.1,44.5,7.2
23-Jan-20,8.9,16.8,3.3,64.6,86,30,1026.6,1033,1022.1,0,6.6,NE,43.5,1.3,111,34.5,9.6
24-Jan-20,8.4,12.7,5.2,64.7,82,47,1032.2,1034.5,1029.3,0,2,NNE,16.1,0.8,47.7,33.5,18
25-Jan-20,9.4,14.2,3.7,79,87,66,1027.6,1029.4,1026,0,2.1,SSW,19.3,1.2,100.3,32.3,10.3
26-Jan-20,11.3,14.2,7.4,83.8,89,75,1024.9,1027,1021.7,0,1.1,NNE,9.7,1.4,101.5,28.8,5.3
27-Jan-20,12,15.7,8.1,86.6,91,79,1018.3,1021.8,1015.8,7.6,1.8,SW,19.3,0.7,36.4,26.2,8.2
28-Jan-20,12.1,17.1,6.8,70.3,91,49,1016.6,1018.2,1015.5,0,3.3,W,27.4,0.6,41.1,28.9,12.8
29-Jan-20,14.4,18.2,10.3,67.8,82,52,1014,1015.8,1012.4,0,3,SW,22.5,0.4,14.1,26,22.1
30-Jan-20,14.1,18.4,10.4,58.7,78,37,1016.8,1021.8,1013.1,0,5.2,W,24.1,0.4,11.5,22.3,22.8
31-Jan-20,11.6,15.3,6.8,63.2,77,55,1020.5,1022.9,1017.6,0,2.9,NNE,27.4,0.6,33.5,24.5,32
1-Feb-20,12.3,18.4,7.5,72,85,50,1018.9,1020.2,1017.6,0,1.8,SSW,16.1,1,63.4,34.6,12.8
2-Feb-20,12.5,17.2,7.9,79.4,89,63,1019.4,1020.6,1018.1,0,1.7,SSW,16.1,0.8,47.2,28.3,13.6
3-Feb-20,13.3,17.3,8.2,76.7,91,61,1016.9,1019.9,1014.5,0,3.1,SW,29,0.6,35.3,23.8,12
4-Feb-20,13.6,17.4,9,76.8,87,60,1009.1,1015.5,999.5,0,2.5,SSW,19.3,0.7,44.7,25.5,13.1
5-Feb-20,11.8,15.2,6.5,70.3,85,53,994.8,1000.6,989,3.6,5.7,W,38.6,0.3,10.4,16.5,30.3
6-Feb-20,6.5,8.2,5.3,69.8,81,61,1010.3,1018.8,1000.9,0.6,5.5,NE,32.2,0.4,15.2,19.6,22.1
7-Feb-20,6.5,9.1,4.2,54.2,75,42,1020.8,1023.8,1018.1,0,4.7,W,32.2,0.4,13.3,23.8,34.2
8-Feb-20,6.1,7.5,4.3,65.1,76,54,1029.3,1032.3,1024.1,0,5.6,NE,29,0.5,19.4,29.8,21
9-Feb-20,7.1,11.7,1.8,66.9,83,50,1032.9,1034.7,1031.2,0,1.8,NNE,16.1,0.8,48,34.6,17.6
10-Feb-20,10.9,16.6,4,68.2,88,45,1024.3,1031.3,1017.6,0,4.7,W,38.6,0.8,73.8,27.2,15.7
11-Feb-20,14.6,18.5,10.8,69.5,83,56,1014.4,1017.7,1012.5,0,4.3,SW,29,0.3,11.8,22.3,29.8
12-Feb-20,14.7,19.9,10.2,73.8,86,57,1015.2,1019.6,1012.6,0,3.4,NNE,22.5,0.8,40.6,30.9,8.5
13-Feb-20,13,17.1,9.7,69.6,84,51,1024.2,1026.1,1019.5,0,4.1,NNE,24.1,0.7,24.4,28.3,10
14-Feb-20,12.4,14.4,9.2,78,89,68,1019.3,1024.8,1012.8,0,3.8,SSW,25.7,0.7,48.7,24.1,15.4
15-Feb-20,12,14.1,10.7,75.3,89,65,1018.8,1025.7,1012.5,1,7.2,NNE,43.5,0.5,19.7,22,9.5
16-Feb-20,11.3,14.4,9.5,59.7,71,48,1028,1029.5,1025.6,0,9.7,NE,37,0.4,12,20.7,16.2
17-Feb-20,11.6,16.3,6.8,59.4,74,43,1025.4,1028.6,1022.4,0,4.5,NE,37,0.6,25.7,28.1,20.5
18-Feb-20,10.6,16.4,4.8,64.4,81,38,1020.1,1022.3,1018.2,0,1.7,SSW,17.7,0.9,57.5,32.3,19.4
19-Feb-20,11.8,15.7,6.3,75.5,86,62,1017.6,1019.9,1014.4,0,2.2,SSW,17.7,0.9,56.8,29.7,23
20-Feb-20,12.1,16.8,8.6,74.3,88,48,1012.3,1014.8,1009.5,2.4,3.5,W,27.4,0.5,17.7,28.3,20.6
21-Feb-20,9.3,11.5,6.8,69.3,81,61,1019.5,1022.4,1014.8,0,4.2,W,32.2,0.4,12.8,22.2,27.6
22-Feb-20,7.8,10.2,5.6,72.9,79,62,1024,1026.9,1021.1,0.2,6.3,NE,37,0.6,29.8,30,19
23-Feb-20,9.4,13.3,6.4,64.8,79,47,1024.5,1026.5,1021.5,0.2,5.3,NNE,32.2,0.4,23.2,26.4,25.5
24-Feb-20,11.3,17.1,5.1,67.4,83,45,1017.6,1021.5,1015.1,0,2.1,SSW,19.3,1.2,87.3,33,14
25-Feb-20,14.4,18.3,11.1,67.7,86,47,1018.1,1020.6,1014.2,0,3.7,SSW,20.9,0.5,25.2,30.5,22
26-Feb-20,14.4,18.7,8.8,75,92,51,1010.7,1014.2,1008.6,0,3.2,SSW,24.1,0.5,19.6,28.5,25
27-Feb-20,14.7,19.7,9.2,61.6,86,37,1009.8,1014.5,1007.5,0,9.7,SSW,40.2,0.2,6.5,12,46.7
28-Feb-20,12.2,15.5,7.1,55.5,79,35,1012.6,1015.3,1010,4,3.9,SW,27.4,0.3,15.3,22.7,41.8
29-Feb-20,10.1,13.5,7.5,46.3,64,35,1018.3,1022.2,1011.9,0,6.4,NNE,38.6,0.4,12.6,21.4,37.1
1-Mar-20,11.1,15.8,5.3,62.3,77,44,1019.6,1021.9,1017.8,0,2.3,SSW,19.3,0.6,39.1,31,28.7
2-Mar-20,13.4,16.4,9.8,69.7,82,57,1016.8,1018.1,1015.8,0,2.2,SSW,19.3,0.5,25,29.6,27.6
3-Mar-20,16.1,19.6,10.3,67,85,49,1014,1016.8,1010.4,0,8.5,S,40.2,0.4,22.9,19.1,39.1
4-Mar-20,15.2,17.3,10.7,67.6,80,54,1007.1,1010.2,1005.7,0,7.4,S,40.2,0.3,9.5,18.7,41.8
5-Mar-20,13.5,18.8,8.6,62.3,81,41,1007.2,1010.1,1005.4,0,2.1,NE,22.5,0.5,23.2,28,21.5
6-Mar-20,13.3,16.9,8.3,68.5,84,50,1011.6,1012.9,1010,0,3.3,SSW,24.1,0.6,31.8,26.3,24.6
7-Mar-20,15.1,18.3,10.1,71,81,54,1013,1014.2,1012,0,6.9,SSW,46.7,0.4,19.8,24.1,31.5
8-Mar-20,17,18.8,14.1,70.8,79,65,1013.8,1015.3,1012.1,0,7.6,S,37,0.3,9.1,15.4,40.3
9-Mar-20,11.2,14.1,9.4,82.1,89,74,1008.4,1012.5,1006.1,23,1.8,WNW,19.3,0.3,12.3,25,24.8
10-Mar-20,12.9,16.7,8.8,65.8,86,47,1012,1015.6,1007.4,0.2,3.1,SW,24.1,0.4,15.6,26.1,31.5
11-Mar-20,12.6,18,9.2,70.5,82,53,1017.7,1019.7,1015.3,0,2.6,NE,24.1,0.9,43.2,31.4,13.4
12-Mar-20,14.4,19.1,7.8,59.2,85,42,1017.7,1019.9,1014.6,0,5.8,NE,35.4,0.7,28.1,27.8,10.7
13-Mar-20,18.1,23.6,12.1,50.1,75,32,1011.5,1014.4,1009.1,0,3.1,NE,30.6,0.8,36.3,27.3,8.5
14-Mar-20,16.7,23.7,10.6,63.4,82,37,1012.9,1014.7,1011.7,0,2.1,SSW,16.1,0.7,40.8,27,6.8
15-Mar-20,13.7,19.4,9.4,72.9,84,59,1015,1020.8,1011.2,2,11.6,NE,49.9,0.3,13.5,16.8,8.5
16-Mar-20,9,11,7.9,60.8,78,47,1026.9,1030.1,1020.7,0,16.7,NNE,53.1,0.2,9.6,13.4,29.9
17-Mar-20,10.2,15.4,5.6,50.8,63,36,1028.2,1031.2,1025.2,0,6.6,NE,33.8,0.3,11.8,18.5,41.5
18-Mar-20,11,17.2,4.5,54.4,65,35,1024.4,1026.9,1022.2,0,5.4,NE,37,0.4,22.9,23,27.8
19-Mar-20,11.4,15.1,6.8,46.2,65,29,1025,1027.1,1022.9,0,8.1,NE,33.8,0.2,7.1,15.9,50
20-Mar-20,13,18.8,5.4,48.1,66,35,1021.1,1022.8,1019.8,0,5.2,NE,40.2,0.5,27.2,29.8,19
21-Mar-20,14.8,20.2,8.4,55.1,75,38,1016.9,1019.8,1014.8,0,2.2,SSW,19.3,0.4,17.4,27.8,44.4
22-Mar-20,13.9,16.4,10.3,75.6,85,57,1013.7,1014.8,1012.5,0,2.8,SSW,25.7,0.2,6.2,17.3,53.1
23-Mar-20,14.1,17.6,11.5,79,89,61,1012.3,1013.1,1011.3,5,1.9,NNE,14.5,0.3,8.5,19.2,28.5
24-Mar-20,13.7,18.6,10.6,69.3,87,49,1014,1016.7,1012.2,1.4,2.8,W,16.1,0.2,7.3,12.4,27.5
25-Mar-20,11.5,13.7,10.4,74.1,84,63,1016.2,1018.7,1013.6,1.8,13.9,NE,45.1,0.1,4.5,4.9,40.5
26-Mar-20,11.6,12.4,10.6,83.9,86,81,1012.3,1013.5,1011.3,2.8,10.4,NE,35.4,0.2,7.3,8.1,27.8
27-Mar-20,11,11.9,9.6,85.1,91,79,1011.9,1014.4,1010,11.8,5.9,NE,35.4,0.2,6.4,11.7,30.1
28-Mar-20,12,16.4,6.9,74.5,88,49,1012.8,1014.4,1011.4,0.2,2.5,SW,22.5,0.2,8.3,12.3,38.4
29-Mar-20,12.6,16.6,9,75,90,59,1011.4,1013.1,1010,0,1.9,SSW,20.9,0.2,6.7,13.7,34.8
30-Mar-20,13.6,19,7.7,65.2,89,40,1011.2,1012.7,1009.7,0,2.4,ENE,25.7,0.4,20.8,16.8,22.4
31-Mar-20,15.4,20.8,10.1,55.4,71,36,1011.5,1014.1,1009.9,0,6.5,NNE,33.8,0.2,7.4,14,43.9
1-Apr-20,13.5,16.4,10.6,70,78,61,1011.4,1013.8,1008,0,4.6,NNE,24.1,0.2,5.4,11.6,56.7
2-Apr-20,12.3,16.3,9.1,52,62,40,1011.4,1015,1008,0,5.2,NNE,29,0.2,5,9.6,59.4
3-Apr-20,11.2,12.8,9.8,70.8,78,62,1015.2,1016.9,1012.1,0.4,4.2,NNE,22.5,0.2,5.8,13,49.5
4-Apr-20,11.8,14.7,9.6,82.4,88,77,1007.9,1013.2,1004.3,8,8.6,NE,41.8,0.2,5.2,9,44.3
5-Apr-20,12,15.1,10,77.1,84,70,1010.2,1017.2,1004.4,7.8,4.7,NNE,37,0.1,4.6,6.5,45.5
6-Apr-20,10.5,11.6,9.4,69.9,77,65,1020.8,1022.9,1017.1,0.2,7.3,NNE,37,0.2,6.2,12.1,57.2
7-Apr-20,11,13.6,8.6,58,77,42,1022.4,1023.6,1021.5,0.4,12.7,NNE,70.8,0.2,6.9,11,53
8-Apr-20,13.4,16.3,10.5,44,54,36,1020.3,1021.9,1018,0,11.4,NE,46.7,0.2,5.3,9.2,62.9
9-Apr-20,14.8,19,10.8,38,54,25,1017.6,1018.5,1016.7,0,6.5,NE,38.6,0.2,5.6,14,63.1
10-Apr-20,16.8,22.6,9.4,39,57,27,1017,1018,1015.7,0,4.9,NE,38.6,0.3,10.5,23.2,33.4
11-Apr-20,17.7,24.4,9.3,45.7,67,26,1018.6,1019.9,1017.5,0,2.6,SSW,20.9,0.3,13.7,25.1,31.1
12-Apr-20,18.3,23.9,11.2,44.5,70,26,1020.5,1021.7,1019.6,0,5.5,NE,25.7,0.3,7.7,17.3,24
13-Apr-20,17,22.3,11.3,51.8,66,35,1019.5,1021,1017.1,0,2.6,SSW,19.3,0.3,14,23.5,49.8
14-Apr-20,17.4,22.8,11,53.3,72,31,1014.4,1017,1010.3,0,5.5,S,30.6,0.2,13.3,18.8,60
15-Apr-20,15.4,20,11.7,57.6,66,48,1013.5,1021.1,1007.5,0,6.3,NE,45.1,0.2,9,15.4,46
16-Apr-20,14.4,18.6,10.7,47.7,64,35,1021.6,1024.1,1019.3,0,6.7,NE,41.8,0.2,5.8,10.3,53
17-Apr-20,14.8,20.6,8.7,56.3,77,35,1016.8,1019.3,1015.2,0,2.9,SSW,20.9,0.2,7.4,15.7,52.3
18-Apr-20,16.5,21.7,10.4,65.7,79,48,1015.8,1016.9,1014.7,0,2.4,SW,19.3,0.2,8.8,16.5,35.3
19-Apr-20,17.6,23.4,12.2,62.7,81,42,1014,1016,1011.5,0,2.3,SW,19.3,0.2,5.6,11.2,38.2
20-Apr-20,17.7,22.1,13.4,75.7,85,56,1011.1,1013,1008.8,0,3,SW,27.4,0.1,5,9,43
21-Apr-20,15.8,19.1,12.3,70.8,85,63,1012.1,1014,1010.5,0.8,10.8,NE,43.5,0.2,5.3,8,26
22-Apr-20,12.9,16.3,11,62.3,80,49,1016.4,1018.6,1013.5,1,10.6,NE,46.7,0.2,5.5,7,41.2
23-Apr-20,13.5,17.1,11.2,49.7,67,37,1016.2,1017.6,1014.1,0,6.2,NE,35.4,0.2,5.6,9,54.1
24-Apr-20,15.3,20.4,10.5,40.9,59,24,1012.2,1014.1,1010.5,0,3.6,W,19.3,0.2,5.1,10.3,53.1
25-Apr-20,15.9,21.3,8.5,52.8,70,33,1010.1,1011.4,1008.8,0,3.1,SSW,29,0.2,8.4,17.2,38.5
26-Apr-20,16.8,22,11.9,61.2,73,42,1009.5,1010.4,1008.7,0,3.3,SSW,20.9,0.1,4.9,11.2,47.7
27-Apr-20,17.9,22.7,12.5,63.2,77,46,1012.2,1014.7,1009.9,0,2.9,SW,22.5,0.2,14.5,17,27.9
28-Apr-20,18.4,23.6,13.5,60.1,76,42,1014.4,1015.2,1013.7,0,2.7,SSW,20.9,0.2,11.1,19.5,24
29-Apr-20,19.2,24.3,13.6,59.4,77,39,1011.9,1013.6,1010,0,3.8,SSW,25.7,0.2,8.6,17.4,27.8
30-Apr-20,20.5,25.7,16.1,54.8,69,34,1009.5,1011.4,1007.8,0,4.4,SSW,27.4,0.1,5.3,9.6,23
1-May-20,20,24.6,15.4,55.4,70,41,1010.6,1012.1,1009.2,0,4.3,SSW,24.1,0.1,5.5,10.3,28.5
2-May-20,20.2,25.9,15.8,54.3,71,34,1007.6,1010,1004.8,0,4.5,SSW,30.6,0.1,5.9,10.2,34.3
3-May-20,20.7,25.6,17.2,56,72,34,1006.1,1008.6,1004.4,0,5.3,SSW,29,0.1,4.7,5.8,26.3
4-May-20,18.4,22.2,14.9,48.9,80,34,1010.8,1014.2,1008.2,2.4,4.6,NE,38.6,0.3,7.3,12.1,27.5
5-May-20,19.1,24.2,14.3,48.1,65,32,1015.2,1016.7,1013.9,0,4.7,SSW,27.4,0.2,6.8,12.7,45
6-May-20,20.8,25.6,15.7,48.7,65,29,1011,1013.8,1008.8,0,4.5,SSW,30.6,0.3,8.4,16.8,33.6
7-May-20,17.5,19.9,13.5,48.4,60,35,1013.7,1017.6,1009.1,0,6.3,NE,33.8,0.2,7,13.3,30.7
8-May-20,19,24.8,13.9,49.4,73,26,1018.5,1019.9,1017.2,0,4.3,NE,29,0.3,7.2,15.1,32.8
9-May-20,19.1,24.4,13.4,48.2,70,33,1017.3,1019,1015.3,0,3,SW,22.5,0.3,8.8,20,39.1
10-May-20,20,24.4,14.3,57.8,73,44,1015.7,1016.7,1014.7,0,2.1,SW,19.3,0.3,7.8,21,23.1
11-May-20,21.3,25.1,17.5,60.2,82,38,1014.5,1015.7,1012.5,0,3.8,SSW,29,0.3,7.8,13.8,13.5
12-May-20,23.2,27.8,19.1,52.3,64,45,1012,1014,1011.1,0,3.4,SW,20.9,0.3,9,13.9,4.2
13-May-20,23,29.3,16.2,55.2,73,33,1016.7,1018.5,1013.8,0,2.4,SW,20.9,0.5,23.8,19.9,6.2
14-May-20,23.7,29.3,17.6,52.3,73,35,1016.6,1017.7,1015.5,0,2.2,W,20.9,0.6,19.9,26.3,4.9
15-May-20,26,32.6,19.1,45.8,67,31,1015.1,1016.2,1013.8,0,2.1,SW,16.1,0.8,34.2,24,3.1
16-May-20,27.8,35.4,19.9,43.1,65,24,1016.1,1017.5,1014.7,0,2.1,SW,14.5,0.8,33.7,19.5,3
17-May-20,28.4,35.8,21.4,45.1,69,22,1016.3,1017.4,1014.5,0,1.7,SW,16.1,0.5,13.4,16.2,3.2
18-May-20,27.6,32.7,21.3,53.9,72,38,1015.7,1016.7,1014.3,0,2.7,SW,19.3,0.5,17.6,19.3,3.2
19-May-20,27,32.7,22.8,56.6,77,39,1013.9,1016.1,1010.9,0,2.5,SSW,19.3,0.4,11.4,17,3.4
20-May-20,25.1,28.9,20.9,64.5,87,44,1007.2,1010.9,1004.8,0,3.3,SW,29,0.3,10.4,11.1,0
21-May-20,23.1,27,19.7,56.6,73,45,1006.5,1011.1,1004.7,0.2,5.4,W,25.7,0.2,5.6,8,0
22-May-20,18.9,22.4,16.3,56,76,44,1018.5,1023,1011.2,0,11.3,NE,43.5,0.3,6.1,7.8,6.6
23-May-20,20.5,26.2,15.3,43.5,58,30,1022.6,1024.7,1021.3,0,4.9,NNE,37,0.3,7.4,14.6,24.4
24-May-20,20.1,23.2,15.5,47.5,67,36,1022.2,1024.3,1018.9,0,3.4,SSW,25.7,0.2,6,14.3,49.6
25-May-20,21.2,25.1,16.4,59.3,85,47,1018.8,1019.8,1017.3,5.6,6.3,NE,29,0.4,7,13.8,8
26-May-20,16.8,21.5,13,70.5,86,52,1017.6,1018.4,1016.5,6.8,4.3,NE,33.8,0.3,7.1,11.4,17.3
27-May-20,15.8,18.6,12.9,66.3,81,51,1018.6,1021.3,1016.4,0,3.9,W,30.6,0.3,7.4,14.5,26.8
28-May-20,16.6,21.4,13.7,68.7,86,51,1018,1019.5,1016.3,17.2,2,NE,22.5,0.4,11.5,19.2,23.8
29-May-20,17.7,22.7,12.4,68.6,87,49,1016.6,1017.1,1015.7,0,2.3,NNE,22.5,0.5,17.8,22.3,13.9
30-May-20,19,22.3,13.5,63.9,85,46,1015.7,1016.4,1014.7,0,3.9,SSW,27.4,0.5,17.3,18.8,31.5
31-May-20,19.3,22.9,16,64.5,78,40,1013.2,1014.8,1011.4,0,3,SSW,22.5,0.3,9.5,17.7,32.3
1-Jun-20,18.7,23.6,14.8,68,80,48,1010.5,1011.6,1009.4,0.4,2.9,NNE,33.8,0.4,9.7,18.2,16.7
2-Jun-20,19.5,23.3,14.3,66.6,85,49,1009.3,1010.2,1008.4,0,4,SSW,24.1,0.3,9.9,16.2,21.5
3-Jun-20,20.3,24.8,16.7,69.6,87,47,1009.2,1011,1007.8,11,2.5,SSW,29,0.3,9.7,13.9,15.4
4-Jun-20,21,25.2,15.8,64.4,89,44,1012.6,1014.7,1010.5,0,4,SSW,27.4,0.4,19.3,15.4,12.1
5-Jun-20,21.6,25.3,16.2,62.4,78,38,1012.3,1014.6,1007.9,0,5.7,SSW,37,0.4,12.4,16.8,15.6
6-Jun-20,23,26.2,19.6,64.9,76,56,1007.3,1008.3,1006,0,5,SSW,30.6,0.3,7.7,11.8,15.8
7-Jun-20,23.1,26.6,19.3,60.9,77,48,1009.4,1010.5,1007.7,0,3.7,SSW,24.1,0.2,6.8,12,14.6
8-Jun-20,24.3,28.4,19.1,61,76,45,1009.2,1009.9,1008.3,0,2.8,SW,20.9,0.3,9,13.1,9.9
9-Jun-20,24.2,27.7,20.6,65.7,82,43,1008,1009.2,1007.2,0,3.6,SSW,29,0.4,12,11.8,5.9
10-Jun-20,25.2,29.5,20.9,55.4,76,39,1008.8,1009.8,1007.8,0,4,SSW,29,0.3,10.9,12.3,5.5
11-Jun-20,25.1,29.3,20.9,44.9,67,32,1008.8,1009.7,1007.2,0,5.6,W,40.2,0.2,6.8,10.6,7.8
12-Jun-20,24.8,29.8,20.2,46.7,61,31,1008.4,1009.6,1006.6,0,4.4,W,25.7,0.3,6.4,12.7,13.4
13-Jun-20,24.5,28.2,21.2,52.5,64,39,1007.9,1008.6,1006.9,0,4.5,SSW,24.1,0.2,6.8,14.3,22.4
14-Jun-20,26.3,32.2,20.7,49.9,69,30,1007.4,1008.6,1006.5,0,5.9,SSW,35.4,0.2,7,13.4,17.8
15-Jun-20,26.7,32.6,21.4,47.1,61,29,1008.4,1009.4,1007.4,0,4.1,SSW,33.8,0.3,7.8,14,11.8
16-Jun-20,25.2,30,20.3,51.6,70,33,1007.4,1008.1,1006.3,0,4.4,SSW,27.4,0.3,7.9,13.1,16.6
17-Jun-20,26.1,30.9,21.8,49,63,35,1007.8,1010,1006.7,0,4.8,W,29,0.2,6.2,9.8,13.3
18-Jun-20,27.2,32.2,21.3,47.6,65,32,1009.7,1011,1008.2,0,4.2,W,29,0.2,6.3,8.7,8.3
19-Jun-20,28,33.3,23.2,44.2,61,26,1011.3,1012.1,1009.8,0,4.9,W,29,0.2,6.5,10.2,4.9
20-Jun-20,26.9,31.8,23.4,49,61,32,1009,1011.8,1005.7,0,2.8,SW,24.1,0.3,9.6,16.8,5.9
21-Jun-20,26.1,30.9,22.2,53.6,69,39,1005.1,1006.8,1003.9,0,3.5,W,22.5,0.3,11,16,6.9
22-Jun-20,23,28.1,18.9,67.5,87,49,1007.8,1009.2,1006.2,5.2,3,W,25.7,0.2,7,10.1,12.8
23-Jun-20,23.5,27.4,19.3,66.3,82,52,1010.6,1013,1008.5,0.2,3.7,SSW,22.5,0.3,10.8,12.8,14.6
24-Jun-20,24.5,27.3,21.1,68.8,80,58,1015.7,1017.9,1012.4,0,2.4,SW,16.1,0.3,9.5,10.6,9.5
25-Jun-20,26.5,30.4,21.4,55.2,77,43,1016.8,1017.9,1015.5,0,5.8,NE,30.6,0.3,8.5,9,5
26-Jun-20,26.9,30.2,23.2,55.1,64,45,1015.5,1016.4,1014.5,0,7.1,NE,38.6,0.3,6.3,6.7,4.4
27-Jun-20,27.3,31.1,24.2,43.8,63,33,1013.8,1014.8,1012.6,0,7.8,NE,37,0.3,6.3,7,4.8
28-Jun-20,28.1,33.2,23,36.6,50,26,1012.2,1013.1,1011.1,0,5.8,NE,33.8,0.2,6,9.8,8.5
29-Jun-20,27.9,34.1,21.5,44.8,57,33,1009.8,1011.4,1008.1,0,3.6,NE,32.2,0.4,12.6,15.7,4
30-Jun-20,29.5,35.1,22.9,48.1,61,35,1009.2,1010.5,1008.2,0,2.6,SW,22.5,0.5,16.7,16.3,3.4
1-Jul-20,31.3,36.1,24.8,42.5,57,34,1009.7,1010.8,1008.3,0,6.5,NE,30.6,0.4,18.9,15.6,4
2-Jul-20,31.1,35.4,26.4,41,53,33,1008.2,1009.6,1006.8,0,6.1,NE,30.6,0.2,7,8.1,4.2
3-Jul-20,30.2,35.2,25.4,49.9,62,40,1007.8,1009.6,1006.4,0,3.9,WSW,29,0.3,13.6,19.4,24.5
4-Jul-20,30.1,34.8,25.4,54.1,65,40,1009.4,1010.4,1008.5,0,3,W,25.7,0.3,9.8,18.8,59.4
5-Jul-20,29.4,33.3,25.8,52.7,62,39,1006.9,1008.4,1004.6,0,6.5,NE,35.4,0.2,7.2,13.7,62.3
6-Jul-20,28.2,32,24.2,55.8,65,46,1002.4,1004.5,1000.3,0,4.2,W,22.5,0.3,6.8,12.8,74.7
7-Jul-20,27.6,31,25.4,64.1,76,52,1003.4,1007.5,1000.2,0,2.8,W,19.3,0.4,7.5,17.1,59.7
8-Jul-20,27.5,31.2,25.2,55.1,72,47,1011.6,1014.5,1007.7,0,8.9,NE,38.6,0.3,6.5,9.9,18.1
9-Jul-20,26.3,30.4,23.2,48.2,68,37,1014.7,1016,1014,0,10.2,NE,37,0.3,5.6,7,9
10-Jul-20,27.2,31.3,23.5,43.6,55,32,1013.1,1014,1012.2,0,8.5,NE,41.8,0.3,5.9,8.8,15.3
11-Jul-20,28.3,33.4,23.7,39.1,56,24,1011.8,1013,1010.6,0,3.3,NE,20.9,0.3,6.7,10.7,18.3
12-Jul-20,29.1,33.5,24,42.3,56,33,1010.4,1011,1009.7,0,6.1,NE,33.8,0.3,9.2,11.5,14
13-Jul-20,27.6,31.2,23.8,49.9,64,41,1010.2,1011.7,1008.6,0,10.5,NE,38.6,0.3,6.4,9.8,10.8
14-Jul-20,25.5,28.6,22.6,43.6,65,34,1012.2,1013.9,1010.8,0,11.1,NE,45.1,0.2,5.3,6.5,7.3
15-Jul-20,26.1,30.6,22.3,47.8,69,36,1013.8,1014.7,1012.5,0,4.3,NE,24.1,0.3,6.3,10.4,19.3
16-Jul-20,26,29.3,22.6,54.7,68,46,1011,1012.7,1009.5,0,3.3,SW,20.9,0.4,11,17.7,32.9
17-Jul-20,27.5,31.1,23.4,45,57,38,1009.1,1010.4,1007.9,0,4.9,NE,24.1,0.4,7.2,13.9,13.9
18-Jul-20,27.8,32.1,23.7,48.2,71,36,1008.7,1010.3,1007.3,0,3.5,W,24.1,0.4,8.3,14.4,18.5
19-Jul-20,27.1,31.4,24.1,57.3,76,42,1009.8,1010.9,1009,0,3.4,SW,22.5,0.3,7.9,15.6,37.6
20-Jul-20,27.8,31.6,23.3,54.4,71,42,1012.2,1014.5,1010.2,0,3.5,NNE,19.3,0.4,9.5,18.7,27.7
21-Jul-20,28.5,32.4,23.5,48,67,38,1014.1,1015,1013.1,0,5.8,NE,35.4,0.4,8.5,12.2,10.3
22-Jul-20,28.9,32,25.1,43.4,54,36,1011.9,1013.8,1009.4,0,8.9,NE,45.1,0.3,5.7,7.8,8.5
23-Jul-20,29.5,33.1,26.7,38.6,48,34,1008.3,1009.4,1007.3,0,8.8,NE,41.8,0.3,5.7,10,17.5
24-Jul-20,29.7,34.2,24.2,38.3,52,28,1007.9,1008.7,1007.2,0,7,NE,38.6,0.3,5.8,11.9,19
25-Jul-20,29.9,35.3,25.1,45.5,66,31,1008,1009,1006.3,0,2.9,W,22.5,0.3,7.9,16.3,22.6
26-Jul-20,28.3,32.2,25.1,55.7,66,44,1009.7,1011.3,1008.1,0,3,SW,22.5,0.3,8,18,46
27-Jul-20,30.2,34.5,25.8,45.1,63,34,1011.4,1012.5,1010.2,0,4.5,NE,27.4,0.4,8.6,15.8,13.1
28-Jul-20,30,33.7,25.3,43.8,55,36,1011.8,1012.7,1011,0,6.5,NE,37,0.3,6.8,11.3,15.2
29-Jul-20,31.4,35.1,26.7,34.5,51,26,1012,1013.2,1010.7,0,9.3,NE,46.7,0.3,5.5,8.9,13.8
30-Jul-20,32,36,26.6,34,48,27,1013.3,1014.2,1012.5,0,8.5,NE,46.7,0.3,7.1,11.8,14.5
31-Jul-20,32.6,37.6,26.1,39.2,58,28,1010.5,1012.5,1007.9,0,5,NE,35.4,0.4,10.7,16.5,12.5
1-Aug-20,31.6,38.1,26.4,47.3,63,32,1006.6,1007.9,1004.7,1.2,3,SSW,24.1,0.6,20,22.5,14
2-Aug-20,30.4,33.9,27.6,43.6,55,31,1007.9,1010.2,1005.8,0,8.3,NE,38.6,0.2,5.5,7.9,16
3-Aug-20,29.5,33.2,26.1,40,54,29,1009.8,1011,1008.2,0,7.9,NE,35.4,0.3,5.6,10,17.1
4-Aug-20,28,30.9,25.5,50.7,64,40,1009,1010.2,1007.5,0,3.5,SW,20.9,0.4,9.5,17.8,35.8
5-Aug-20,28.4,33.2,24.7,55,65,37,1007.8,1008.7,1006.6,0,2.9,SSW,24.1,0.5,9.9,17.5,13.8
6-Aug-20,28.2,31.4,25.6,56,68,46,1008.4,1009.7,1007.3,0,4.5,NNE,24.1,0.4,7.1,11.9,13.2
7-Aug-20,26.3,30.8,23.9,68.2,85,49,1010,1010.7,1008.9,7.6,2.2,W,20.9,0.4,7.3,13.7,17.7
8-Aug-20,25.1,31.1,21.3,70.9,87,46,1008,1009.4,1005.7,7,2.1,W,30.6,0.4,8.3,13.8,14.2
9-Aug-20,25.9,29.6,20.2,63,84,52,1007.2,1008.9,1005.3,1.6,6.8,NE,37,0.4,6.4,7.3,9.8
10-Aug-20,27.9,30.9,24.2,45,59,35,1011.2,1013.2,1008.7,0,8.3,NE,40.2,0.3,6.5,8.7,7
11-Aug-20,28.6,33.6,22.4,41.8,60,32,1013,1013.8,1012,0,5.2,NE,35.4,0.4,12.7,15.4,7.7
12-Aug-20,29.7,34.4,23.3,41.3,55,33,1012.1,1013,1011,0,5.2,NE,35.4,0.5,14.9,10.5,4.4
13-Aug-20,29.5,33.7,24.6,44.1,56,36,1012.8,1013.6,1011.8,0,5.3,NE,32.2,0.4,9.8,12,7.4
14-Aug-20,29.5,33.1,25.7,42.8,54,36,1012.4,1013.2,1011,0,6.6,NE,40.2,0.3,6.5,10.3,14.7
15-Aug-20,29.8,34.1,25.2,41.3,59,31,1010.2,1012,1008.2,0,3.8,NE,24.1,0.3,5.8,11,23.6
16-Aug-20,28.7,33.2,25.8,43.2,53,32,1009.9,1012.3,1007.9,0,9,NE,40.2,0.2,5.4,9,19.9
17-Aug-20,27.4,31.6,24.1,48.7,63,39,1011.9,1013.2,1010.4,0,6.9,NE,29,0.2,5.2,6,12
18-Aug-20,26.9,30.8,23.7,57.1,78,39,1009.2,1011.1,1007.3,0,2.9,SSW,20.9,0.3,8.6,14.2,44.1
19-Aug-20,27.1,30.7,24.1,63.8,79,53,1006.1,1007.3,1005.1,0,2.6,SW,20.9,0.3,7.7,15.3,45.5
20-Aug-20,28.2,32.9,24.8,50.8,66,35,1008.7,1011.4,1005.5,0,3.4,NNE,29,0.3,8.6,16.8,15.9
21-Aug-20,28,31.7,23.9,47.9,57,40,1013.4,1015,1011.3,0,5.6,NE,32.2,0.3,5.8,11.6,21.3
22-Aug-20,29.1,33.8,23.9,41.6,57,31,1012.9,1014.6,1010.5,0,6,NE,33.8,0.3,8.2,15.4,16
23-Aug-20,29.3,34.2,23.3,42.1,53,34,1009.5,1010.6,1008.3,0,7.3,NE,35.4,0.3,7.5,13.4,14.5
24-Aug-20,29.4,33.4,25.1,46.1,56,40,1008.7,1009.6,1007.8,0,6.4,NE,30.6,0.3,6.3,12.3,18.7
25-Aug-20,29,34.2,24.2,50.3,67,34,1009.3,1010.7,1007.4,0,3.9,NE,29,0.4,11.5,16.3,26
26-Aug-20,29,33.3,25.6,51.3,68,40,1011.6,1012.9,1010.4,0,3.2,NE,27.4,0.4,6.5,12,19
27-Aug-20,28.3,32.4,23.5,52.6,70,41,1011.2,1012.4,1009.9,0,2.5,W,19.3,0.5,12.2,18,21.2
28-Aug-20,29,34.3,22.6,37.7,59,24,1009.5,1010.4,1008.3,0,5.7,NE,35.4,0.4,12.6,16.4,9.4
29-Aug-20,28.4,34.4,22.1,49,70,27,1009.9,1011.7,1008.7,0,2.2,W,17.7,0.6,17.8,23.3,16.1
30-Aug-20,27.9,33.3,22.9,56.4,73,34,1011.3,1012.3,1010.4,0,2.2,SSW,17.7,0.4,8.5,19.4,29.8
31-Aug-20,30.8,37.2,22.2,40.9,69,27,1009,1011,1007.3,0,4.5,NE,32.2,0.5,18,18.2,7
1-Sep-20,29.8,34.3,24,47.1,66,36,1005.9,1007.2,1004.7,0,2.9,SSW,22.5,0.7,27.3,24.8,27.2
2-Sep-20,29.5,33.8,25.7,56,70,39,1009.5,1012.9,1006.2,0,2.7,W,20.9,0.5,9.6,16.6,16.7
3-Sep-20,28.4,33.2,24.8,58.2,75,42,1013.6,1014.9,1012.1,0,2.6,SSW,19.3,0.5,14.6,21.6,27.7
4-Sep-20,28.6,33.3,24.7,43.7,59,31,1015.3,1017.6,1013.4,0,4.9,NE,29,0.5,16.4,18.5,11.1
5-Sep-20,25.8,29.1,23.2,51.5,64,40,1015.8,1017.7,1013.6,0,8.8,NE,33.8,0.2,5.1,6.8,12.3
6-Sep-20,26.7,31.9,21.4,43.7,60,33,1012.8,1014,1011.3,0,5.5,NE,30.6,0.3,6.8,13.4,19.6
7-Sep-20,27.7,33.4,21.7,42.6,54,34,1014,1015.8,1012.6,0,3.1,NE,30.6,0.5,11.7,20.4,14.5
8-Sep-20,28.9,33.8,22.7,40.9,55,31,1017.5,1018.8,1015.4,0,6.8,NE,33.8,0.5,18.4,19.5,7.7
9-Sep-20,28.6,31.6,27.1,42.7,48,33,1016.6,1018.6,1013.3,0,12.9,NNE,46.7,0.3,5,7,10.1
10-Sep-20,28,32.1,24.8,40.6,50,34,1011.4,1013.3,1009.8,0,9.2,NE,41.8,0.3,5.5,8.6,12.2
11-Sep-20,26.9,31.7,22.6,48.3,61,39,1009.9,1011.4,1009,0,4.9,NE,32.2,0.4,8.5,14,18.9
12-Sep-20,26.6,30.8,23.7,52.8,61,44,1013,1015.1,1011,0,3.1,NE,27.4,0.3,7.3,14.1,30.3
13-Sep-20,27.1,31.3,23.6,53.2,61,44,1017,1019.1,1014.2,0,7.1,NE,35.4,0.3,5.5,9.8,25.4
14-Sep-20,27.1,30.1,24.4,42.7,57,34,1018.6,1019.9,1017.4,0,10.6,NE,43.5,0.3,5,6.9,10.6
15-Sep-20,27,30.9,23.8,46.5,53,39,1016.8,1017.9,1015.8,0,5.9,NE,35.4,0.4,6.2,9.3,12.3
16-Sep-20,26.4,30.6,22.8,50.9,58,41,1014.8,1016.4,1013.4,0,5.1,NE,29,0.4,8.6,11.8,15
17-Sep-20,25.7,29.1,22.8,62.6,79,51,1012.5,1013.5,1011.2,0,3.9,SSW,24.1,0.5,11.4,15.3,24.9
18-Sep-20,25.8,28.4,24.2,71.7,82,61,1010,1011.3,1008.6,0,8.3,S,37,0.4,8.4,12.2,29.1
19-Sep-20,22.8,24.3,20.9,69.9,87,54,1013.7,1015.5,1010.3,4.4,13,NE,43.5,0.4,10.9,13,20
20-Sep-20,21.9,25.3,19.8,53.9,65,45,1015.3,1016.6,1014.4,0,8.6,NE,37,0.3,8.9,12.5,36.1
21-Sep-20,22.7,27.5,19.1,59.2,67,44,1016.7,1017.9,1015.6,0,3.5,NE,27.4,0.4,8.8,13.6,22.6
22-Sep-20,23.7,29.2,19.2,61.8,78,41,1017.5,1018.7,1016.4,0,2,WSW,20.9,0.4,8.8,16.9,25.3
23-Sep-20,24,28.4,19.8,70.6,80,55,1015.5,1017.2,1013.4,0,2.2,SSW,20.9,0.6,18.4,19.8,24.2
24-Sep-20,25.3,30.4,21.2,65.8,85,45,1012.2,1013.9,1010.8,0.6,2.7,WSW,25.7,0.5,13.9,16,14.5
25-Sep-20,25,29.5,20.8,60.3,76,43,1010,1011.9,1006.4,0,3.1,SSW,24.1,0.5,15.8,19.3,25.1
26-Sep-20,24.6,29.1,21.3,65.9,83,51,1003.3,1008.1,999.7,0,7.2,W,41.8,0.5,11.9,16.3,29
27-Sep-20,23.1,26.4,19.1,57.2,71,38,1013,1016.1,1008,0,3.4,SSW,24.1,0.3,7.4,13,55
28-Sep-20,24.1,26.7,20.9,74.7,82,66,1015,1016.9,1013.1,0,4.5,SSW,33.8,0.5,13.7,17.4,20.5
29-Sep-20,24.5,28.4,21,53.2,73,35,1013.3,1014.6,1012.2,0,4.9,W,30.6,0.4,8,11.7,21.2
30-Sep-20,22.5,26.7,19.3,48.6,67,32,1011.1,1012.8,1009.6,0,3.2,W,24.1,0.4,8.3,15.1,31.7
1-Oct-20,21.7,26.4,17.3,57.8,71,32,1010.4,1011.9,1009.2,0,2.9,SSW,24.1,0.5,10.9,17.8,36.4
2-Oct-20,22.1,26.1,17.1,65.6,77,48,1013.7,1015.6,1011.3,0,1.9,SSW,19.3,0.7,24.9,22.9,28.4
3-Oct-20,23.6,27.9,19.9,66.8,82,45,1016.3,1017.4,1015.1,0,1.9,SW,19.3,0.6,13.3,20,27.9
4-Oct-20,23.7,27.5,19.6,75.9,85,64,1016.6,1017.3,1015.6,0,1.8,SW,17.7,0.6,15.5,17.7,22.6
5-Oct-20,24.5,30.6,20.9,80.7,89,57,1016.1,1017.6,1014.9,0,1.3,WNW,17.7,0.7,15.2,15.5,9.8
6-Oct-20,25.5,29.9,22.3,77.2,91,54,1015,1015.9,1014.2,0,1.5,SSW,16.1,0.8,19,16.9,7.8
7-Oct-20,25.7,31.2,21.8,68.3,85,41,1013.1,1015.4,1010.1,0.2,1.4,SSW,20.9,0.9,26,18.9,8.1
8-Oct-20,23.3,26.8,19.2,53.9,77,36,1011.4,1014.9,1009.3,0,3.3,W,30.6,0.4,8.8,14.4,15.3
9-Oct-20,21.3,25.6,17.7,53.5,67,37,1016.7,1018.4,1014.7,0,2.3,W,17.7,0.5,11.6,17.6,25.5
10-Oct-20,21.3,25.7,16.9,61.2,76,45,1017.8,1019.3,1016.4,0,2.1,SSW,17.7,0.6,18.3,21.7,36.4
11-Oct-20,21.8,26,17.3,69,80,51,1014.9,1016.4,1013.7,0,2,SW,19.3,0.6,15.6,20,35.5
12-Oct-20,22.4,25.6,18,72.8,82,53,1011.6,1013.7,1007.9,0,5.5,S,32.2,0.6,18.5,15.2,12.4
13-Oct-20,21.9,25.4,18,63.5,89,45,1009.5,1013.5,1004.8,13.6,4.9,SW,30.6,0.3,7.8,12.4,27
14-Oct-20,20.8,24.8,16.7,60.9,75,42,1016.3,1018.4,1013.4,0,2.1,SSW,19.3,0.5,14.3,18.7,30
15-Oct-20,20.1,24.8,15.3,66.8,80,50,1017.8,1019.5,1016.5,0,2,SSW,17.7,0.8,26.6,20,21.2
16-Oct-20,22.1,25.2,17.3,75.6,85,62,1013.9,1016.5,1010.9,0,4,SSW,32.2,0.6,18.7,16.7,25.9
17-Oct-20,22.2,26.2,19.1,67.3,89,49,1012.5,1014.2,1010.2,0.2,1,S,16.1,0.6,16.1,20.3,16.5
18-Oct-20,20.5,24.9,16,59,77,45,1015.1,1018.3,1013.6,0,2.4,NE,24.1,0.4,11.6,16.6,31.2
19-Oct-20,18.2,21.2,15.4,64.6,73,55,1020.8,1022.8,1018.2,0,7.3,NE,35.4,0.5,13.2,17.3,16.8
20-Oct-20,18.3,21.3,16.3,58.5,72,48,1022.2,1023,1021.4,0,8.5,NE,38.6,0.5,9.1,12.8,20
21-Oct-20,17.4,19.8,15.7,69.9,82,64,1022,1022.9,1021.2,1.4,4.8,NE,32.2,0.4,10.5,15.1,26.5
22-Oct-20,19.2,23.2,15.3,64.4,75,53,1021.6,1022.4,1020.8,0,3.7,NE,27.4,0.5,15.7,17.8,14.4
23-Oct-20,19.5,26.7,13.9,62.3,79,40,1020.1,1021.9,1018.2,0,0.9,NE,16.1,1.2,45.8,22.8,6.4
24-Oct-20,19.8,26.6,13.8,65.5,83,36,1016.6,1018.2,1014.9,0,1.3,SW,14.5,1.3,58.9,24.2,8.6
25-Oct-20,19.9,24.8,13.8,63.4,87,43,1013.1,1014.6,1011.4,0,1.9,W,20.9,0.7,22.8,17.5,18.7
26-Oct-20,18.8,23.8,13.9,61.3,78,37,1014.8,1015.5,1013.9,0,1.2,SW,17.7,0.8,29.4,24.5,19
27-Oct-20,18.4,23,13.8,70.3,82,51,1014,1015.1,1012.9,0,1.6,SSW,14.5,0.9,35.7,24.1,21.5
28-Oct-20,16.7,19.3,14.6,82.9,89,69,1010.4,1013.1,1008.5,19.8,2.9,NNE,37,0.5,14.5,18,32.6
29-Oct-20,18.2,22.8,15,74.7,88,57,1014.4,1017.4,1009.4,0,2,NE,20.9,0.7,17.8,16.3,17
30-Oct-20,18.4,23.8,13.8,67.3,89,50,1018,1020.3,1016.6,0,1.2,NE,16.1,1.3,49.3,16.9,5
31-Oct-20,17.5,21.8,13.4,55.9,72,43,1019.9,1021.8,1018.4,0,2,NNE,22.5,0.7,23.2,19.7,12
1-Nov-20,16.4,21.9,12.1,66.6,78,51,1020.4,1022.5,1018.1,0,3.9,NE,29,0.8,25.8,16.9,6.1
2-Nov-20,16.1,20.8,11.4,70.5,84,49,1022,1023.4,1021.1,0,0.8,SSW,12.9,1.3,52,27.6,9
3-Nov-20,16.7,20.4,12.8,77.2,87,64,1019.4,1021.1,1018.2,0,0.6,NE,9.7,1.5,67.6,25.3,4.7
4-Nov-20,17.8,21.9,14.4,70.5,83,60,1020.6,1023.6,1018.6,0,6.1,NE,30.6,0.8,35.3,13,5.2
5-Nov-20,17.3,20.3,15.4,60,74,46,1023.6,1024.7,1022.8,0,8.2,NE,32.2,0.5,10.6,12.7,9.7
6-Nov-20,16.2,16.8,15.3,68,78,62,1023.7,1024.7,1022.6,0,12.3,NE,45.1,0.7,16,13,14.5
7-Nov-20,16.6,19.2,14.7,57.1,66,38,1025.8,1026.9,1024.4,0,11.4,NE,48.3,0.2,7,9.6,36.1
8-Nov-20,16.5,19.8,14.7,62.8,72,53,1022.7,1025.6,1021.2,0,5.3,NE,41.8,0.2,5.8,7.4,38.8
9-Nov-20,16.3,20,12.3,71.2,83,61,1021.2,1022.3,1020.4,0,6.6,NE,35.4,0.4,16,12.4,16.4
10-Nov-20,17.1,20.6,13.9,68.6,75,58,1021.5,1023,1020.5,0,11.3,NE,45.1,0.3,7.7,8.8,20.6
11-Nov-20,16,19,12.1,67.3,78,54,1023.7,1025.3,1022.4,0,11.5,NE,45.1,0.3,8.4,9.2,16.3
12-Nov-20,15.1,18,12.2,71.6,82,62,1025,1025.7,1024.3,0,2.6,ENE,20.9,0.4,13.4,17.4,17.3
13-Nov-20,16,19.8,13.2,69.9,78,58,1024.4,1025.4,1023.4,0,1.6,NE,16.1,0.5,23.7,20.3,22
14-Nov-20,15.2,20.1,11.6,67.2,82,47,1024.1,1025,1022.8,0,3.4,NE,22.5,0.4,12,15,17.7
15-Nov-20,14.5,19.4,9.1,66.7,79,47,1023.5,1024.9,1022.2,0,1.6,NE,16.1,0.4,8.5,14.9,30.7
16-Nov-20,14.7,19.4,10.8,69.8,83,47,1021.9,1022.8,1020.7,0,1,NE,16.1,0.7,29.1,23.2,18
17-Nov-20,15.3,19.7,11.2,74.8,89,63,1023.5,1025.4,1022,0,3,NNE,20.9,0.7,28.4,20.2,17
18-Nov-20,14.3,17.4,10.9,70.9,82,55,1025.1,1026,1023.8,0,5.4,NE,45.1,0.5,20.5,17.9,23.4
19-Nov-20,13.6,16.2,11.7,65.2,76,54,1020,1023.8,1016.1,0,10.7,NE,51.5,0.3,8.9,11.7,35.5
20-Nov-20,12.9,15.8,10.8,62.4,78,51,1015.6,1018.4,1013.7,0.4,5.5,NNE,40.2,0.3,10.8,16.4,34.9
21-Nov-20,13.2,15.6,11.9,62.5,74,52,1022,1025.3,1018.3,0,10.4,NNE,41.8,0.2,7.5,11.7,42.7
22-Nov-20,12.8,14.4,11.2,69.4,73,65,1027.9,1029.1,1025.2,0,8.8,NE,37,0.2,6.1,8.3,39.6
23-Nov-20,12.9,17.3,9.7,66,77,51,1025.7,1028.3,1022.8,0,1.5,NE,29,0.5,18.5,20.8,23.4
24-Nov-20,12.5,16.8,7.8,67.3,84,57,1021.7,1022.9,1020.2,0,7.4,NE,45.1,0.5,25,17.9,17.8
25-Nov-20,12.4,13.4,10.2,62.9,73,56,1021.4,1022.5,1020.6,0,8.4,NE,43.5,0.4,10.7,15.5,31.7
26-Nov-20,13.1,16.8,9.7,58.5,70,41,1021.4,1022.5,1020.3,0,4,NE,43.5,0.4,11,18.3,31
27-Nov-20,12.7,18.5,8.1,63,81,46,1021.4,1022.5,1020.3,0,0.8,ENE,16.1,0.9,40.5,28,20.5
28-Nov-20,12.5,17.7,6.3,71.2,85,49,1020.2,1021.5,1018.3,0,1.2,SSW,16.1,0.9,37.1,22.5,26.4
29-Nov-20,14.7,17.6,11.1,78.4,89,67,1015.4,1018.4,1013.2,2.6,3.8,S,27.4,0.4,9.2,16.2,43.3
30-Nov-20,13.9,17.9,11.7,81.6,92,68,1014.2,1016.7,1012.6,1.6,1.8,ENE,20.9,0.7,27.3,22,13.9
1-Dec-20,11.5,13.1,10.8,75,81,69,1018.5,1019.9,1016.7,0,9.8,NE,37,0.5,11.8,13,24.8
2-Dec-20,12,13.8,10.3,72.5,81,66,1020.5,1021.4,1019.4,0.4,5.4,ENE,20.9,0.4,9.8,14.9,30
3-Dec-20,13.1,16.6,9.7,69.2,79,57,1018,1020.9,1013,0,2.8,NNE,20.9,0.5,15.8,19.1,22
4-Dec-20,14.1,16.9,12.2,83.6,92,69,1012.3,1014.5,1010.8,29,2.3,NE,27.4,0.5,19.8,20.8,22.8
5-Dec-20,14.1,18.8,10.2,84.1,93,69,1016.2,1018.1,1014.4,0.2,0.6,SSW,12.9,0.7,30.3,21.5,15.4
6-Dec-20,14.6,19.2,10.7,80.2,94,59,1015.3,1017.5,1012.7,0.2,1.7,ENE,17.7,0.6,13.7,17.9,19.7
7-Dec-20,14.4,17.2,11.8,76,90,59,1011.1,1013.6,1009.4,10.6,1.9,W,20.9,0.3,9.8,18.8,32.6
8-Dec-20,13.5,17.7,10.3,72.2,87,53,1015,1016.3,1013.2,0,1.2,SSW,17.7,0.8,33.5,21.3,21.9
9-Dec-20,15.7,18.4,10.6,79.5,92,67,1014.2,1016,1012.4,0,9,SSW,41.8,0.5,18.8,13.1,37.3
10-Dec-20,14,17.4,11,80.1,90,71,1009.2,1012.3,1006.3,13.8,5.2,SSW,41.8,0.2,9.1,13.5,40.9
11-Dec-20,12.6,15.2,9.3,82.4,90,68,1008.4,1012.3,1001.1,19.8,3.6,S,37,0.6,28.6,21.1,25.6
12-Dec-20,14.2,16.7,11.3,84.1,93,75,1001.3,1002.1,1000.5,3.2,1.7,S,38.6,0.5,20.6,17,27.7
13-Dec-20,14.1,16.6,12,84.1,92,73,999.6,1001.3,997.5,11,3.9,NE,22.5,0.3,9.5,12.7,32.3
14-Dec-20,12.2,13.3,11.3,82.5,91,74,1003.8,1011.6,997.6,26,6.3,NE,35.4,0.3,10.3,12.7,22.3
15-Dec-20,12.7,14.6,10.4,76.5,85,72,1017.6,1021.7,1011.7,0,3,NE,32.2,0.5,17.4,15.8,13.5
16-Dec-20,12.4,15.9,9.3,77.8,89,67,1023.4,1024.9,1021.7,0,3.8,NE,24.1,0.7,27.3,20.5,9.5
17-Dec-20,12.1,15.2,9,77.1,91,64,1025.2,1025.9,1024.4,0,1.2,NE,14.5,0.8,37.6,20.1,12
18-Dec-20,12.3,14.9,9.6,81.1,91,72,1026.4,1027.4,1025.5,0,2.1,NE,19.3,0.9,38.6,19.3,3.3
19-Dec-20,12.7,15.4,9.4,75.9,87,63,1026.7,1028.2,1025.7,0,3.9,NNE,22.5,0.5,11,17.8,17.4
20-Dec-20,12.5,13.4,11.8,74.4,79,70,1025.9,1026.7,1025,0,5.2,NE,22.5,0.3,7.1,12.5,26.7
21-Dec-20,12.3,14.3,11.3,71.5,76,64,1026,1026.8,1025,0,7.2,NE,32.2,0.4,12.3,15.6,23.4
22-Dec-20,11.8,13.7,9.9,74.1,81,68,1026,1026.9,1025.3,0,3.8,NNE,19.3,0.5,17.5,18.4,15.7
23-Dec-20,11.5,15.9,7.9,80.6,91,68,1024.4,1025.5,1023.1,0,0.7,NNE,9.7,1.3,68.4,21.8,4.6
24-Dec-20,13,17.2,7.6,80.7,93,66,1020.3,1023,1017.1,0,2.1,SSW,16.1,1,56.6,16.2,15.7
25-Dec-20,14.3,18.3,10.8,78.5,91,58,1016.7,1017.6,1015.8,0,2.1,SSW,20.9,0.4,14.5,12.4,31.4
26-Dec-20,15,18.7,10.4,83.6,92,68,1016,1016.9,1014.8,0.8,5.1,S,32.2,0.5,17.6,12.1,28.5
27-Dec-20,15.6,18.2,13.3,79.8,89,66,1013.3,1016.3,1011.5,4.8,10.5,S,43.5,0.2,5.2,5.8,51.5
28-Dec-20,14.6,16.8,11.2,65.6,81,51,1013.4,1014.9,1011.2,0,3.2,SW,22.5,0.3,11.9,14,39.5
29-Dec-20,16,18.3,14.2,69.8,82,53,1016,1017.3,1014.4,0,5.7,SSW,33.8,0.2,6.1,11.3,51.4
30-Dec-20,16.4,18.2,14.9,69.8,82,59,1016.3,1017.5,1015,0,6.7,SSW,33.8,0.2,5.8,9,52
31-Dec-20,15.1,17.1,12.7,72.8,83,63,1013.7,1015,1012.1,0,4.9,SSW,30.6,0.3,9,12,41.3